// Generated by convert_pokemon_animation.py; do not edit.
// https://github.com/pret/pokecrystal @ 7a7881d0d62e0ddbd82dcf10e7116807487ac651
#pragma once
#include <stdint.h>
#define POKEMON_ANIM_SPECIES_COUNT 151u
#define POKEMON_ANIM_TILE_COUNT 3572u
typedef struct { uint16_t patch_start; uint8_t patch_count; } pokemon_anim_frame_record_t;
typedef struct { uint16_t end_tick; uint8_t frame; } pokemon_anim_run_t;
typedef struct {
    uint16_t frame_start, run_start, run_count, duration_ticks;
    uint8_t size, frame_count, x, y, w, h;
} pokemon_anim_record_t;
static const uint8_t POKEMON_ANIM_TILES[] = {
    0xff,0xff,0xff,0xff,0xff,0xff,0xff,0xff,0xff,0xff,0xff,0xf0,0xff,0xcb,0xff,0x2f,0xff,0xff,0xff,0xff,0xfc,0xc3,0xc2,0x38,
    0x20,0x28,0x28,0x88,0x3a,0x8a,0xfe,0xa0,0xff,0xff,0xff,0xff,0xff,0xff,0xff,0xff,0xff,0xff,0x0f,0xff,0xa0,0xff,0xaa,0x3f,
    0xfc,0xbf,0xfc,0xbf,0xf2,0xbf,0xf2,0xaf,0xf2,0xaa,0x00,0x00,0xaa,0xaa,0xaa,0xa0,0xfb,0xaa,0xee,0xaa,0xfb,0xaa,0xee,0x02,
    0xa0,0xf8,0x0f,0xe8,0xbf,0xa8,0xaa,0xa8,0x2a,0x8f,0x8a,0x8f,0xa2,0xa3,0xa2,0xa3,0xa8,0xa8,0xa8,0xa8,0xa8,0xa8,0xa8,0xa8,
    0xaa,0xaa,0x8a,0x8a,0xbe,0xaa,0x0a,0x80,0x21,0x55,0x8a,0x55,0x00,0xba,0xff,0x80,0xaa,0xaa,0xaa,0x02,0x0c,0x08,0x54,0x08,
    0x55,0x22,0x56,0x8a,0xa8,0x2a,0x03,0x2a,0xff,0xff,0xff,0xff,0xff,0xff,0xff,0xff,0xff,0xff,0xff,0xfc,0xff,0xfc,0xff,0xf3,
    0xf0,0xe2,0x82,0x38,0x20,0x28,0x28,0x88,0x28,0x88,0xba,0x8a,0xfa,0xa2,0xfe,0xa8,0xff,0xff,0xff,0xff,0xff,0xff,0xff,0xff,
    0xff,0xff,0x3f,0xff,0x8f,0xff,0xa3,0xff,0x28,0xff,0x8a,0x3f,0x8a,0x8f,0xa2,0xa3,0xa2,0xa3,0xa8,0xa8,0xa8,0xa8,0xa8,0xa8,
    0xff,0xff,0xff,0xff,0xff,0xff,0xff,0xff,0xff,0xfc,0xff,0xf2,0xff,0xf3,0xff,0xcf,0xff,0xcf,0xff,0x3f,0xfc,0xbf,0xfc,0xaf,
    0x32,0xaa,0x00,0x00,0xaa,0xaa,0xaa,0xa0,0xfb,0xa8,0xee,0xaa,0xfb,0xaa,0xec,0x0a,0xa3,0xe2,0x0f,0xe2,0xbf,0xa8,0xaa,0xa8,
    0xff,0xef,0xff,0x3e,0xff,0x3b,0xff,0xaa,0xfc,0xc2,0xfc,0xc0,0xfc,0xaa,0xff,0x2a,0xfa,0x80,0xea,0x82,0xaa,0xaa,0xa0,0xa8,
    0xa0,0xa8,0xaa,0xaa,0x2a,0xaa,0xaa,0xaa,0xaa,0xaa,0xaa,0xaa,0x2a,0xaa,0xa8,0x0a,0x80,0x02,0x82,0xaa,0x2a,0xaa,0xaa,0xaa,
    0xa3,0x17,0xa8,0x04,0xaa,0x04,0xaa,0xaa,0xaa,0xaa,0xaa,0xa0,0x80,0x0f,0x05,0x6e,0xa2,0x25,0xa8,0x0a,0xa3,0xe0,0xa3,0xff,
    0x3c,0xff,0x03,0xff,0xff,0xff,0xff,0xff,0x56,0xa0,0xaa,0x00,0x00,0x6a,0xff,0xff,0xff,0xff,0xff,0xff,0xff,0xff,0xff,0xff,
    0xff,0xf1,0xc3,0xf1,0x30,0x31,0x22,0x88,0xaa,0x88,0x00,0xfa,0xaa,0x00,0x28,0xbf,0x51,0x45,0x51,0x15,0x51,0x15,0x54,0x55,
    0x54,0x55,0x14,0x10,0x00,0x02,0xbf,0xea,0x55,0x50,0x55,0x13,0x55,0x12,0x54,0x40,0x54,0x0e,0x00,0xfa,0xaa,0xa8,0xaa,0xaa,
    0xfc,0x3f,0x03,0x03,0x22,0x20,0xe2,0xab,0x82,0xa0,0x00,0xaa,0x02,0x8a,0x80,0xa0,0x20,0x3a,0x20,0x2a,0xc0,0x0b,0x2a,0x0b,
    0x3e,0x0b,0xfc,0x0a,0xf0,0x2a,0xf0,0x2a,0xff,0xfa,0xfe,0xee,0x3b,0xba,0x4e,0xaa,0x2a,0xa8,0xa2,0xaa,0xaa,0xa0,0xa8,0x00,
    0xaa,0x02,0xa0,0xfa,0x84,0xfe,0xa8,0x0e,0xaa,0xa0,0xaa,0xaa,0x00,0xaa,0x00,0x3e,0xa2,0x23,0xa8,0x8f,0xaa,0x3f,0xaa,0x3f,
    0xaa,0x8f,0xaa,0x8f,0xaa,0x8f,0xaa,0x0f,0xea,0x2a,0xaa,0x2a,0xa2,0x8a,0xaa,0x8a,0xa2,0xa2,0x23,0xe8,0x83,0xaa,0xa2,0x82,
    0xb0,0x00,0xf0,0x00,0x30,0x00,0x00,0x44,0x01,0x11,0xa8,0x15,0x0a,0x80,0xa0,0x2a,0x00,0x30,0x00,0x00,0x11,0x10,0x44,0x40,
    0x55,0x02,0x40,0x2a,0x2a,0xa8,0xa8,0x00,0xaa,0x0f,0x2a,0x8f,0x2a,0x8f,0xa2,0xa3,0x8a,0xa3,0x22,0xa3,0x8a,0xa8,0x2a,0x08,
    0x8a,0x80,0x0a,0xbf,0x8a,0xff,0x2a,0xfe,0x2a,0xfa,0xaa,0xaa,0xba,0x2a,0x3a,0xa0,0x00,0x00,0xfa,0xa8,0xea,0xaa,0x80,0xaa,
    0x02,0xaa,0xaa,0xaa,0xa8,0xfe,0xa3,0xfa,0x2a,0x23,0xa8,0x0f,0xa0,0x3f,0xa2,0x3f,0xaa,0x8f,0xaa,0x8f,0xaa,0x8f,0xaa,0x8f,
    0x28,0xa2,0x02,0xaa,0xaa,0xaa,0xaa,0xaa,0xa8,0xaa,0x0a,0xa8,0xa0,0xaa,0xaa,0x00,0xa3,0xaa,0xa8,0xa8,0xaa,0x02,0xaa,0xaa,
    0xaa,0xaa,0xaa,0xaa,0x80,0x0f,0x2a,0xac,0x8a,0xa3,0x2a,0xa3,0xaa,0xa3,0xaa,0xa3,0x8a,0x8f,0x08,0x23,0xa0,0xa3,0x02,0x08,
    0x02,0xaa,0x20,0x00,0x8a,0x05,0xa0,0xa8,0x82,0x0a,0x3f,0xf0,0xff,0xff,0xff,0xff,0xa0,0x01,0x15,0x55,0x55,0x57,0x00,0x00,
    0xaa,0xaa,0x00,0x00,0xff,0xff,0xff,0xff,0x55,0x4a,0x74,0x28,0x02,0x83,0xa8,0x3f,0x03,0xff,0xff,0xff,0xff,0xff,0xff,0xff,
    0xff,0xfc,0xff,0xf3,0xff,0xf1,0xff,0xf1,0xff,0xf0,0xff,0xf3,0xff,0xcf,0xff,0xce,0x02,0x0a,0xaa,0x28,0xe8,0xa2,0xf8,0xa2,
    0xfc,0x8a,0xfc,0x0a,0xbf,0xca,0xbf,0xca,0xaa,0xa2,0xa8,0xa8,0xa8,0xa8,0xa0,0xa8,0xa0,0xa8,0x80,0x28,0x8a,0x02,0x2a,0xaa,
    0xa0,0x0a,0x00,0xae,0x0a,0xf8,0xab,0xe1,0xaa,0x85,0xaa,0xa0,0x82,0xaa,0x2a,0xaa,0x00,0x28,0x82,0xaa,0x8a,0xaa,0x8a,0xaa,
    0x82,0xaa,0xa2,0xaa,0xa2,0xaa,0xa8,0xaa,0xa0,0xa0,0x08,0xa0,0xaa,0x08,0xaa,0xaa,0xaa,0xaa,0xaa,0xaa,0xaa,0xaa,0xaa,0xaa,
    0xff,0x32,0xff,0x32,0xfc,0xb4,0xf0,0xbc,0xf2,0x33,0xcf,0x2f,0xcf,0xcb,0xcf,0xc2,0xbf,0xe0,0xbf,0xea,0xff,0xea,0xff,0xea,
    0xff,0xaa,0xff,0xaa,0xff,0xaa,0xb3,0xaa,0x2a,0xaa,0xaa,0xaa,0xaa,0xaa,0xaa,0xa8,0xaa,0xaa,0xaa,0xaa,0xaa,0xaa,0xaa,0xaa,
    0xaa,0x8a,0xba,0x0a,0xe0,0xca,0x01,0xca,0x3f,0x2a,0xa0,0xaa,0xaa,0xa8,0xaa,0x02,0xa8,0x2a,0xaa,0x28,0xaa,0x2a,0xaa,0x88,
    0x2a,0x8a,0x2a,0x8a,0xaa,0x2a,0xaa,0x2a,0xa8,0xaa,0xaa,0x2a,0x2a,0x88,0xaa,0x82,0xaa,0xa2,0xa8,0xa3,0xaa,0x28,0xa8,0xa8,
    0xcf,0xe0,0xf3,0xa8,0xf2,0xaa,0xfc,0xaa,0xf3,0x03,0xf0,0x0f,0xff,0xc0,0xff,0xff,0x2a,0xa2,0x82,0xaa,0x24,0x00,0x8a,0xd5,
    0x82,0x81,0x3c,0xb8,0xff,0x03,0xff,0xfe,0xaa,0xaa,0x80,0x05,0x55,0x55,0x55,0x55,0x55,0x5c,0x00,0x0a,0xea,0xa8,0x00,0x03,
    0x03,0x02,0x55,0x4a,0x55,0x28,0x72,0xa3,0x2a,0x0f,0xa0,0xff,0x0f,0xff,0xff,0xff,0xa0,0xaa,0x82,0xaa,0x3c,0xaa,0xff,0x2a,
    0xff,0x0a,0xff,0x32,0xff,0x00,0xff,0xff,0xaa,0xa8,0xaa,0xa8,0xaa,0xa8,0xaa,0xa3,0xaa,0x83,0xaa,0x3c,0x3c,0x03,0x03,0xff,
    0xff,0xff,0xff,0xff,0xff,0xff,0xff,0xff,0xff,0xff,0xff,0xff,0xf0,0x0f,0xc5,0x50,0xff,0xff,0xff,0xff,0xff,0xff,0xff,0xff,
    0xd0,0x01,0x1f,0x55,0x5f,0x55,0x55,0x5f,0xff,0xff,0xff,0xff,0xff,0xff,0xff,0xff,0xff,0xff,0xff,0xff,0xff,0x03,0x00,0x54,
    0x15,0xf5,0x15,0x7d,0xc1,0x55,0x15,0x55,0x15,0x55,0x15,0x55,0x15,0x00,0xc0,0x55,0x55,0x55,0x55,0x55,0x55,0xf5,0xd5,0x7d,
    0x55,0x55,0x55,0x55,0x00,0x55,0x55,0x00,0x3f,0xff,0x3f,0xff,0x3f,0xff,0x4f,0xff,0x4f,0xff,0x4f,0xff,0x4f,0xff,0x3f,0xff,
    0x15,0x57,0xc5,0x57,0xc5,0x55,0xf1,0x55,0xf1,0x54,0xfc,0x51,0xc0,0x00,0x0a,0xa8,0xf5,0x57,0xfd,0x5f,0x55,0x55,0x55,0x55,
    0x55,0x54,0x55,0x50,0x55,0x00,0x14,0x28,0x5d,0x55,0x55,0x57,0x55,0x55,0x15,0x55,0x01,0x55,0xa0,0x55,0xa0,0x05,0x02,0x80,
    0x55,0x55,0xfd,0x55,0x7d,0x55,0x55,0x54,0x41,0x54,0x54,0x03,0x50,0x3f,0x4c,0x0f,0x4f,0xff,0x3f,0xff,0x3f,0xff,0xff,0xff,
    0xff,0xff,0xff,0xff,0xff,0xff,0xff,0xff,0xff,0xc8,0xfc,0x2b,0xc2,0xa2,0xca,0xaa,0xf2,0x8a,0xfc,0x0a,0xff,0xf0,0xff,0xfc,
    0xc3,0xff,0x28,0xff,0xa0,0x03,0xaa,0xa3,0x0a,0x23,0xaa,0x8f,0x8a,0xa3,0xa0,0xa3,0xe0,0x08,0xf2,0xa2,0xf2,0x8a,0xfc,0x0a,
    0xfe,0x80,0xbf,0xf8,0xbf,0xf8,0xbf,0xfa,0xaa,0xa8,0xa8,0xa8,0xa0,0xa8,0x80,0x28,0x00,0x00,0x0a,0x02,0x0a,0xaa,0xaa,0xaa,
    0xa0,0x0f,0x00,0xff,0x08,0x3f,0xaa,0x3f,0x2a,0x8f,0xab,0xcf,0x8b,0xe3,0x8a,0xe3,0xc0,0x01,0x15,0xf5,0x15,0x7d,0xc1,0x55,
    0x15,0x55,0x15,0x55,0x15,0x54,0xc5,0x01,0x55,0x00,0x55,0x55,0x55,0x55,0xd5,0xf5,0x55,0x7d,0x55,0x55,0x01,0x55,0x54,0x05,
    0xff,0xff,0x3f,0xff,0x3f,0xff,0x4f,0xff,0x4f,0xff,0x4f,0xff,0x4f,0xff,0x3f,0xff,0xc0,0x55,0x15,0x57,0xc5,0x57,0xc5,0x55,
    0xf1,0x54,0xfc,0x51,0xc0,0x00,0x0a,0xa8,0x3f,0xff,0x4f,0xff,0x3f,0xff,0xff,0xff,0xff,0xff,0xff,0xff,0xff,0xff,0xff,0xff,
    0xe0,0x08,0xf2,0xa2,0xf2,0x8a,0xfc,0x0a,0xfe,0x80,0xbf,0xe8,0xbf,0xe8,0xbf,0xea,0xa2,0xa3,0xa0,0x8f,0x00,0x3f,0xa8,0xff,
    0xaa,0x3f,0x2b,0x3f,0x2b,0xcf,0x2a,0xcf,0x2a,0x8f,0xaa,0x8f,0xaa,0x8f,0xaa,0x8f,0xaa,0x0f,0x2e,0xb3,0x3e,0x0f,0xc0,0xff,
    0xff,0x30,0xfc,0xf4,0xfc,0xfc,0xf2,0x33,0xf2,0x3f,0xfb,0x8b,0xcf,0xc2,0xcf,0xe0,0xfa,0x8a,0xe8,0x0a,0x01,0xca,0x3f,0xea,
    0xa0,0xaa,0xaa,0xa8,0xaa,0x02,0x03,0x52,0xff,0x38,0xfc,0xf8,0xfc,0xf8,0xf2,0x33,0xf2,0x3f,0xfb,0x8b,0xcf,0xc2,0xcf,0xe0,
    0xaa,0x8a,0xaa,0x8a,0xaa,0x2a,0x00,0xaa,0xaa,0xaa,0xaa,0xa8,0xaa,0x02,0x03,0x52,0xfc,0xfa,0xff,0x2a,0xff,0xca,0xff,0xf0,
    0xff,0xfc,0xff,0xfc,0xff,0xf2,0xff,0xf2,0x6a,0x7f,0xaa,0x3f,0xaa,0x8f,0xaa,0xa3,0x6a,0xa9,0xaa,0xa8,0xaa,0x6a,0xaa,0x2a,
    0xff,0xf3,0xff,0xf3,0xff,0xf7,0xff,0xfc,0xff,0xfc,0xff,0xff,0xff,0xff,0xff,0xfc,0xe2,0x0a,0xac,0xaa,0xa2,0xaa,0xa3,0xaa,
    0xa8,0xa4,0x31,0x03,0x40,0xff,0xfe,0x3f,0xa9,0xea,0xa8,0xea,0xa7,0xea,0x4f,0xaa,0x3f,0xaa,0xfd,0xfa,0xf7,0xfa,0xf3,0xea,
    0xff,0xff,0xff,0xff,0xff,0xff,0xff,0xff,0xff,0xff,0xff,0xff,0xff,0xff,0xff,0xff,0xff,0xff,0xff,0xff,0xff,0xff,0xff,0xff,
    0xff,0xff,0xfd,0x01,0xf7,0xfe,0x1f,0xea,0xff,0xff,0xff,0xff,0xff,0xff,0xff,0xff,0xff,0xff,0xff,0xff,0x1f,0xff,0xa7,0xff,
    0xff,0xf5,0xff,0xdf,0xff,0x7f,0xff,0x7e,0xff,0x2a,0xff,0x2a,0xff,0x6a,0xff,0xda,0xaa,0xaa,0xea,0xa9,0xea,0xab,0xaa,0xab,
    0xaa,0xa9,0x9a,0xaa,0xaa,0xaa,0xa9,0x02,0xa9,0xff,0x68,0xff,0x1a,0x7f,0x0a,0x3f,0x0a,0x9f,0x1a,0x8f,0xaa,0x8f,0xaa,0x9f,
    0xff,0xf4,0xff,0xff,0xff,0xff,0xff,0xff,0xff,0xff,0xff,0xff,0xff,0xfd,0xff,0xfc,0x43,0x55,0xc4,0x54,0xd5,0x54,0x15,0x52,
    0x15,0x0a,0x80,0xa4,0x2a,0x42,0x80,0x0a,0xaa,0xaa,0xaa,0xaa,0xaa,0xaa,0xaa,0xa8,0xaa,0x41,0xea,0x96,0xaa,0xaa,0xaa,0xaa,
    0xff,0xff,0xff,0xfe,0xff,0xfb,0xff,0xee,0xff,0xba,0xff,0xea,0xff,0xaa,0xfe,0xea,0xfb,0xff,0xef,0xff,0xbf,0xff,0xef,0xff,
    0xbf,0xff,0xef,0xff,0xbf,0xff,0xaf,0xff,0xff,0xaa,0xfe,0xea,0xff,0xa9,0xfe,0xe8,0xff,0xb9,0xff,0xfe,0x3f,0xff,0x9f,0xff,
    0xbb,0xff,0x6e,0xff,0x9b,0xff,0xa2,0xff,0xa9,0xff,0x29,0xff,0x2a,0x7f,0x6a,0x3f,0x90,0x31,0xa4,0xf1,0x55,0x3d,0x55,0xcc,
    0x51,0xc0,0x4c,0x15,0x0c,0x5a,0xf0,0x6a,0xfc,0x6a,0xfc,0x55,0xf3,0x95,0xf3,0x3d,0xf0,0x38,0xff,0xc3,0xff,0xff,0xff,0xff,
    0x94,0xff,0x55,0x0b,0x55,0x40,0xf4,0x3f,0xb3,0xff,0x03,0xff,0xff,0xff,0xff,0xff,0xff,0xff,0xff,0xff,0xff,0xff,0xff,0xff,
    0xff,0xff,0xff,0x0f,0xfc,0xa3,0xf7,0x93,0xff,0xff,0xff,0xff,0xff,0xf4,0xfd,0x0b,0xf2,0xff,0xf3,0xfe,0xcb,0xfa,0xcb,0xeb,
    0xde,0x93,0x3a,0x4f,0xaa,0x4f,0xa9,0x4f,0xa9,0x53,0xa9,0x53,0xba,0x53,0xe0,0x14,0xff,0xff,0xff,0xf4,0xff,0xdf,0xff,0xcf,
    0xff,0xc8,0xff,0xca,0xff,0xf1,0xff,0xf3,0x2a,0xab,0xaa,0x98,0xaa,0xa0,0xaa,0xa9,0xaa,0xaa,0xa1,0xaa,0xaa,0xa5,0x14,0x00,
    0x3f,0x14,0xff,0x14,0xcf,0x14,0x0c,0x54,0x55,0x54,0x55,0x54,0x55,0x55,0x15,0x55,0xff,0xf0,0xff,0x0a,0xfc,0x6a,0xc1,0x56,
    0x14,0xd5,0x53,0x81,0x54,0x0f,0x55,0x1d,0xff,0xfc,0xff,0xff,0xff,0xff,0xff,0xff,0xff,0xff,0xff,0xff,0xff,0xff,0xff,0xff,
    0xc3,0x30,0xff,0x70,0xff,0xc0,0xff,0xc0,0xff,0x40,0xff,0x00,0xff,0x00,0xff,0xc0,0x01,0x55,0x01,0x55,0x01,0x45,0x05,0x17,
    0x00,0x5f,0x01,0x7f,0x07,0xff,0x58,0x3f,0xfe,0xb5,0xff,0xea,0xe5,0xbf,0xff,0x94,0xff,0xff,0xff,0xff,0xff,0xfc,0xff,0xf1,
    0xaa,0x90,0xaa,0x95,0xfa,0x55,0x3f,0xf9,0xc1,0x55,0xbc,0x05,0x6f,0xfc,0x4b,0xff,0x00,0x25,0x53,0xc9,0x54,0x2a,0x5f,0x2a,
    0x50,0xea,0xb3,0xea,0x33,0xaa,0xc3,0xaa,0xff,0xff,0x3f,0xff,0x83,0xff,0xa9,0xff,0x5b,0xfd,0x5f,0x37,0x3d,0x1f,0xf4,0x5f,
    0xff,0xd5,0xff,0xd6,0xff,0xda,0xff,0xfa,0xff,0xf6,0xff,0xfd,0xff,0xff,0xff,0xff,0xff,0xfc,0xff,0xff,0xff,0xff,0xff,0xff,
    0xff,0xff,0xff,0xff,0xff,0xfd,0xff,0xfc,0xc3,0x30,0xff,0x70,0xff,0xc0,0xff,0xc0,0xff,0x40,0xff,0x00,0x3f,0x00,0xcf,0xc0,
    0x01,0x55,0x01,0x57,0x01,0x4d,0x05,0x35,0x00,0xd5,0x07,0x57,0x1d,0x5d,0xb9,0x74,0xc4,0x7f,0x53,0xff,0x5c,0xff,0x79,0x3f,
    0xea,0x4f,0xfe,0x93,0xbf,0x94,0xff,0xa5,0xff,0xff,0xff,0xff,0xff,0xff,0xff,0xfc,0xff,0xf1,0xff,0xc6,0xfc,0x19,0x01,0x56,
    0xff,0xfc,0xff,0x40,0xff,0x3d,0xff,0xcc,0xff,0xf1,0xff,0xcd,0xff,0xf0,0xff,0xff,0xf0,0x0a,0x2a,0xaa,0xaa,0xa9,0x6a,0x95,
    0x55,0x55,0x55,0x55,0x55,0x50,0x00,0x01,0xa5,0x53,0x95,0x53,0x55,0x4f,0x55,0x3f,0x50,0xff,0x0f,0xff,0x6f,0xff,0x4b,0xff,
    0xff,0xff,0x3f,0xff,0x83,0xff,0xa8,0xff,0x5a,0x3f,0x55,0x3f,0x15,0x3f,0x14,0xff,0x01,0x55,0x01,0x55,0x01,0x45,0x05,0x15,
    0x00,0x55,0x02,0x55,0x09,0x55,0xa9,0x54,0x44,0xff,0x50,0xff,0x54,0xff,0x55,0x3f,0x6a,0x4f,0xbe,0x93,0xbf,0x94,0xff,0xa5,
    0xff,0xff,0xff,0xff,0xff,0xff,0xff,0xff,0xff,0x81,0xfc,0xfe,0xf3,0xea,0xee,0xaa,0xff,0xff,0xff,0xfc,0xff,0xf3,0xfc,0x00,
    0xf2,0xe0,0x0b,0x03,0xa2,0x93,0xaa,0xab,0x0f,0xff,0xe3,0xff,0x93,0xff,0x0f,0xff,0x20,0x3f,0xca,0xc0,0xea,0xaf,0xea,0x2a,
    0xff,0xff,0xff,0xff,0xff,0xff,0xff,0xff,0xff,0xff,0x3f,0xff,0x8f,0xff,0x4f,0xff,0xe0,0x2a,0xc0,0x03,0xf3,0x03,0xfc,0xc0,
    0xff,0xc9,0xff,0xc9,0xff,0x25,0xff,0x25,0xaa,0xaa,0xca,0xaa,0x00,0x2a,0x00,0x0a,0x50,0x00,0x54,0xa8,0x52,0xa8,0x4a,0xa2,
    0xaa,0x00,0xaa,0x8f,0xaa,0x8f,0xaa,0xa3,0xaa,0xa3,0x2a,0xa3,0xaa,0xa8,0xa8,0xa8,0x2e,0x8a,0x3a,0x8a,0xfa,0x2a,0xea,0x28,
    0x28,0xa0,0x02,0x85,0xa8,0x15,0x01,0x55,0x8a,0xaa,0xaa,0xaa,0x2a,0xaa,0xaa,0xaa,0x2a,0xaa,0x4b,0xaa,0x4a,0xea,0x13,0xba,
    0xf2,0x50,0xf2,0x4f,0xf2,0x7f,0xf2,0x3f,0xf3,0x3c,0xfc,0xfc,0xff,0xfc,0xff,0xf3,0xfc,0x04,0xff,0xf1,0xff,0xfc,0x03,0xfc,
    0xf8,0xff,0xf0,0x3f,0x0f,0x3c,0xcf,0x0c,0xaa,0xaa,0xaa,0xaa,0xaa,0xaa,0xaa,0xaa,0xaa,0xaa,0xaa,0xaa,0xc0,0x2a,0x32,0x8a,
    0xff,0xf3,0xff,0xfc,0xff,0xff,0xff,0xff,0xff,0xff,0xff,0xff,0xff,0xff,0xff,0xff,0xa8,0xfe,0x83,0xfc,0x33,0xfc,0xf3,0xff,
    0xdf,0xff,0xcf,0xff,0x0f,0xff,0x8f,0xff,0x2a,0x86,0x2a,0xa0,0xea,0xaa,0x2a,0xaa,0xc2,0xaa,0xfc,0x2a,0xff,0xc0,0xff,0xff,
    0xff,0xff,0xff,0xff,0xff,0xff,0xfc,0x00,0xf2,0xe0,0x0b,0x03,0xa2,0x93,0xaa,0xab,0xff,0xff,0xff,0xff,0xff,0xff,0x0f,0xff,
    0x20,0x3f,0xca,0xc0,0xea,0xaf,0xea,0x2a,0xff,0xff,0xff,0xff,0xff,0xff,0xff,0xff,0xff,0xd4,0x3f,0x3f,0x8f,0x3e,0x4f,0xc0,
    0xff,0xff,0xff,0xff,0xff,0xff,0xff,0xff,0x3f,0xff,0xc0,0xff,0xab,0x0f,0xaa,0xe0,0xe0,0x2a,0xc0,0x03,0xf3,0x03,0xfc,0xfc,
    0xff,0xfc,0xff,0xf2,0xff,0xf2,0xff,0xd9,0x0a,0xbb,0x00,0xaa,0xc0,0x0a,0xc0,0x02,0xe0,0x00,0xf0,0x00,0xb2,0x00,0xa2,0x01,
    0x0f,0xff,0xe3,0xff,0xb8,0x3f,0xaa,0xcf,0xaa,0xa3,0x0a,0xa8,0x42,0xaa,0x10,0xaa,0xff,0xff,0xff,0xff,0xff,0xff,0xff,0xff,
    0xff,0xff,0xff,0xff,0x3f,0xff,0x8f,0xff,0xff,0xc9,0xff,0xc0,0xff,0x4c,0xff,0x20,0xff,0x20,0xff,0x10,0xfd,0x94,0xfc,0x95,
    0x3f,0xff,0x9f,0xff,0xa3,0xf0,0xa8,0x1a,0xaa,0xaa,0xaa,0xaa,0xaa,0x88,0xaa,0xa0,0x8a,0x00,0x28,0x01,0xa8,0x00,0xa0,0x11,
    0x80,0x44,0x01,0x11,0x04,0x45,0x01,0x10,0x44,0x2a,0x11,0x0a,0x44,0x42,0x11,0x10,0x55,0x44,0x55,0x55,0x15,0x55,0x05,0x40,
    0xa3,0xff,0xa3,0xff,0xa8,0xff,0xa8,0xff,0xaa,0x3f,0x2a,0x3f,0x0a,0x8f,0x02,0x8f,0xfc,0x95,0xfc,0x95,0xfc,0x55,0xfc,0x55,
    0xff,0x14,0xff,0x14,0xff,0x14,0xff,0xd3,0x55,0x54,0x55,0x51,0x54,0x44,0x03,0x00,0xf8,0xff,0xf0,0x3f,0x0f,0x3c,0xcf,0x0c,
    0x00,0x42,0x04,0x2a,0x80,0xea,0xa0,0xea,0xaa,0x3a,0xa2,0x8e,0xa8,0xa3,0xa8,0xa3,0x42,0xa3,0xd0,0xa3,0xf4,0xa3,0xfd,0x28,
    0xff,0x28,0x3f,0x48,0x8f,0xc8,0xeb,0xd3,0xff,0xff,0xff,0xfc,0xff,0xf3,0xfd,0x00,0xc2,0xfe,0x2b,0xea,0x29,0x0a,0x0a,0x90,
    0x0f,0xff,0xe3,0xc0,0x80,0x3e,0x0f,0xaa,0xaa,0xa0,0xaa,0x0f,0xa8,0xff,0x68,0xff,0xaa,0xaa,0xaa,0xaa,0xaa,0xaa,0xaa,0xaa,
    0x00,0xaa,0x40,0x0a,0x42,0xa0,0x4a,0x82,0xaa,0x3f,0xaa,0x3f,0xaa,0x8f,0xaa,0x8f,0xaa,0x8f,0xa2,0xa3,0xa2,0xa3,0xa2,0xa8,
    0xff,0xff,0xff,0xff,0xff,0xc0,0xfc,0x15,0xf1,0xf5,0xcf,0xfd,0x1f,0xf5,0x3f,0x55,0xff,0xff,0xff,0xff,0x0f,0xff,0x50,0xff,
    0x55,0x3f,0x55,0x4f,0x15,0x53,0x45,0x53,0xff,0xfc,0xff,0xfc,0xff,0xfc,0xff,0xfc,0xff,0xfc,0xff,0xfc,0xff,0xc0,0xff,0x35,
    0x7d,0x55,0x75,0x54,0x55,0x50,0x55,0x58,0x55,0x5a,0x55,0x54,0x15,0x55,0x15,0x40,0x55,0x54,0x15,0x55,0xd5,0x54,0xd5,0x51,
    0x15,0x53,0x15,0x10,0x55,0x54,0x54,0x12,0xfc,0x57,0xfc,0x75,0xff,0x15,0xff,0x15,0xff,0xc5,0xff,0xf1,0xff,0xfc,0xff,0xff,
    0x05,0x35,0x40,0x55,0x53,0x55,0x54,0x75,0x54,0x15,0x52,0x81,0x50,0xa8,0x0e,0x02,0x02,0x02,0x54,0x32,0x55,0x32,0x55,0x78,
    0x55,0x5c,0x55,0x4c,0x15,0x0c,0x80,0x8c,0xa3,0xff,0xa0,0xff,0x08,0xff,0xaa,0x3f,0xaa,0x3f,0xaa,0x3f,0xaa,0x8f,0x28,0x0f,
    0x02,0x8f,0xca,0x80,0xca,0x07,0xf2,0x35,0x3c,0x34,0xcc,0xd1,0xd3,0x11,0x53,0x11,0xff,0xff,0x1f,0xff,0x53,0xff,0x55,0xff,
    0x14,0xff,0x44,0xff,0x44,0xff,0x44,0xff,0x54,0x51,0x54,0x54,0x54,0x55,0x51,0x00,0x50,0xff,0x43,0xff,0x3f,0xff,0xff,0xff,
    0x55,0xff,0x53,0xff,0x0f,0xff,0x7f,0xff,0xff,0xff,0xff,0xff,0xff,0xff,0xff,0xff,0xff,0xc5,0xff,0xc5,0xff,0xd0,0xff,0xf5,
    0xff,0xd5,0xff,0xc7,0xff,0xc7,0xff,0xf0,0x55,0x55,0x55,0x55,0x55,0x54,0x15,0x52,0x51,0x55,0xd5,0x55,0x00,0x55,0x02,0x80,
    0x55,0x4f,0x55,0x4f,0x05,0x4f,0x95,0x4f,0x55,0x4f,0x55,0x4f,0x45,0x30,0x15,0x32,0x4a,0xaa,0x1a,0xa8,0x42,0xa1,0x54,0x00,
    0x54,0xaa,0x52,0xaa,0x50,0xa8,0x0e,0x02,0xcf,0xff,0x3f,0xff,0x3f,0xf4,0x3f,0xcf,0xff,0x7f,0xff,0x3f,0xfd,0xff,0x3c,0xff,
    0xff,0xff,0x43,0xff,0xfd,0x3f,0xff,0xcf,0xff,0xf3,0xff,0xf3,0xf5,0xfc,0xdf,0x7c,0x55,0xdd,0x55,0x57,0x55,0x54,0x55,0x54,
    0x55,0x52,0x05,0x52,0xf0,0x4b,0xfd,0x2b,0xc0,0x55,0x20,0x00,0xa4,0x00,0xba,0x46,0xee,0x8a,0xfb,0x8a,0xfe,0x6a,0xff,0x2a,
    0x50,0x15,0x01,0x55,0x68,0x55,0xaa,0x15,0xaa,0x15,0xaa,0x85,0xaa,0x85,0xaa,0xa1,0x40,0x3f,0x5d,0xc3,0x57,0x4c,0x55,0x53,
    0x55,0x50,0x55,0x4c,0x54,0x03,0x43,0xdf,0x7f,0xfc,0x7f,0xfc,0x3f,0xf3,0x0f,0xcf,0x30,0x1f,0xff,0xf7,0xff,0xfd,0xff,0xfc,
    0xfc,0xaf,0xfc,0x81,0xfc,0x2f,0xfc,0xab,0xfc,0xae,0xf1,0x2b,0xcd,0x2a,0x37,0x4a,0x50,0x02,0xff,0x28,0xfe,0x2a,0xf9,0xaa,
    0xec,0xaa,0xb8,0xaa,0x82,0x0a,0x2a,0xa0,0xaa,0xa8,0x02,0xa8,0xa8,0x08,0xaa,0xa0,0xaa,0xa1,0xaa,0x85,0xaa,0x15,0xaa,0x5d,
    0x3f,0x7f,0xff,0x3f,0xfd,0xff,0xfc,0xff,0x33,0xfb,0x1e,0xee,0x4b,0xbb,0x4e,0xec,0xf0,0x3d,0xcf,0xc7,0x3f,0xf3,0x3f,0xfd,
    0xcf,0x3c,0xd0,0xfc,0x3f,0xfc,0xef,0xf3,0x1d,0xd0,0x75,0x54,0x55,0x55,0x55,0x55,0x55,0x55,0x41,0x54,0x35,0x43,0xc0,0x3f,
    0xaa,0xaa,0xaa,0xaa,0x2a,0xaa,0x40,0xaa,0x1d,0x00,0xff,0xd1,0xff,0xff,0xff,0xff,0x28,0x77,0x81,0x5d,0xa1,0x55,0x85,0x54,
    0x15,0x40,0x45,0x54,0xf0,0x00,0xff,0xff,0x4b,0x93,0x4e,0xee,0x4b,0xbb,0x2a,0xee,0xab,0x00,0x00,0xff,0xff,0xff,0xff,0xff,
    0xbf,0xf3,0xee,0xcf,0xb8,0x3f,0x03,0xff,0xff,0xff,0xff,0xff,0xff,0xff,0xff,0xff,0x55,0x43,0x55,0x54,0x55,0x54,0x51,0x55,
    0xd4,0x00,0x00,0xa8,0xc2,0xaa,0x02,0xaa,0x3d,0x4f,0xbd,0x50,0x11,0x55,0x56,0x95,0x05,0x54,0xf1,0x54,0x30,0x53,0x81,0x40,
    0xc4,0xa8,0x41,0x01,0x4c,0x55,0x0b,0x80,0x2e,0xe8,0x3b,0xaa,0xbe,0xea,0xfb,0xaa,0x14,0x15,0x52,0x15,0x0a,0x15,0xaa,0x05,
    0xaa,0x85,0x6a,0x81,0x2a,0xa1,0x2a,0xa8,0xff,0xcf,0xff,0x7f,0xff,0x3c,0xff,0x3c,0xff,0xc1,0xff,0xf1,0xff,0xf1,0xff,0xc1,
    0x75,0x33,0xdd,0x4d,0x55,0x4d,0x55,0x3d,0x55,0x37,0x55,0x37,0x55,0x37,0x01,0x4f,0xff,0xc1,0xff,0xc4,0xff,0x1d,0xff,0x3f,
    0xff,0xc3,0x07,0xfc,0x15,0x00,0x17,0x77,0x55,0x50,0x55,0x41,0x55,0x55,0x51,0x55,0xd5,0x40,0x00,0x28,0xc2,0xaa,0x05,0x00,
    0x15,0x4f,0x55,0x50,0x55,0x55,0x56,0x95,0x05,0x54,0xf0,0x54,0x31,0x53,0x05,0x40,0x3c,0x15,0xcf,0xf0,0xf3,0xcf,0xfc,0x4f,
    0xff,0x3d,0xff,0x35,0xfc,0xf5,0xf0,0xdd,0x5d,0xd0,0x57,0x74,0x15,0xd0,0x41,0x47,0x54,0x3f,0x55,0x40,0x55,0x55,0x55,0x55,
    0x0a,0x8f,0x00,0x00,0x03,0xff,0xfd,0x0b,0xff,0xf0,0xff,0xff,0x0f,0xff,0x50,0x00,0xff,0xff,0x17,0xff,0xf0,0x1f,0x05,0xf0,
    0x7e,0xee,0x3b,0xba,0xce,0xe8,0xf6,0xa8,0xff,0xff,0xff,0xff,0xff,0xff,0xff,0xff,0xff,0xfc,0xff,0xf0,0xff,0xc3,0xff,0x13,
    0xcf,0x75,0xcd,0xdd,0x33,0x75,0x31,0xd5,0x30,0x55,0xf0,0x55,0xff,0x55,0xf5,0x55,0x55,0x55,0x55,0x55,0x55,0x55,0x55,0xf5,
    0x5f,0xd5,0x5f,0x94,0x49,0x40,0x50,0x33,0x5f,0xf5,0x5f,0xd1,0x55,0x41,0x55,0x01,0x45,0x41,0x15,0x55,0xc5,0x55,0xc5,0x55,
    0xfc,0xf3,0xf3,0xd4,0xdf,0x74,0xcd,0xd5,0x3f,0x75,0x31,0x55,0x51,0x55,0x14,0x55,0xc5,0x55,0xc5,0x55,0x55,0x45,0x15,0x55,
    0x40,0x55,0x50,0x00,0x56,0x88,0x53,0x20,0x55,0x03,0x55,0x55,0x55,0x55,0x55,0x55,0x55,0x55,0x01,0x55,0x00,0x70,0x00,0x00,
    0x95,0x54,0x55,0x54,0x55,0x54,0x51,0x54,0x51,0x50,0x4a,0x40,0x2a,0x40,0x2a,0x01,0x0b,0x84,0x0e,0xc0,0x0b,0x90,0x1e,0xe0,
    0x3b,0xbc,0x6f,0xff,0xff,0xff,0xff,0xff,0x11,0xff,0x44,0x5f,0x11,0x05,0x00,0x00,0x00,0x00,0x40,0x00,0xf4,0x00,0xff,0x41,
    0x40,0xc0,0x3f,0x3c,0xff,0x03,0xff,0x10,0xfc,0x54,0xf1,0x54,0xf3,0xd5,0xcf,0xd5,0x00,0x00,0x00,0x0a,0xea,0xa9,0x00,0x01,
    0x7a,0xaa,0xdf,0xbb,0x35,0xfe,0x2f,0x57,0xa4,0x03,0x80,0x03,0x00,0x07,0xaa,0x4b,0xaa,0x8b,0xaa,0x88,0xaa,0xa0,0xaa,0x50,
    0xfe,0x40,0xf0,0xff,0xc5,0x00,0x10,0xf7,0x07,0xdd,0x55,0x04,0x41,0xfd,0x14,0x01,0x7f,0xca,0x43,0xf2,0xd4,0xf2,0x05,0x3d,
    0xd0,0x3c,0x54,0x1f,0x05,0x1f,0x51,0x01,0x55,0xe0,0xfa,0x81,0xec,0x1f,0xb3,0xe7,0x4f,0xa1,0x00,0x21,0x40,0xc5,0x0f,0xf0,
    0x7d,0x54,0xf5,0x55,0x55,0x5c,0x55,0x2f,0x55,0x2b,0x55,0x42,0x15,0x50,0x55,0x55,0x14,0x05,0x05,0x05,0x51,0x05,0x14,0x05,
    0x14,0x05,0x15,0x15,0x54,0x15,0x4f,0x14,0x15,0x55,0xc5,0x55,0xf0,0x00,0xf0,0x00,0xf7,0xa8,0xfc,0x00,0xff,0xff,0xff,0xff,
    0x2b,0x81,0x0a,0x85,0x00,0x85,0x0f,0x04,0x3f,0xa0,0xff,0xa8,0x7f,0xa0,0xc0,0x0f,0xff,0xff,0xff,0xff,0xff,0xfd,0xff,0xfc,
    0xff,0xf7,0xff,0xf3,0xff,0xf3,0xff,0xf7,0xd4,0x3f,0x3f,0xc3,0xd0,0xfc,0x40,0x3f,0x00,0x3f,0x00,0x7f,0x00,0xff,0xc1,0xf7,
    0xff,0xff,0xff,0xd0,0xff,0x3e,0x3c,0xfa,0xc3,0x0a,0xf0,0x00,0xfc,0x00,0xff,0x00,0xff,0xfd,0xff,0xff,0xff,0xff,0xff,0xff,
    0xff,0xff,0xff,0xff,0xff,0xff,0xff,0xff,0xff,0xd5,0x1f,0x70,0xd3,0xcf,0xfc,0x4f,0xff,0x3d,0xff,0x35,0xfc,0xf5,0xf0,0xdd,
    0x7f,0xc0,0x5f,0x50,0x15,0xd0,0x41,0x47,0x54,0x3f,0x55,0x40,0x55,0x55,0x55,0x55,0xff,0xff,0xff,0xf4,0xfd,0x0e,0xf3,0xaa,
    0x0f,0xa4,0xff,0x47,0xfd,0x3c,0xf0,0xf0,0xff,0xff,0x0f,0xff,0xa0,0xff,0xaa,0x3f,0x06,0x8f,0xfc,0x63,0x07,0x43,0x04,0xd0,
    0xcf,0x75,0xcd,0xd5,0x33,0x75,0x31,0xd5,0x30,0x55,0xfc,0x55,0xfd,0x55,0xf5,0x55,0x55,0x55,0x55,0x55,0x55,0x55,0x55,0x75,
    0x57,0xd5,0x5f,0x95,0x49,0x40,0x50,0x33,0x00,0xd0,0x93,0xc0,0x87,0xc0,0x4f,0xc0,0x0f,0xd0,0x0f,0xf0,0x07,0xfd,0x07,0xff,
    0x01,0x30,0x04,0x30,0x01,0x30,0x00,0x13,0x00,0x53,0x00,0x47,0x01,0x4f,0xfd,0x3f,0xfc,0xf3,0xf3,0xd4,0xdf,0x74,0xcd,0xd5,
    0x3f,0x75,0x31,0x55,0x11,0x55,0x14,0x55,0xc5,0x55,0xc5,0x55,0x51,0x45,0x15,0x55,0x40,0x55,0x50,0x00,0x54,0xc8,0x54,0xe2,
    0x55,0x55,0x55,0x55,0x55,0x55,0x55,0x55,0x55,0x55,0x01,0x55,0x80,0x70,0x00,0x10,0x55,0x54,0x55,0x54,0x55,0x54,0x51,0x54,
    0x51,0x50,0x4a,0x40,0x0a,0x40,0x0a,0x01,0xc7,0x01,0xf3,0xd4,0xfc,0x00,0xff,0xff,0xff,0xff,0xff,0xff,0xff,0xff,0xff,0xff,
    0x43,0x38,0x3f,0x32,0xff,0x0c,0xff,0x13,0xfc,0x54,0xf1,0x54,0xf3,0xd5,0xcf,0xd5,0x00,0x00,0x00,0x00,0x00,0x00,0xc0,0x06,
    0x3f,0xf8,0x40,0x01,0x35,0xea,0x2f,0x57,0x18,0x03,0x24,0x03,0x60,0x07,0x80,0x4b,0x1a,0x8b,0xaa,0x88,0xaa,0xa0,0xaa,0x50,
    0x5d,0xd0,0x57,0x70,0x15,0xd0,0x41,0x47,0x54,0x3f,0x55,0x40,0x55,0x55,0x55,0x55,0x3b,0x07,0x4e,0x80,0x43,0x84,0x42,0x03,
    0x40,0x13,0x40,0x0f,0x10,0xff,0x43,0xff,0xff,0xff,0xff,0xff,0xff,0xff,0xff,0xff,0xc3,0xfc,0x3c,0xc2,0x35,0x28,0xc1,0x43,
    0xff,0xff,0xff,0xff,0xff,0xff,0xff,0xff,0x00,0xff,0x32,0x03,0xf4,0xa8,0x50,0xaa,0xff,0xff,0xff,0xff,0xff,0xff,0xff,0xff,
    0xff,0xff,0xff,0xff,0x3f,0xff,0x0f,0xff,0xfc,0x55,0xfe,0x14,0xf2,0x12,0xf2,0x52,0xca,0x00,0xc3,0xea,0xcc,0x02,0xf3,0xa8,
    0x0a,0x80,0xaa,0x3f,0xa8,0xe0,0xa8,0xc0,0xa8,0xc0,0x2a,0x3f,0x8a,0x80,0xa2,0xaa,0x8f,0xff,0x23,0xff,0xe3,0xff,0xc8,0xff,
    0xc8,0xff,0x28,0xff,0xa0,0xff,0x88,0xff,0xf2,0xa8,0xfc,0x02,0xff,0x80,0xff,0xf0,0xff,0xc0,0xff,0x2c,0xff,0x28,0xff,0xc2,
    0xa2,0xa8,0x8a,0x83,0x00,0x2b,0x28,0x0a,0x2a,0x00,0xfc,0xe2,0xfc,0xa2,0xfe,0x8a,0xff,0xff,0xff,0xff,0xff,0xff,0xff,0xfc,
    0xff,0xfc,0xff,0xff,0xff,0xff,0xff,0xff,0xff,0xff,0xff,0xff,0x0f,0xff,0xd3,0xff,0x53,0xfc,0x14,0xc2,0xc5,0x28,0xf1,0x41,
    0xff,0xff,0xff,0xff,0xff,0xff,0xc0,0xff,0x3d,0x3f,0x35,0x03,0xd5,0x28,0x50,0xaa,0x2a,0x80,0xaa,0x3f,0xa8,0xe0,0xa8,0xc0,
    0xa8,0xc0,0x2a,0x3f,0x8a,0x80,0xa2,0xaa,0x4a,0xaa,0x2a,0xaa,0xaa,0xaa,0xaa,0xa8,0x8a,0xa8,0xa2,0xa2,0xa8,0x0a,0x2a,0xa8,
    0xce,0xa5,0x7e,0xa5,0x3a,0xa4,0xfa,0xa1,0xfa,0x81,0x3a,0x0c,0x88,0xa3,0xa6,0xa8,0x3f,0xff,0x4f,0xff,0x0f,0xff,0xa3,0xff,
    0xa8,0xff,0x14,0x3f,0xc1,0x43,0x05,0x68,0xff,0xc8,0xff,0xc8,0xff,0x25,0xff,0x25,0xff,0xc5,0xff,0xf1,0xff,0xfc,0xff,0xff,
    0x9c,0xa9,0x4e,0x2a,0x3e,0x8a,0x3e,0xa2,0x1e,0xa2,0x4a,0x8a,0x4a,0x8a,0x22,0x2a,0x55,0x5a,0x55,0x56,0x55,0x55,0x55,0x55,
    0x95,0x54,0x95,0x53,0x95,0x43,0x95,0x53,0xff,0xff,0xff,0xff,0xff,0xff,0xff,0xff,0xff,0xff,0xff,0xff,0xff,0xff,0xff,0xfc,
    0xff,0xff,0xff,0xff,0xff,0xff,0xff,0xff,0xff,0xff,0xff,0xff,0x03,0xfc,0xb8,0x02,0x22,0x2a,0x28,0xaa,0xc8,0xaa,0xca,0x2a,
    0x2a,0x2a,0x19,0xa9,0x98,0xa9,0xf2,0xa5,0x95,0x53,0x95,0x53,0x95,0x53,0x55,0x5f,0x55,0x4f,0x55,0x5f,0x55,0x3f,0x55,0x7f,
    0xce,0xa5,0x7e,0xa5,0x3a,0xa4,0xfa,0xa1,0xfa,0x85,0x3a,0x05,0x88,0xa1,0xa6,0xa8,0x3f,0xff,0x4f,0xff,0x0f,0xff,0xa3,0xff,
    0xa8,0xff,0x54,0x3f,0x51,0x43,0x05,0x68,0xff,0xc8,0xff,0xc8,0xff,0x25,0xff,0x25,0xff,0xc5,0xff,0xf1,0xff,0xfc,0xff,0xfc,
    0x9c,0xa9,0x4e,0x2a,0x3e,0x8a,0x3e,0xa2,0x1e,0xa2,0x8a,0x8a,0x8a,0x8a,0xa2,0x2a,0x55,0x5a,0x55,0x56,0x55,0x55,0x55,0x55,
    0x95,0x55,0x95,0x54,0x95,0x53,0x95,0x53,0xff,0xff,0xff,0xff,0xff,0xff,0xff,0xff,0xff,0xfc,0xff,0xfc,0xff,0xc2,0x00,0x17,
    0x22,0x2a,0x22,0x2a,0x28,0xaa,0x29,0xaa,0xa9,0xaa,0x69,0xa9,0x98,0xa5,0xe1,0x55,0xff,0xfc,0xff,0xfc,0xff,0xff,0xff,0xff,
    0xff,0xff,0xff,0xff,0xff,0xff,0xff,0xff,0x7e,0x69,0x6f,0x7d,0x1a,0x2a,0xc5,0x15,0xf4,0x45,0xff,0x40,0xff,0xff,0xff,0xff,
    0xff,0xff,0xff,0xff,0xff,0xff,0xff,0xff,0x03,0xfe,0x00,0x3c,0x0f,0xc0,0xff,0xf0,0xff,0xff,0xff,0xff,0xff,0xff,0x82,0xff,
    0x00,0xbf,0x0c,0x3f,0x3b,0x2f,0xee,0x0f,0xff,0xff,0xff,0xff,0xff,0xff,0xff,0xff,0xff,0x80,0xf8,0x00,0xc2,0xf8,0x2f,0xff,
    0xff,0xff,0xff,0xff,0xff,0xff,0xff,0xff,0x2f,0xff,0x02,0xff,0x00,0xbf,0xe0,0x2f,0xff,0xe2,0xff,0xce,0xff,0xcb,0xff,0xce,
    0xff,0x8b,0xff,0x2e,0x03,0x3b,0xfc,0x2e,0x3b,0x8f,0xce,0xcb,0xb3,0x83,0xe2,0xe3,0xb8,0xb3,0xec,0xe2,0xbb,0x38,0xee,0x2c,
    0xff,0xfc,0xff,0xf2,0xff,0xf3,0xff,0xcf,0xff,0x2b,0xff,0x2e,0xfc,0xbb,0xfc,0xec,0xbf,0xfe,0xff,0xf0,0xff,0xcb,0xfe,0x3f,
    0xb8,0xb8,0xe0,0x02,0x0b,0xb0,0xee,0xec,0x02,0x0b,0xff,0x82,0xf8,0x00,0x83,0xe0,0x3f,0xf0,0xff,0xf8,0x2f,0xf8,0x0b,0xe0,
    0xff,0xff,0xff,0xff,0xff,0xff,0xff,0xff,0xbf,0xff,0x3f,0xff,0x3f,0xff,0x2f,0xff,0xff,0x3b,0xfe,0x0e,0xfc,0xb0,0xfc,0xc0,
    0xf2,0x14,0xf0,0xf4,0xf0,0xf4,0xf1,0x50,0xbb,0xbb,0xee,0xee,0xbb,0xb0,0xee,0xc2,0xb8,0x3b,0xc2,0xee,0x00,0x03,0xae,0xec,
    0x00,0x00,0x02,0xf0,0x2f,0xf8,0xff,0xf8,0xbf,0xf8,0xff,0xf0,0xbf,0xf0,0x0b,0xe0,0x0f,0xff,0x0f,0xff,0x0f,0xff,0x0f,0xff,
    0x0f,0xff,0x2f,0xff,0x3f,0xff,0xbf,0xff,0xf1,0x50,0xf1,0x43,0xf8,0x4f,0xf2,0x0a,0xf2,0x0c,0xf8,0x8c,0xfc,0xa0,0xfc,0x00,
    0xbb,0xbb,0x02,0xee,0xb8,0x03,0xae,0xec,0xbb,0xbb,0xae,0xee,0x3b,0xbb,0x80,0xee,0xe0,0x00,0xff,0x00,0xff,0x80,0x0f,0x02,
    0xe0,0x03,0xfe,0x0b,0xfc,0x0f,0xf8,0x2f,0xae,0x0b,0xbb,0xb0,0xee,0xee,0xbb,0xbb,0xee,0xee,0xbb,0xbb,0x0e,0xec,0xb0,0xb0,
    0xf0,0x3f,0xe0,0xbf,0x02,0xff,0x83,0xff,0x0b,0xff,0x2f,0xff,0x3f,0xff,0xff,0xff,0x2a,0x80,0xca,0x00,0xf0,0x8b,0xff,0xf2,
    0xff,0xf3,0xff,0xf8,0xff,0xfc,0xff,0xfc,0x0a,0xa8,0x02,0xa8,0x82,0xa8,0xe0,0xa2,0xb2,0x0a,0xec,0x82,0xb8,0x8c,0xec,0x8e,
    0x2a,0x8e,0x2a,0xb3,0x8a,0xec,0xa3,0xbb,0xa2,0xee,0xa8,0xb8,0xec,0xe0,0x33,0x0b,0xee,0x02,0xbb,0x8b,0xee,0xe2,0x3b,0xb0,
    0x0e,0xe8,0xb0,0xb0,0xee,0x00,0x3b,0x82,0x38,0x8f,0x22,0x3f,0x02,0x3f,0xc8,0xff,0xf3,0xff,0xff,0xff,0xff,0xff,0xff,0xff,
    0x0e,0xce,0xc3,0xb3,0xf0,0xec,0xfe,0x00,0xff,0xe0,0xff,0xff,0xff,0xff,0xff,0xff,0xce,0x03,0xb0,0x0b,0x00,0x2f,0x02,0xbf,
    0x2b,0xff,0xff,0xff,0xff,0xff,0xff,0xff,0x31,0x50,0x21,0x43,0x38,0x4f,0x2e,0x0a,0x3b,0x31,0xce,0xcc,0xcb,0xb0,0xcc,0x00,
    0x00,0x55,0xe8,0x55,0xaa,0x05,0xaa,0x00,0x93,0x00,0x0c,0x00,0x00,0x00,0x00,0x0a,0xdf,0xfc,0xcf,0xfd,0x6f,0xea,0x6b,0xb9,
    0x2e,0xe2,0x2a,0x8b,0x2a,0x5b,0xca,0x16,0x0a,0xa8,0x1a,0xaa,0xaa,0xaa,0x1a,0xaa,0xa4,0xab,0xf9,0x28,0xf9,0x59,0xa5,0x4a,
    0xca,0x95,0xf2,0x85,0xf1,0xa4,0xfc,0x6a,0xfc,0x9a,0xf2,0xa0,0xf0,0xaa,0xcd,0x2a,0x55,0x6a,0x55,0x2a,0x54,0xaa,0x06,0xaa,
    0xaa,0xaa,0xaa,0xa9,0x05,0x50,0xa0,0x0f,0xff,0xff,0xff,0xff,0xff,0xff,0x40,0x7d,0xea,0x93,0xfa,0x8f,0xea,0xaf,0xba,0xa3,
    0xaa,0xa8,0x0a,0xaa,0xaa,0xaa,0x1a,0xaa,0xa0,0xab,0xf9,0x28,0xf9,0x69,0xa5,0x4a,0x63,0xff,0x48,0xff,0xa8,0xff,0xaa,0x3f,
    0xaa,0x3f,0xaa,0x3f,0x0a,0x3f,0xaa,0x3f,0xaa,0x3f,0xa9,0x3f,0xa8,0xff,0xa4,0xff,0x93,0xff,0x0f,0xff,0xff,0xff,0xff,0xff,
    0xff,0xff,0xff,0xff,0xff,0xff,0xff,0xff,0xff,0xff,0xff,0xff,0xff,0xff,0xf0,0xff,0xff,0xff,0xff,0xff,0xff,0xfc,0xff,0xf3,
    0x7f,0xd6,0x3f,0x7c,0x3d,0x0a,0x80,0xf2,0xcc,0xff,0x3c,0xff,0xfc,0xff,0xfc,0xff,0xb3,0xff,0xb3,0xff,0x0f,0xff,0x4f,0xff,
    0xff,0xff,0xc0,0x3f,0x3f,0xcf,0xff,0x3f,0xfc,0xff,0xb3,0xff,0x0f,0xff,0x4f,0xff,0xff,0xff,0xff,0xff,0xff,0xfd,0xff,0xd3,
    0xff,0x7f,0xfc,0xff,0xf6,0xff,0xf2,0xff,0xff,0xff,0xff,0xff,0x00,0x0f,0xea,0x90,0xfa,0xa9,0xfa,0xaa,0xfa,0xaa,0xea,0xaa,
    0xff,0xff,0xff,0xff,0xff,0xff,0xff,0xff,0x0f,0xff,0x93,0xff,0x94,0xff,0x54,0xff,0xda,0xbe,0xca,0xaa,0x4a,0xaa,0x06,0xaa,
    0x32,0xaa,0x33,0xaa,0xc3,0xaa,0xcf,0xea,0xaa,0xa9,0xaa,0x95,0xaa,0x01,0xa8,0x00,0xa0,0x00,0xa3,0x00,0x8f,0x05,0x81,0xa9,
    0x55,0x3f,0x55,0x3f,0x55,0x3f,0x55,0x3f,0x55,0x3f,0x54,0x3f,0x51,0x4f,0x05,0x4f,0xf0,0xea,0xf1,0x6a,0xf2,0x15,0xfc,0xbe,
    0xff,0x1e,0xff,0x20,0xff,0xc3,0xff,0xf3,0xaa,0x90,0xa0,0x0a,0x40,0xfa,0x14,0x7e,0x15,0x10,0x65,0x49,0x69,0x4a,0x6a,0x2a,
    0x65,0x53,0x99,0x53,0xaa,0x4f,0xa0,0x3f,0x05,0x4f,0x99,0x0f,0x60,0x4f,0x91,0x4f,0xff,0xfc,0xff,0xf3,0xff,0xd7,0xf4,0x3d,
    0x7f,0xfc,0xfd,0x3c,0x7f,0xf0,0xff,0xf3,0x00,0xff,0xd3,0x3f,0x03,0xcf,0x00,0xcf,0x3c,0xff,0xfc,0xf3,0xff,0x33,0xff,0x3f,
    0xff,0xff,0xff,0xff,0xff,0xff,0xff,0xff,0xff,0xff,0xff,0xd3,0xff,0x03,0xfd,0x30,0xff,0xff,0xff,0xff,0xff,0xfc,0xff,0xf7,
    0xff,0xcf,0xff,0x7f,0xff,0x7f,0xfd,0xff,0x5f,0xff,0xc1,0xff,0xff,0x3f,0xff,0xdf,0xff,0xc7,0x3d,0xce,0xf7,0x7f,0xfc,0xdf,
    0xff,0xd3,0xff,0xc7,0xff,0xff,0xff,0xff,0xff,0xff,0xff,0xff,0xff,0xfc,0xff,0xf1,0xfc,0xf7,0xf4,0x7f,0xfc,0xff,0xfc,0xff,
    0xfd,0x03,0x02,0xf8,0xd3,0xfe,0xcb,0xfe,0xfc,0xf0,0xf4,0xf0,0xf3,0xf0,0xd3,0xf0,0xcf,0xd3,0x0f,0xd3,0x8f,0xc3,0xa3,0xff,
    0xf7,0x7f,0xf3,0xff,0xdf,0xff,0xcf,0xff,0xf3,0xff,0x3c,0xff,0xff,0xff,0xff,0xff,0xff,0x37,0x3f,0xcf,0xc7,0xf7,0xf4,0xfe,
    0xff,0x3f,0xff,0x0f,0xfc,0xf7,0xfc,0xff,0x7f,0xf3,0x3f,0xc6,0xdf,0xc5,0xcf,0xc4,0xb7,0xd2,0xa3,0xf3,0x6d,0xf3,0x1c,0xf3,
    0x4a,0xfa,0x2a,0xaa,0x6a,0xa8,0xaa,0xa3,0xaa,0xa3,0xaa,0x85,0xea,0x85,0xaa,0x85,0xa3,0xfc,0x14,0xff,0xf4,0xff,0xfd,0x3f,
    0xfd,0x3f,0xf5,0x3f,0x54,0xff,0x54,0x3f,0xff,0xff,0xff,0xff,0xff,0xff,0xff,0xfc,0xff,0xcf,0xc3,0xff,0x13,0xff,0x40,0xff,
    0xf3,0xff,0xcf,0x3f,0xff,0xcf,0xff,0xcf,0xfd,0xff,0xff,0x7f,0xff,0x1f,0xfc,0xfb,0x0b,0x35,0x0b,0x3c,0x0b,0x3f,0x2c,0x3f,
    0xfc,0x7f,0x41,0xfc,0x03,0xf0,0x14,0xf0,0xaa,0xa1,0x2a,0x40,0x00,0x6a,0xc2,0xaa,0x02,0xfe,0x02,0xff,0x3c,0xbf,0xf0,0x2f,
    0x42,0x81,0x20,0x50,0xa0,0x0f,0xaa,0xa3,0xaa,0x00,0xaa,0x14,0xaa,0x81,0xaa,0x28,0x04,0x3f,0xf5,0x04,0xf1,0x03,0xfc,0x3e,
    0xfc,0xeb,0x07,0xc6,0x43,0x41,0x03,0xc0,0xff,0xff,0x3f,0xff,0xcf,0xff,0xf3,0xff,0xbc,0xff,0xec,0xff,0xbb,0x3f,0x6f,0x3f,
    0xff,0xff,0xff,0xff,0xff,0xff,0xff,0xfd,0xff,0xfc,0xff,0xf4,0xff,0xf0,0xff,0xf3,0xff,0x0f,0xd0,0xf7,0x03,0x73,0x00,0x73,
    0x3c,0x7d,0xf4,0x7c,0xf3,0x1c,0xf3,0x34,0xff,0xd0,0xff,0x37,0xfc,0xfd,0xf7,0xf7,0xd3,0xdf,0xc7,0xff,0x77,0x7f,0x3d,0xfd,
    0xff,0xff,0x3f,0xff,0xdf,0xff,0xcf,0xff,0xcf,0xff,0x77,0xff,0xf3,0xff,0xf3,0xff,0xdc,0xfc,0xcc,0xfc,0xcc,0xfc,0xcc,0xfc,
    0xdd,0x01,0x02,0xf8,0xd3,0xfe,0xcb,0xfe,0xfc,0xfd,0xf7,0xfd,0xf3,0xfd,0xdf,0xfd,0xcf,0xff,0xc7,0xff,0x7f,0xff,0x3d,0xff,
    0xf3,0xff,0xf3,0xff,0xf3,0xff,0xf7,0xff,0x4f,0xff,0xcf,0xff,0xcf,0xff,0x33,0xff,0x7f,0xf3,0x3f,0xc6,0xdf,0xc5,0xcf,0xc4,
    0xb7,0xc2,0xa3,0xf3,0x6d,0xf3,0x1c,0xf3,0xfd,0xfc,0xfd,0xfc,0xff,0xf3,0xf7,0xc7,0xdf,0x37,0xc0,0xf5,0x13,0xdf,0x40,0x7c,
    0xf3,0xff,0xf3,0xff,0xf3,0xff,0xcf,0xff,0xcf,0xff,0x3f,0xff,0x3f,0xff,0xff,0xff,0x04,0x03,0xf5,0x0c,0xc1,0x03,0x3c,0x3e,
    0xfc,0xeb,0x07,0xc6,0x43,0x41,0x03,0xc0,0xff,0xff,0xfc,0x0f,0xf3,0x73,0xdf,0x7d,0xcf,0x7c,0xcf,0xd4,0x77,0xd0,0x37,0xd3,
    0xff,0xff,0xd3,0xff,0x03,0xff,0x00,0xff,0x3c,0xff,0xfc,0xff,0xff,0x3f,0xff,0x3f,0x37,0xd3,0x7d,0xc7,0xcd,0xfd,0xcf,0x7f,
    0xdf,0x7f,0xf3,0x7f,0xf7,0xdc,0xcc,0xd1,0xfc,0x1f,0xf4,0xcf,0x5c,0xcf,0xfc,0xcf,0xfd,0x03,0x02,0xf8,0xd3,0xfe,0xcb,0xfe,
    0x4f,0x13,0x0f,0x06,0xdf,0xc5,0xcf,0xc4,0xb7,0xc2,0xa3,0xf3,0x6d,0xf3,0x1c,0xf3,0xa3,0xff,0x14,0xff,0xf4,0xff,0xfd,0x3d,
    0xfd,0x37,0xf5,0x33,0x54,0xcf,0x54,0x3f,0xff,0xff,0xff,0xff,0xff,0xff,0xff,0xff,0xff,0xff,0xfc,0x3f,0xf2,0x9f,0xdb,0xcf,
    0xf0,0xff,0xc9,0x3f,0x3e,0x3f,0x3e,0x4f,0x7f,0x87,0xcf,0xd1,0xcf,0xe4,0xd3,0xb8,0xf2,0x14,0xc8,0x53,0xc8,0x4e,0x11,0x28,
    0x00,0x83,0xea,0x33,0x0a,0x01,0x42,0x8f,0xff,0xff,0xff,0xff,0xff,0xff,0xff,0xfc,0xff,0xf1,0xff,0xc6,0xfc,0x1b,0x01,0x6f,
    0xcf,0xcf,0x6f,0xcf,0x3f,0x47,0xbf,0x3d,0xfd,0xfc,0xfc,0xfc,0xf3,0xf3,0xcf,0xf7,0x7c,0xed,0x7f,0x3a,0xdf,0x86,0xcf,0xe0,
    0xf2,0xf8,0xdc,0x6a,0xca,0x8a,0xf4,0x60,0x16,0xbc,0x6a,0xff,0xab,0xbf,0xae,0xff,0xbb,0xbd,0xae,0xef,0x0a,0xbb,0x50,0xa0,
    0xff,0xff,0xff,0xff,0xff,0xff,0xff,0xff,0xff,0xff,0xff,0xfc,0xff,0xff,0xff,0xf0,0xff,0xff,0xff,0xff,0xff,0xff,0xff,0xff,
    0xc3,0xff,0x3c,0x3f,0x77,0xcf,0xdd,0xf7,0xff,0xc5,0xff,0xc5,0xff,0x14,0xff,0x12,0xfc,0xc6,0xfc,0x4a,0xfc,0x4a,0xff,0x28,
    0x08,0x8f,0x42,0x0f,0x8a,0x3f,0x20,0xff,0x0f,0xff,0x8f,0xff,0x1f,0xff,0x7f,0xff,0xc0,0x45,0xd0,0x15,0xf3,0x55,0xcd,0x55,
    0x35,0x55,0x15,0x54,0xc5,0x41,0xf0,0x11,0x57,0x7c,0x55,0xdd,0x57,0x77,0x5d,0x57,0x35,0x5f,0xd5,0x4d,0x55,0x45,0x55,0x15,
    0xff,0xff,0xff,0xff,0x3f,0xff,0xdf,0xff,0xcf,0xff,0x70,0x3f,0x42,0x8f,0x52,0xa3,0xfc,0x62,0xf1,0xa2,0xf1,0x88,0xf1,0x88,
    0xfc,0x03,0xff,0xff,0xff,0xff,0xff,0xff,0xf1,0x45,0xf8,0x85,0x38,0xe0,0x03,0xfa,0xaf,0xee,0xbb,0xbb,0xee,0xee,0x06,0xaa,
    0x54,0x54,0x41,0x51,0x11,0x51,0x51,0x4c,0xa8,0x1c,0xaa,0x43,0xa8,0x13,0x42,0x8f,0x28,0x8f,0xc2,0x0f,0xf2,0xff,0xf3,0xff,
    0xcf,0xff,0xcf,0xff,0x1f,0xff,0x7f,0xff,0xff,0xff,0xff,0xff,0xff,0xff,0xff,0xff,0xff,0xff,0xff,0xff,0xfc,0xff,0xf2,0x3c,
    0xff,0xff,0xff,0xff,0xff,0xff,0xff,0xff,0xff,0xff,0xf0,0xff,0xc8,0xff,0x28,0xff,0xff,0xff,0xff,0xff,0xff,0xf4,0xff,0xca,
    0xff,0x28,0xfc,0xa2,0xf6,0x8a,0xf2,0x2a,0xca,0x32,0x6a,0x0a,0xa0,0xaa,0x0a,0xa8,0xaa,0x82,0xa8,0x2a,0x82,0xaa,0x2a,0xa0,
    0xa8,0xff,0xa3,0x0f,0x80,0x8f,0x0a,0x80,0xaa,0x08,0xa8,0x28,0x82,0xa0,0x2a,0xa3,0xda,0x28,0xc9,0xa2,0x78,0x9a,0x37,0x8e,
    0x37,0x78,0x22,0x33,0x22,0x23,0xc8,0x8a,0xaa,0x0a,0xa0,0xaa,0x8a,0xaa,0x2a,0xa0,0xfa,0x05,0xe8,0x15,0xa0,0x05,0x8c,0x00,
    0xaa,0x8f,0xa8,0x3f,0x03,0xc0,0x04,0x15,0x50,0x05,0x55,0x55,0x55,0x55,0x55,0x55,0xc8,0x8a,0xf2,0x28,0xc0,0x23,0x1f,0x0c,
    0x05,0x53,0xc0,0x53,0xf4,0x14,0xfd,0x04,0x3d,0x00,0x3f,0x00,0x34,0x00,0x1f,0xc0,0xff,0xc1,0xff,0xc1,0xff,0x05,0xfd,0x15,
    0x15,0x55,0x15,0x55,0x55,0x54,0x55,0x54,0x55,0x54,0x55,0x54,0x55,0x55,0x55,0x55,0xff,0x04,0xfc,0x11,0xff,0x41,0xff,0xf4,
    0xff,0xff,0xff,0xff,0xff,0xff,0xff,0xff,0x55,0x55,0x55,0x55,0x55,0x55,0x7f,0xff,0x4f,0xff,0xf4,0x0f,0xff,0xf0,0xfd,0x0a,
    0x55,0x55,0x57,0x75,0xdd,0xdf,0xff,0xff,0xff,0xff,0xff,0xfc,0x00,0x00,0x6a,0x97,0xf3,0xa1,0xf7,0x06,0xf4,0xcd,0xff,0xdc,
    0xff,0xf4,0xff,0xff,0xff,0xff,0xff,0xff,0xa8,0x01,0x83,0xfc,0x3f,0xf7,0xff,0xf7,0xff,0xf0,0xff,0xff,0xff,0xff,0xff,0xff,
    0xf4,0x3d,0x4a,0x02,0xa0,0xaa,0x0a,0xa8,0xaa,0x82,0xa8,0x2a,0x82,0xaa,0x2a,0xa0,0x03,0xff,0xa8,0xff,0x83,0xff,0x0f,0xff,
    0xa0,0x5f,0xaa,0x3f,0x80,0xff,0x2a,0x03,0xaa,0xa8,0xa8,0x07,0x03,0xc0,0x04,0x15,0x50,0x05,0x55,0x55,0x55,0x55,0x55,0x55,
    0xfc,0x04,0x05,0x50,0x55,0x05,0x54,0xd5,0x53,0x75,0x4d,0xd5,0x37,0x55,0x5d,0xd5,0xc8,0x8a,0xf2,0x28,0xc0,0x21,0x1f,0x0f,
    0x05,0x53,0xc0,0x53,0xf4,0x14,0xfd,0x04,0x00,0x00,0x07,0x00,0xff,0xc0,0xff,0xc0,0xff,0xc1,0xff,0xc1,0xff,0x05,0xfd,0x15,
    0x8f,0xa0,0x3e,0x81,0x3a,0x00,0xa8,0xc0,0xa0,0x10,0x87,0xf0,0x3f,0xf0,0xff,0xfc,0xff,0xff,0xff,0xff,0xff,0xff,0xff,0xff,
    0xff,0xff,0xff,0xff,0xff,0xf0,0xf0,0x0f,0xff,0xff,0xff,0xff,0xff,0xff,0xff,0xff,0xff,0xff,0xff,0xff,0x03,0xff,0xfc,0x3f,
    0xff,0xff,0xff,0xfc,0xff,0xfc,0xff,0x41,0xfd,0xfe,0xfc,0xfa,0xfc,0x91,0xfc,0x80,0x0b,0x00,0x8c,0x3b,0x32,0xee,0xca,0xaa,
    0x4a,0x00,0xa4,0xcf,0xa9,0x0f,0x1a,0x10,0x00,0xc3,0xb8,0x00,0xee,0xec,0xab,0xbb,0x2a,0xaa,0x00,0xaa,0x04,0x0a,0x01,0x00,
    0xff,0xff,0xff,0xff,0x3f,0xff,0x0f,0xff,0xa3,0xff,0xa8,0xff,0xaa,0x3f,0xaa,0x87,0xff,0x00,0xff,0xc0,0xff,0x70,0xff,0x3e,
    0xff,0xda,0xff,0xca,0xff,0x74,0xfd,0xff,0x0a,0x9f,0x02,0xbf,0x01,0xbf,0x90,0xff,0xa4,0xdf,0x83,0x7f,0x1d,0xdf,0x77,0x7f,
    0x41,0x40,0xc0,0x40,0xd0,0x50,0xf1,0x51,0xc1,0x54,0xd5,0x54,0xd5,0x50,0x75,0x54,0x0a,0xa0,0x02,0xa3,0x00,0xa8,0x40,0x2a,
    0xd4,0x0a,0xff,0x40,0xff,0xfc,0x3f,0xf2,0x7c,0x3f,0xc3,0xcf,0xff,0x3c,0x01,0x41,0xa0,0xa3,0xaa,0x0f,0x00,0xfc,0x23,0xf3,
    0xfc,0xff,0xf7,0xff,0xf1,0xff,0xf7,0xff,0xfc,0xdf,0xf3,0x7f,0xdc,0xdf,0x74,0xff,0x55,0x51,0x55,0x54,0xd5,0x55,0x75,0x41,
    0xdd,0x37,0x75,0xdd,0xd7,0x77,0xdd,0xdd,0xff,0xff,0xff,0xff,0xff,0xff,0xff,0xff,0xff,0xff,0xff,0xff,0xff,0xfd,0xff,0xf7,
    0xff,0xc8,0xff,0xf0,0xff,0xc3,0xff,0x0f,0xf0,0xcf,0x47,0x7f,0xdd,0x3f,0x74,0xff,0xff,0xcc,0x3f,0xc8,0x0f,0x3a,0x50,0x2a,
    0x55,0x42,0xd5,0x54,0x55,0x55,0xd5,0x55,0xff,0xf1,0xff,0xc7,0xff,0xcd,0xff,0x35,0xff,0x14,0xff,0x15,0xff,0x14,0xff,0x11,
    0xd4,0xff,0x53,0xff,0x43,0xff,0x13,0xff,0x43,0xff,0x13,0xff,0x43,0xff,0x13,0xff,0xf7,0x77,0xdd,0xd5,0xf7,0x55,0xd5,0x55,
    0xc5,0x55,0xc5,0x55,0xf1,0x55,0xf1,0x55,0x55,0x55,0x55,0x15,0x55,0x45,0x55,0x51,0x55,0x54,0x15,0x55,0x45,0x55,0x51,0x55,
    0x50,0xaa,0x54,0xaa,0x55,0x2a,0x57,0x4a,0x5d,0xd0,0x37,0x72,0x1f,0xfc,0x4f,0xfc,0xff,0xc4,0xff,0xc1,0xff,0xf0,0xff,0xfc,
    0xff,0xff,0xff,0xff,0xff,0xff,0xff,0xff,0x44,0xff,0x10,0xff,0x44,0x3f,0x11,0x3f,0xc6,0xcf,0xf0,0xb3,0xff,0x00,0xff,0xfc,
    0x54,0x15,0x55,0x05,0x55,0x40,0x50,0x0f,0x03,0xf3,0xff,0xfc,0x0f,0xff,0xe0,0xff,0x4f,0xfc,0x7f,0x3f,0xff,0xcf,0xff,0xf3,
    0xff,0xf3,0xff,0xfc,0x3f,0xfc,0xc3,0xff,0xff,0xff,0x3f,0xff,0x3f,0xff,0x3f,0xff,0xcf,0xff,0xcf,0xff,0xcf,0xff,0x1f,0xff,
    0xfc,0x3f,0xff,0xc3,0x03,0xf0,0xfc,0x07,0xff,0xff,0xff,0xff,0xff,0xff,0xff,0xff,0xf2,0xa8,0x8a,0x80,0x0a,0x05,0x88,0x54,
    0xa0,0x00,0xa8,0x3d,0xa8,0xff,0x00,0xff,0xff,0xff,0xff,0xff,0xff,0xfd,0xff,0xd2,0xff,0x2a,0xfd,0x6a,0xfc,0xaa,0xf2,0xaa,
    0xff,0xc4,0xff,0xc4,0x00,0xc4,0xaa,0x14,0xaa,0x93,0xaa,0x94,0xaa,0xa4,0xaa,0xa5,0xff,0xfd,0xff,0xf2,0xff,0xc9,0xff,0xd7,
    0xff,0xdf,0xff,0xcf,0xff,0xf1,0xff,0xf1,0x07,0xff,0xa1,0xff,0x68,0xd0,0xd9,0x2a,0xf2,0xaa,0xca,0xaa,0xda,0xaa,0x2a,0xaa,
    0xf2,0xaa,0xca,0x90,0x1a,0x2a,0xa0,0xa5,0xaa,0x9f,0xaa,0x7f,0xa9,0x7f,0xaa,0x9f,0xaa,0xa5,0x6a,0x95,0x8a,0x65,0xa6,0x95,
    0x66,0x65,0x91,0x95,0x91,0x55,0x85,0x54,0xff,0xfd,0xff,0xd1,0xff,0xcd,0xff,0xf0,0xff,0xf3,0xff,0xfc,0xff,0xfc,0xff,0xf2,
    0x2a,0xaa,0x2a,0xaa,0xca,0xaa,0xc2,0xa8,0x46,0xa4,0x0d,0x5f,0x07,0xfc,0x62,0x50,0xa1,0xad,0x8a,0x68,0x0f,0xd9,0xce,0x68,
    0x17,0xa2,0xff,0x5e,0x3f,0xf1,0x0f,0x95,0x15,0x41,0x55,0x4c,0x40,0x3d,0x29,0x37,0xc0,0xf7,0x14,0xfc,0x57,0xff,0x53,0xff,
    0xff,0xce,0xff,0xcd,0xff,0xf3,0xff,0xfc,0xff,0xff,0xff,0xff,0xff,0xff,0xff,0xff,0xd3,0xf1,0x65,0xf5,0xc0,0xa5,0x3f,0x55,
    0xff,0xd5,0xff,0xe0,0xff,0xff,0xff,0xff,0x0f,0xc5,0x4f,0x3a,0x7c,0xdf,0x73,0xce,0xcf,0xf0,0x7f,0xff,0xff,0xff,0xff,0xff,
    0x53,0xff,0x97,0xff,0xe3,0xff,0xcf,0xff,0x3f,0xff,0xff,0xff,0xff,0xff,0xff,0xff,0xff,0xff,0xff,0xff,0xff,0xff,0xff,0xff,
    0xff,0xff,0xff,0xff,0xff,0xff,0x43,0xff,0xff,0xfd,0xff,0xf6,0xff,0xf1,0xff,0xf1,0xff,0xf2,0xff,0xfc,0xff,0xfd,0xff,0xfd,
    0xa8,0xff,0x59,0x3f,0xb9,0x10,0xf5,0x2a,0xf2,0xaa,0xca,0xaa,0xda,0xaa,0x2a,0xaa,0xf2,0x80,0xca,0x2a,0x18,0xa5,0xa0,0x9b,
    0xaa,0xaf,0xaa,0x7f,0xa9,0x7e,0xaa,0x9e,0xaa,0xa5,0x2a,0x95,0x8a,0x65,0x8a,0x95,0x86,0x65,0x89,0x95,0x85,0x55,0x15,0x54,
    0xff,0xff,0xff,0xff,0xff,0xf4,0xff,0x4a,0xfd,0xaa,0xfc,0xaa,0xf6,0xaa,0xf2,0xa9,0xff,0xc4,0xff,0x94,0x07,0x13,0xa8,0x53,
    0xaa,0x4f,0xaa,0x93,0xaa,0x94,0x0a,0xa5,0x49,0x91,0x95,0x46,0x55,0x1a,0x55,0x1a,0x55,0x4a,0xd5,0x52,0x15,0x50,0xa5,0x0e,
    0xaa,0x93,0xaa,0x93,0xaa,0x94,0xaa,0x43,0xa4,0x3a,0x0f,0xa0,0xe9,0x0f,0x90,0x4f,0xff,0xff,0xff,0xfd,0x0f,0xf7,0xa3,0xfc,
    0x0f,0xff,0xff,0xff,0xff,0xff,0xff,0xff,0xff,0x38,0xff,0x3a,0xfc,0xea,0xfc,0xa4,0xfc,0x91,0xff,0x09,0xff,0xce,0xff,0xc3,
    0xaa,0xaa,0xaa,0xaa,0x5a,0xaa,0x01,0xaa,0x90,0x2a,0xe0,0x0a,0xf0,0x06,0xb8,0x02,0xa0,0xe9,0xae,0xa4,0xaa,0x9a,0xaa,0xa9,
    0xaa,0xa4,0xaa,0xaa,0xaa,0xaa,0xaa,0xa9,0x05,0x10,0x5a,0x85,0xa0,0x15,0x05,0x55,0x50,0x01,0xaa,0xa8,0x80,0x01,0x55,0x55,
    0xfc,0x23,0xc2,0x80,0x38,0x3f,0xc3,0xff,0xff,0xfc,0xff,0xf3,0xff,0xcc,0xff,0x23,0xbc,0x01,0xd0,0x01,0x40,0x01,0x0d,0x02,
    0x3b,0x4a,0x20,0xaa,0xca,0xaa,0xca,0xa9,0xaa,0xaa,0xaa,0xaa,0xaa,0xaa,0xaa,0xaa,0xaa,0xaa,0xaa,0xaa,0x6a,0xaa,0x9a,0xaa,
    0xff,0xff,0xff,0xff,0xff,0xff,0xff,0xff,0xff,0xff,0xff,0xff,0xff,0xff,0xfe,0x41,0xff,0xff,0xff,0xff,0xff,0xff,0xff,0xff,
    0xff,0xff,0xff,0xff,0xf1,0x10,0x04,0x8e,0xff,0xff,0xff,0xff,0xff,0xff,0xff,0xff,0xff,0xff,0x50,0x3f,0xfa,0x83,0x50,0x58,
    0xff,0xff,0xff,0xff,0xff,0xff,0xff,0xf0,0xff,0x4f,0xfd,0xfa,0xfc,0xe2,0xf3,0xaa,0xf7,0xa4,0xde,0x01,0x80,0x99,0xf6,0x40,
    0x54,0x0f,0xa8,0xcf,0xaa,0xa5,0xaa,0xaa,0x91,0xa5,0x66,0x54,0x55,0x51,0x55,0x46,0xd5,0x4a,0xf5,0x5a,0x55,0x52,0x95,0x54,
    0x05,0x05,0x6a,0x91,0xaa,0xa4,0xaa,0xa9,0xaa,0xa9,0xaa,0xa8,0xaa,0xa1,0xaa,0x14,0x3f,0xff,0x4f,0xfd,0x4f,0xf7,0x3f,0xfc,
    0x3f,0xff,0x4f,0xff,0x3f,0xff,0xff,0xff,0xf2,0xa0,0xf2,0x4b,0xfc,0x9f,0xfc,0xdf,0xff,0x37,0xff,0x77,0xff,0x09,0xfc,0xc0,
    0x2a,0xaa,0x86,0xaa,0xc0,0x6a,0xc0,0x1a,0xc0,0x06,0x80,0x02,0x00,0x01,0x00,0x00,0xa9,0xfd,0xaa,0x9f,0xaa,0xa8,0xaa,0xab,
    0xaa,0xa4,0xaa,0xaa,0xaa,0x90,0xaa,0xaa,0x00,0x15,0xff,0xc0,0x00,0x7f,0xc1,0x00,0xbc,0x15,0x03,0xc1,0xa0,0x38,0x09,0x01,
    0x7f,0xff,0x00,0x3f,0xfe,0x4f,0x00,0x3f,0x56,0x0f,0x59,0x93,0x56,0x64,0x55,0x99,0xfc,0x8c,0xfc,0x8c,0xf3,0x3c,0xf2,0x33,
    0xf2,0x33,0xcc,0xf2,0xc8,0xce,0xf3,0xcc,0x00,0x00,0x40,0x00,0x80,0x00,0x0f,0x00,0x37,0xc0,0x27,0xd0,0x0d,0x81,0xc8,0x1a,
    0x6a,0xaa,0x2a,0xaa,0x2a,0xaa,0x2a,0xaa,0x6a,0xaa,0xaa,0xaa,0xaa,0xaa,0x9a,0xaa,0xa0,0x85,0x80,0x05,0x3e,0x81,0x32,0xa8,
    0x82,0x9c,0x8e,0x8c,0x3c,0x02,0x82,0xaa,0xff,0xc8,0xff,0xf3,0xff,0xff,0xff,0xfc,0xff,0xfc,0xff,0xfc,0xff,0xfc,0xff,0xfc,
    0x15,0x52,0x95,0x09,0x50,0x65,0x49,0x95,0x25,0x55,0x55,0x50,0xe5,0x00,0xaa,0x5a,0x49,0x91,0x95,0x46,0x55,0x1a,0x55,0x1a,
    0x55,0x4a,0x05,0x52,0x55,0x54,0xa5,0x03,0xff,0xf3,0xff,0xf2,0xff,0x00,0xfc,0xf4,0xf7,0xfd,0xf3,0x55,0xf1,0x05,0xfc,0xf1,
    0xff,0xf0,0xff,0xc0,0xff,0xd0,0xff,0xc5,0xff,0xf0,0xff,0xfc,0xff,0xff,0xff,0xff,0x24,0xaa,0x10,0xaa,0x52,0xaa,0x4a,0xaa,
    0x2a,0xaa,0xaa,0xa2,0x2a,0x8c,0xca,0x8f,0xff,0xff,0xff,0xff,0xff,0xf0,0xc3,0x08,0x30,0xe8,0xe3,0xa8,0x8e,0xa2,0xfe,0xa3,
    0xff,0xff,0xff,0xff,0xff,0xff,0xff,0xff,0xff,0x03,0xf0,0xe3,0x0f,0x8f,0xfe,0x8f,0xff,0xf3,0xff,0xf2,0xff,0xf0,0xff,0xc3,
    0xff,0x4f,0xff,0x17,0xff,0x11,0xff,0x10,0xda,0xaa,0xaa,0xaa,0x08,0xa0,0xd0,0x8a,0xf4,0x2a,0x56,0x2a,0x05,0x4a,0x09,0x4a,
    0x5a,0x8f,0xaa,0x3f,0x2a,0x3f,0xaa,0x3f,0xa8,0x3f,0xaa,0x8f,0xaa,0x00,0xa8,0x01,0xff,0xc0,0xff,0xf0,0xff,0xf1,0xff,0xf0,
    0xff,0xf2,0xff,0xfc,0xff,0xfc,0xff,0xff,0x02,0x4a,0x01,0x4a,0x05,0x2a,0x54,0xaa,0x02,0xaa,0xaa,0xa2,0xaa,0x8c,0x2a,0x8f,
    0xda,0xaa,0xaa,0xaa,0x8a,0x00,0x08,0x2a,0x42,0xaa,0xa2,0xaa,0x54,0xaa,0x54,0xaa,0xff,0xff,0xff,0xff,0xff,0xff,0xff,0xff,
    0xfe,0x00,0xc3,0xff,0x37,0x74,0xdd,0xdd,0xff,0xff,0xff,0xff,0xff,0xff,0xff,0xff,0x0f,0xff,0xf0,0xff,0x05,0x3f,0x50,0x0f,
    0xf5,0x55,0xd5,0x00,0x40,0x0e,0x02,0x28,0xc8,0x8e,0xf2,0x23,0xf0,0x00,0x52,0x00,0x55,0x53,0x01,0x53,0xec,0x0f,0x37,0x3f,
    0xc0,0xff,0x8f,0xff,0x3f,0xff,0x0f,0xff,0x93,0xe8,0x93,0xfe,0x94,0xfe,0x54,0xf8,0x58,0xe0,0x58,0x0a,0x50,0xc2,0x53,0xfc,
    0x0f,0x03,0x30,0xa8,0x0a,0xa3,0xaa,0x8f,0x00,0x3f,0x83,0xff,0xa8,0xff,0x28,0xff,0xaa,0x07,0xaa,0x8d,0xa8,0x17,0xa0,0x14,
    0x80,0x00,0xa0,0x0b,0xa0,0x03,0x0b,0xc3,0xf5,0x55,0xd5,0x00,0x40,0x0e,0x02,0x28,0x08,0x8e,0x02,0x23,0xc0,0x00,0x4c,0x00,
    0xc0,0xf4,0xfc,0xd4,0xfb,0x15,0xaf,0xc5,0xff,0xc5,0x0f,0xa1,0x54,0xfc,0x93,0x00,0x53,0xe8,0x93,0xfe,0x94,0xfe,0x54,0xf8,
    0x54,0xe0,0x54,0x05,0x54,0xc1,0x14,0xfc,0x0c,0xff,0xcc,0xff,0xf3,0xff,0xff,0xff,0xff,0xff,0xff,0xff,0xff,0xff,0xff,0xff,
    0xff,0xff,0xff,0xf8,0xff,0x8f,0xfe,0xff,0xfb,0xff,0xee,0xee,0x04,0x3b,0x33,0x2c,0xff,0xff,0x3f,0xff,0x83,0xff,0xf8,0xff,
    0xfe,0x3f,0xf8,0x0f,0x82,0xa0,0x2a,0xaa,0xff,0xfe,0xff,0xeb,0xff,0xbf,0xfe,0xfa,0xfc,0xef,0xfb,0xce,0xf3,0xa3,0xf3,0xa3,
    0x0b,0xff,0xfc,0x2f,0xff,0xf0,0xef,0xff,0xa3,0xfe,0xe8,0xff,0xaa,0x8f,0xea,0xaa,0xff,0xff,0xff,0xff,0xbf,0xff,0xc2,0xff,
    0xfb,0x2f,0x3e,0xf3,0x83,0x23,0xaa,0x8f,0xaa,0xaa,0xaa,0xaa,0xa0,0x2a,0x82,0x8a,0x08,0x22,0x2a,0x88,0x28,0x22,0x82,0xa8,
    0x8f,0xff,0xa3,0xff,0xa8,0x3e,0xaa,0x83,0xaa,0xaf,0xaa,0xbb,0x2a,0xae,0x8a,0xab,0xef,0xa8,0xce,0xa8,0x3a,0xa8,0xee,0xaa,
    0xba,0xaa,0xaa,0xaa,0xa0,0xa8,0xaa,0x0a,0xaa,0xaa,0xea,0xaa,0xaa,0x8a,0x2a,0x8b,0x2a,0xa2,0x2a,0xa3,0x2a,0xa2,0x8b,0xb8,
    0xee,0xe3,0x8b,0xb3,0xe2,0xf3,0xb3,0xfb,0xec,0xcf,0xbe,0x3f,0xff,0x3f,0xff,0x3f,0xc0,0x31,0x3d,0x05,0x30,0xd5,0xc3,0x05,
    0xce,0x30,0x3c,0xf5,0x3c,0xdd,0x33,0xdd,0x53,0x28,0x43,0x28,0x40,0xa3,0x0a,0xa3,0x6a,0x8f,0x41,0x3f,0x05,0x3f,0x04,0xff,
    0x22,0x88,0x8a,0x22,0xf0,0xa2,0xff,0x22,0xff,0xc2,0xff,0xf8,0xff,0xff,0xff,0xff,0xaa,0xa2,0xaa,0xa2,0xaa,0xa8,0x2a,0xaa,
    0x2a,0x2a,0x2a,0x2a,0x28,0xaa,0x82,0xa8,0x8e,0xec,0x8b,0xbc,0xa3,0xfc,0x23,0xfc,0x80,0xf2,0x22,0x08,0x08,0x83,0x22,0x3f,
    0xbe,0x3f,0x28,0xff,0xc3,0xff,0x8f,0xff,0x3f,0xff,0xff,0xff,0xff,0xff,0xff,0xff,0xcb,0xd4,0xef,0x74,0xcf,0x74,0xce,0x53,
    0xf0,0x53,0xfd,0xcf,0xfd,0xcf,0xfd,0x4f,0xc4,0xff,0xc4,0xff,0xd3,0xff,0xd3,0xff,0xc7,0xff,0xcf,0xff,0xcf,0xff,0xff,0xff,
    0xaa,0xa2,0xaa,0xaa,0xa2,0xaa,0xa2,0xaa,0xa8,0xa8,0xa3,0x10,0x0f,0xc4,0x3f,0xc4,0x88,0xff,0x83,0xff,0x0f,0xff,0x3f,0xff,
    0x3f,0xff,0xff,0xff,0xff,0xff,0xff,0xff,0xff,0xfc,0xff,0xfc,0xff,0xf1,0xff,0xf3,0xff,0xfc,0xff,0xff,0xff,0xff,0xff,0xff,
    0xff,0xc4,0xfc,0x05,0xf1,0x10,0xc4,0x51,0xc4,0x51,0xf1,0x10,0xfc,0x33,0xff,0xcf,0xff,0xff,0x3f,0xff,0x3f,0xff,0x4f,0xff,
    0x4f,0xff,0xcf,0xff,0x3f,0xff,0xff,0xff,0xc4,0xfc,0xc4,0xfc,0xd3,0xf2,0xd3,0xf2,0xc7,0xca,0xcf,0xca,0xcf,0xc8,0xff,0x28,
    0xaa,0xaa,0xaa,0xaa,0xa0,0x2a,0x8f,0xca,0x3f,0xf2,0x3e,0x08,0x03,0xfe,0xff,0xf8,0xff,0xff,0xff,0xff,0xff,0xff,0xff,0xf0,
    0x02,0xcf,0xbb,0x02,0xef,0xfc,0xff,0xff,0xff,0xf1,0xfd,0x05,0xfc,0xd5,0xf2,0x05,0xcb,0xf0,0xcb,0xc5,0xe2,0x1d,0xcb,0xdd,
    0x53,0x28,0x43,0x28,0x40,0xa2,0x0a,0xa0,0x6a,0x82,0x41,0x00,0x05,0x0a,0x04,0xbf,0xaf,0xac,0xaa,0xf2,0x00,0xa2,0x20,0x02,
    0x02,0x22,0x28,0x08,0xff,0xf0,0xff,0xfc,0xaa,0xae,0xaa,0xa8,0xaa,0xa8,0xaa,0xaa,0xa8,0xaa,0xa8,0xa2,0x0a,0x20,0x22,0x00,
    0xff,0xfe,0xfe,0xff,0xbf,0xbf,0x3f,0xff,0x3f,0xef,0x2f,0xef,0xab,0xab,0xae,0x8e,0xfe,0x23,0xff,0x8e,0xbf,0xcb,0xef,0xe2,
    0xfb,0xb8,0xee,0x2a,0xab,0x8a,0x8a,0xa2,0xbc,0xff,0xec,0xff,0x83,0xff,0x3f,0xff,0x3f,0xff,0x83,0xff,0xb8,0xff,0xec,0xff,
    0xf3,0x14,0xcc,0x74,0xce,0x74,0xf0,0x53,0xff,0x53,0xfd,0xcf,0xfd,0xcf,0xfd,0x4f,0x84,0xff,0x84,0xff,0xd3,0xff,0xd3,0xff,
    0xc7,0xff,0xcf,0xff,0xcf,0xff,0xff,0xff,0x08,0x28,0xf2,0xa2,0xfc,0x22,0xff,0xe3,0xff,0xce,0xff,0xcf,0xf0,0x0f,0x05,0x43,
    0xaa,0xab,0xaa,0x8a,0xee,0x8a,0xbb,0xae,0xee,0x3b,0xfb,0x2e,0xff,0x3f,0xfe,0x0f,0x8a,0xec,0xa3,0xbb,0xb2,0xef,0xec,0xbf,
    0xbc,0x0f,0xfb,0xf8,0xf3,0xff,0x8f,0xff,0x33,0xff,0xcf,0xff,0xfb,0xff,0xe3,0xff,0x8f,0xff,0x3f,0xff,0xff,0xff,0xff,0xff,
    0xe0,0x10,0x00,0x05,0xf1,0x10,0xc4,0x51,0xc4,0x51,0xf1,0x10,0xfc,0x33,0xff,0xcf,0x31,0x32,0x41,0x0a,0x55,0x2a,0x15,0xaa,
    0x55,0x2a,0x55,0x2a,0x56,0x2a,0x54,0x28,0x58,0xa8,0x50,0xa8,0x40,0xa3,0x02,0xa3,0x6a,0x0f,0x40,0xff,0x13,0xff,0x13,0xfc,
    0xff,0xff,0xff,0xfe,0xff,0xf7,0xff,0xcf,0xff,0x74,0xff,0x62,0xff,0x0a,0xff,0xca,0xf5,0x01,0x5f,0xff,0xa5,0x3c,0xff,0xd0,
    0x06,0xaa,0xa8,0x0a,0xaa,0xa2,0xaa,0xa8,0xff,0xff,0x1f,0xff,0xd3,0xff,0x9c,0xff,0x1c,0x3f,0xaa,0x8f,0xaa,0xa3,0x1a,0xa8,
    0xff,0xca,0xff,0xf2,0xff,0xfc,0xff,0xff,0xff,0xff,0xff,0xff,0xff,0xff,0xff,0xff,0xaa,0xaa,0xaa,0xaa,0x88,0xaa,0x22,0x22,
    0xc0,0x88,0xfc,0x22,0xff,0xc0,0xff,0xff,0xaa,0xaa,0xaa,0xaa,0xaa,0xaa,0xaa,0xaa,0x8a,0xaa,0x22,0xa9,0x0a,0xa7,0xf0,0x3f,
    0xff,0xff,0xff,0xff,0xff,0xff,0xff,0xff,0xff,0xff,0xff,0xf0,0xf0,0x0a,0x09,0xaa,0xff,0xcf,0xff,0xc5,0xff,0x2a,0xfc,0xaa,
    0xc1,0xaa,0x29,0xaa,0xa9,0xaa,0xaa,0x6a,0xff,0xff,0xff,0xf9,0xff,0x9f,0xfd,0xff,0xf7,0xfe,0xf3,0xfa,0xdb,0xaa,0xc6,0xaa,
    0xf0,0x00,0x0f,0xfe,0xfe,0xaa,0xaa,0xaa,0xaa,0xaa,0xa4,0x2a,0x99,0xc6,0x8d,0x8a,0x00,0xff,0xaa,0x03,0xaa,0xa4,0xaa,0xa7,
    0xaa,0xa7,0xaa,0xa7,0xaa,0xa7,0xaa,0x9f,0xff,0xff,0xff,0xff,0x3f,0xff,0x4f,0xff,0xf3,0xff,0xf4,0xff,0xf4,0xff,0xda,0x3f,
    0xcd,0x55,0x7a,0xaa,0x46,0xaa,0xc0,0x00,0xfc,0x00,0xff,0x00,0xff,0xc1,0xff,0xf1,0x42,0xaa,0xaa,0xaa,0x90,0x6a,0x00,0x1a,
    0x00,0x0a,0x55,0x08,0x55,0x48,0x55,0x62,0xaa,0x9f,0xa0,0xbf,0x8f,0x3d,0x3f,0x1a,0x3c,0xaa,0xc1,0xaa,0x29,0xaa,0xaa,0x6a,
    0xda,0x3f,0x6a,0x3f,0xaa,0x3f,0xaa,0x3f,0xaa,0x3f,0xa8,0xff,0xa8,0xff,0xa3,0xff,0xff,0xf1,0xff,0xc0,0xff,0x24,0xff,0x27,
    0xfc,0xa9,0xfc,0xea,0xfc,0xea,0xfc,0xea,0x55,0x62,0x55,0x8a,0x02,0x2a,0xa8,0xaa,0x02,0x58,0x5a,0x01,0x94,0x83,0xaa,0xa8,
    0x11,0x62,0x44,0x8a,0x02,0x2a,0xa8,0xaa,0x02,0x58,0x5a,0x01,0x94,0x83,0xaa,0xa8,0xff,0xff,0xff,0xff,0xff,0xff,0xfd,0xff,
    0xf3,0x7f,0xf7,0x3f,0xfc,0x3f,0xf3,0xcf,0xfc,0x03,0xfc,0xf8,0xff,0x54,0xfc,0xf3,0xf3,0xf8,0xf3,0x58,0xfc,0xf3,0xf3,0xf8,
    0xff,0xff,0xff,0xff,0xff,0xff,0xff,0x7f,0xfc,0xdf,0xfd,0xcf,0xff,0x0f,0xfc,0xf3,0xff,0xff,0xff,0xff,0xff,0xff,0xff,0xff,
    0xff,0xff,0xc3,0xff,0x3c,0xff,0x3f,0x3f,0x3a,0x8f,0x2e,0x8f,0xcc,0x23,0xf3,0x83,0xcb,0xa3,0xce,0xa3,0x20,0x8f,0x0e,0x0f,
    0xa8,0xfc,0xa8,0xc2,0xa8,0x3f,0xa8,0xfa,0xa3,0xaa,0xa2,0xaa,0x88,0xa8,0x8a,0x23,0xba,0x8f,0xea,0x3f,0x2a,0x3f,0x88,0xff,
    0xa3,0xff,0x0f,0xff,0xff,0xff,0xff,0xff,0xaa,0xaa,0xaa,0xa8,0xaa,0xa2,0xaa,0x82,0xa8,0x32,0x83,0xf0,0x03,0xf2,0xbc,0x3c,
    0x2a,0x8f,0xaa,0x8f,0xaa,0x3f,0xa0,0x3f,0x0a,0x3f,0xaa,0x8f,0xaa,0xa3,0xaa,0x08,0xa0,0xaa,0x0a,0xbb,0xca,0xee,0xfc,0x0b,
    0xaf,0x33,0xa8,0xfc,0xa8,0xaa,0xa2,0xaa,0x8f,0xff,0xe3,0xff,0xb8,0xff,0xea,0x3f,0xaa,0x3f,0xaa,0x8f,0x2a,0x8f,0x2a,0x8f,
    0xa2,0xaa,0x8a,0xaa,0x2a,0xaa,0xaa,0xaa,0x0a,0xa8,0xfc,0x03,0xff,0xff,0xff,0xff,0x8a,0x3f,0x8a,0x3f,0x88,0xff,0x23,0xff,
    0x3f,0xff,0xff,0xff,0xff,0xff,0xff,0xff,0x3f,0xff,0x8c,0x0f,0xc3,0xe3,0xe3,0xa3,0xa2,0x8f,0xa2,0x3f,0xa8,0xff,0xa8,0xff,
    0xa8,0xff,0xa8,0x3f,0xa8,0xcf,0xa8,0xf0,0xa2,0xcf,0xa2,0x2b,0x8c,0x2a,0x8f,0xc2,0xff,0xff,0xff,0xff,0xff,0xff,0xbf,0xff,
    0xcf,0xff,0xf3,0xff,0xb0,0xff,0x8f,0x3f,0x2b,0xcf,0x2a,0xcf,0xca,0xb3,0xca,0xb3,0xf2,0xa8,0xf0,0x08,0xf2,0xa0,0xca,0xa8,
    0xff,0xff,0x3f,0xff,0xc0,0xff,0xbe,0x00,0xab,0xeb,0xa8,0xbf,0xa8,0xaa,0xa2,0xaa,0xce,0xa8,0x3b,0xa8,0x2c,0x28,0xba,0x88,
    0xee,0xa0,0x3a,0xa2,0x8a,0xa3,0x8a,0x8b,0xa2,0x8f,0xa2,0x3f,0xa0,0xff,0x83,0xff,0x0f,0xff,0xff,0xff,0xff,0xff,0xff,0xff,
    0xff,0xff,0xff,0xff,0xff,0xff,0xff,0xff,0xff,0xff,0xf0,0x3f,0xcb,0xc3,0x2f,0xbc,0x2a,0x2b,0x88,0x2a,0xc3,0xca,0xe3,0xf2,
    0xa3,0xfc,0xa3,0xfc,0xa8,0xff,0xa8,0xff,0x3f,0xff,0xcf,0xff,0xb3,0xff,0x0c,0xff,0xac,0xff,0xab,0x3f,0x2b,0x3f,0x2a,0x8f,
    0xa8,0xff,0xa8,0xff,0xa8,0xff,0xa8,0xff,0xa3,0xfc,0xa3,0xfc,0x8f,0xfc,0x8f,0xf3,0x2a,0x8f,0x20,0x2f,0x0a,0x8f,0x3a,0x8f,
    0xba,0x8f,0xea,0xaf,0xea,0x3f,0x00,0xbf,0x3f,0xf0,0xff,0xf3,0xff,0xf2,0xff,0xfc,0xff,0xfc,0xff,0xfc,0xff,0xff,0xff,0xff,
    0xaa,0x3f,0xaa,0x3f,0xaa,0x3f,0xa0,0x2f,0x8a,0x8f,0x8a,0xa3,0x2a,0xa3,0x3a,0xa3,0xff,0xff,0x3f,0xff,0xc3,0xff,0xbc,0x00,
    0xaf,0xef,0xa8,0xbb,0xa8,0xaa,0xa2,0xaa,0xce,0xa8,0xce,0xa8,0x30,0xa8,0xfa,0x08,0xea,0xa2,0x2a,0xab,0x2a,0xa3,0x8a,0xa3,
    0x8a,0x8f,0x8a,0x8f,0x8a,0x3f,0x20,0xff,0x0f,0xff,0xff,0xff,0xff,0xff,0xff,0xff,0xaa,0x3a,0xaa,0x3a,0xaa,0x4a,0xa8,0x48,
    0xa8,0x28,0xa8,0xa2,0x2a,0x82,0xa8,0x12,0xaa,0x30,0x0a,0x81,0x02,0x85,0x00,0x09,0x10,0x01,0x15,0x50,0x57,0xf5,0x5c,0x3d,
    0x31,0x58,0x4d,0x48,0x75,0x62,0xdd,0x22,0x55,0x8a,0xc3,0x88,0x28,0x20,0x02,0xa0,0x31,0x58,0x4d,0x48,0x5d,0x62,0x75,0x22,
    0x75,0x8a,0xf3,0x88,0x38,0x20,0xce,0xa0,0x1c,0x0d,0x1f,0x0f,0x07,0xf5,0x80,0x54,0xa0,0x00,0x0a,0x02,0x00,0xaa,0x80,0x00,
    0xce,0x81,0x4b,0x81,0x02,0xa0,0x0a,0xa0,0x2a,0xa8,0xa0,0x2a,0x00,0x02,0x05,0x00,0x31,0x58,0x4d,0x48,0x5d,0x62,0x5d,0x22,
    0x75,0x8a,0xf3,0x88,0x3c,0x20,0x3b,0xa0,0xca,0xc1,0xca,0x81,0x02,0xa0,0x0a,0xa0,0x2a,0xa8,0xa0,0x2a,0x00,0x02,0x05,0x00,
    0xff,0xff,0xff,0xff,0xff,0xf5,0xff,0xf4,0xff,0xf0,0xff,0xf6,0xff,0xfa,0xff,0xde,0xff,0xff,0xff,0xff,0xff,0xff,0x7f,0xff,
    0x3f,0xff,0x8f,0xff,0xa3,0xff,0xa8,0x00,0xff,0xff,0xff,0xff,0xff,0xff,0xff,0xf4,0xff,0xc7,0xff,0x3e,0xfc,0xfa,0xf3,0xea,
    0xff,0xff,0xf5,0xff,0x40,0xff,0x00,0xff,0x83,0xff,0x93,0xff,0x9f,0xff,0x8f,0xff,0xff,0xde,0xff,0xc9,0xff,0xc7,0xff,0xdb,
    0xff,0xc6,0xff,0x32,0xff,0x02,0xfd,0x8a,0x97,0xff,0xff,0xea,0xfe,0xa0,0xea,0x8c,0xaa,0x80,0xaa,0xa0,0x2a,0xaa,0xaa,0xaa,
    0x0f,0xaa,0xaa,0xaa,0xaa,0x88,0x2a,0xa3,0x2a,0xa3,0xaa,0xa8,0x96,0xa8,0x55,0xa0,0x7f,0xff,0x3f,0xff,0xff,0xff,0xff,0xfc,
    0xff,0xf3,0xff,0xf3,0xff,0xf2,0xff,0xcb,0xff,0xff,0xff,0xff,0xff,0xff,0x3f,0xff,0xc3,0xff,0xf0,0xff,0xee,0x3f,0xba,0x8f,
    0x02,0x8a,0x00,0x2a,0x04,0xaa,0x94,0xaa,0xa2,0xaa,0xaa,0xaa,0xaa,0xaa,0xaa,0xaa,0x55,0x8f,0x96,0x3a,0xa8,0xaa,0xaa,0xaa,
    0xaa,0xa8,0xaa,0xa8,0xaa,0xaa,0xaa,0xaa,0x3f,0xca,0x8f,0xca,0x1f,0xca,0x0f,0x2a,0x93,0x2a,0x53,0x2a,0xa3,0xca,0xa8,0xf1,
    0xaa,0x8f,0xaa,0x3f,0xa8,0xff,0xa8,0xff,0xa3,0xff,0xa0,0xff,0xaa,0x3f,0xa8,0x3f,0xff,0xca,0xff,0xca,0xff,0x26,0xff,0x22,
    0xfd,0xa2,0xfd,0xa2,0xfc,0xa1,0xff,0x00,0xaa,0xaa,0xaa,0xaa,0xaa,0xaa,0xaa,0xaa,0xaa,0xaa,0xaa,0xaa,0xaa,0xaa,0xaa,0xaa,
    0x97,0xff,0xff,0xea,0xfe,0xaa,0xea,0xa0,0xaa,0x8a,0xaa,0xaa,0x2a,0xaa,0xaa,0xaa,0x0f,0xaa,0xaa,0xaa,0xaa,0x88,0xaa,0xa3,
    0x6a,0xa3,0xaa,0xa8,0x96,0xa8,0x55,0xa0,0xaa,0xaa,0x88,0x5a,0x33,0x26,0x3a,0x2a,0x2a,0x8a,0x1a,0xaa,0x8a,0xaa,0x8a,0x2a,
    0x94,0xf2,0x54,0xca,0xa4,0x2a,0xa8,0x06,0xa8,0x54,0xa1,0x43,0xa0,0x3f,0x8f,0xff,0xa0,0xaa,0xaa,0xa8,0xaa,0x07,0x00,0xff,
    0xff,0xff,0xff,0xff,0xff,0xff,0xff,0xff,0x3f,0xff,0xff,0xff,0xff,0xff,0xff,0xff,0xff,0xff,0xff,0xff,0xff,0xff,0xff,0xff,
    0xfc,0xaa,0xfc,0x68,0xfc,0x6a,0xff,0x2a,0xff,0x2a,0xf4,0x1a,0xce,0xa1,0xca,0xaa,0xf2,0xaa,0xfd,0x2a,0xff,0xd2,0xff,0xf2,
    0xff,0xf2,0xff,0xf2,0xff,0xf5,0xff,0xfc,0xff,0xf3,0xff,0xf2,0xff,0xf7,0xff,0xdb,0xff,0xca,0xff,0x02,0xff,0x2a,0xfd,0xaa,
    0xa5,0xff,0x7f,0xfa,0xfe,0xaa,0xea,0xaa,0xaa,0xaa,0xaa,0xa0,0xaa,0xaa,0x8a,0xaa,0x80,0xfe,0xaa,0xaa,0xaa,0xaa,0xaa,0xaa,
    0xaa,0xaa,0x0a,0xa0,0xaa,0xa8,0xaa,0xa9,0xff,0xff,0xff,0xff,0xff,0xff,0xf7,0xff,0xf3,0xff,0xd3,0xff,0x4f,0xff,0x0f,0xff,
    0xff,0xff,0xff,0xff,0xff,0xff,0xff,0xcf,0xff,0x1f,0xfc,0x5f,0xd1,0x8f,0x01,0x9f,0xff,0xf4,0xff,0xc0,0xff,0x10,0xfc,0x40,
    0xf1,0x01,0xf1,0x01,0xc4,0x03,0xc0,0x07,0x1f,0xff,0x3f,0xff,0x7f,0xff,0xff,0xff,0xff,0xff,0xff,0xff,0xff,0xff,0xd0,0x1f,
    0xff,0xf4,0xff,0xc0,0xff,0x10,0xfc,0x41,0xf1,0x06,0xf0,0x1a,0xc0,0x2a,0xc0,0x6a,0x06,0x7f,0x1a,0x3f,0x6a,0xff,0xa8,0xff,
    0xa8,0xff,0xa3,0xff,0xa3,0xff,0xa3,0xff,0xc0,0x01,0xd0,0x0a,0xf1,0x2a,0xf4,0x66,0xf0,0x59,0xcc,0x15,0x10,0x55,0x25,0x55,
    0xaa,0xa4,0xaa,0x69,0x99,0x95,0x65,0x55,0x55,0x40,0x54,0xc1,0x54,0x01,0x55,0x05,0x00,0xaa,0x40,0xaa,0x40,0x6a,0x50,0x19,
    0x54,0x04,0x55,0x40,0x55,0x55,0x55,0x55,0xa8,0xff,0xaa,0x7f,0xaa,0x3c,0x6a,0x9c,0x06,0x8c,0xf0,0x64,0x3f,0x13,0x3f,0xc3,
    0xff,0xfc,0xff,0xfc,0xff,0xfc,0xff,0xfc,0xff,0xfd,0xff,0xff,0xff,0xf4,0xff,0xca,0x95,0x15,0x95,0x55,0x55,0x01,0x54,0x00,
    0x55,0x41,0x15,0x55,0x15,0x55,0x25,0x55,0x55,0x56,0x55,0x5a,0x55,0x5a,0x55,0x5a,0x55,0x56,0x55,0x55,0x55,0x55,0x55,0x55,
    0xa5,0x55,0xa9,0x55,0xa9,0x55,0xa9,0x55,0xa5,0x55,0x55,0x55,0x51,0x55,0x4a,0x55,0x4f,0xf3,0x4f,0xc7,0x53,0xcf,0x53,0x3f,
    0x53,0xff,0x54,0xff,0x54,0xff,0x54,0xff,0xff,0xe9,0xff,0x26,0xff,0x15,0xff,0x15,0xff,0x14,0xff,0xc4,0xff,0xf1,0xff,0xf2,
    0x89,0x55,0x46,0x66,0x11,0xba,0x40,0xee,0x40,0xbf,0x00,0xbe,0x01,0xfb,0x97,0xee,0x55,0x54,0x66,0x52,0x99,0x84,0xaa,0x40,
    0xaa,0x80,0xaa,0xa0,0xaa,0xa5,0xaa,0xa9,0x29,0x55,0x95,0x55,0x55,0x55,0x55,0x55,0x55,0x54,0x15,0x01,0x00,0x55,0x95,0x55,
    0x54,0xff,0x55,0x3f,0x55,0x3f,0x55,0x3f,0x14,0x3f,0x55,0x0f,0x54,0x0f,0x50,0x0f,0x95,0x15,0x95,0x55,0x55,0x01,0x54,0x00,
    0x55,0x00,0x15,0x41,0x15,0x55,0x25,0x55,0x4f,0xf1,0x4f,0xfc,0x53,0xfc,0x53,0xfd,0x53,0xf7,0x54,0xff,0x54,0xff,0x54,0xff,
    0x65,0x55,0xa1,0x55,0x85,0x55,0x1a,0x55,0x2a,0x55,0x69,0x55,0x55,0x55,0x55,0x55,0xa8,0xff,0xaa,0x7f,0xaa,0x3c,0x6a,0x9c,
    0x16,0x8c,0xc1,0xa4,0x3c,0x63,0x3f,0x17,0x95,0x15,0x95,0x55,0x55,0x01,0x54,0x00,0x55,0x00,0x15,0x40,0x15,0x50,0x25,0x55,
    0x55,0x56,0x55,0x5a,0x55,0x5a,0x55,0x5a,0x15,0x56,0x15,0x55,0x55,0x55,0x55,0x55,0x4f,0xc5,0x4f,0xf1,0x53,0xfc,0x53,0xfc,
    0x53,0xfd,0x54,0xff,0x54,0xff,0x54,0xff,0xfc,0x00,0xff,0x01,0xff,0x15,0xfd,0x15,0xfc,0x15,0xf1,0x41,0xf1,0x55,0xc9,0x54,
    0x1a,0xa9,0x66,0x66,0x59,0x99,0x55,0x55,0x55,0x54,0x55,0x01,0x55,0x55,0x55,0x55,0x90,0x0a,0x50,0x0a,0x54,0x06,0x54,0x01,
    0x15,0x00,0x55,0x50,0x55,0x55,0x6a,0x55,0xff,0xff,0xff,0xff,0xff,0xff,0xff,0xff,0xff,0xd7,0xff,0x3c,0xff,0x0e,0xff,0x62,
    0xff,0xff,0xff,0xff,0xff,0xff,0xff,0xff,0xff,0xff,0xff,0xff,0x1d,0x00,0x45,0x5a,0xff,0xff,0xff,0xff,0xff,0xff,0xff,0xff,
    0xff,0xff,0xff,0xc3,0xfc,0x38,0x03,0x90,0xff,0xda,0xff,0xc8,0xff,0xc3,0xff,0xc1,0xff,0xc8,0xff,0xcc,0xff,0xf3,0xff,0xf3,
    0xb7,0xe5,0xdf,0xaa,0x99,0x59,0x7d,0xa5,0xfa,0xa0,0x25,0x8c,0x3a,0x01,0x28,0xf6,0xa8,0x84,0x5a,0x48,0xa6,0x53,0x2a,0x93,
    0xca,0x93,0xb2,0x4f,0x54,0x4f,0xf9,0x0f,0xca,0x0b,0xfa,0x86,0x3f,0xca,0xcf,0xf1,0xcb,0xf0,0xf0,0x0a,0xfb,0xbb,0xfe,0xee,
    0xfd,0x23,0xb9,0x43,0xa7,0x88,0x5a,0x44,0xa9,0x99,0x16,0x1a,0x81,0x6a,0xf5,0xa9,0x3f,0xff,0x3f,0xff,0xff,0xff,0xff,0xff,
    0xff,0xff,0xbf,0xff,0x2f,0xff,0x82,0xff,0xfc,0x56,0xfe,0x80,0xfc,0x6a,0xf3,0xaa,0xf1,0xaa,0xce,0x55,0xce,0x6a,0xc5,0xaa,
    0x77,0xe5,0xdf,0xaa,0x99,0x59,0x7d,0xa5,0xf9,0xaa,0x25,0x6a,0x3a,0x95,0x2a,0x0a,0xa8,0x84,0x5a,0x48,0xa6,0x53,0x6a,0x93,
    0x9a,0x93,0xaa,0x4f,0xa0,0x4f,0x06,0x0f,0xc8,0xf0,0xf0,0x1f,0x0f,0x7f,0xc0,0x7f,0xcc,0xed,0xf2,0x9a,0xfc,0x02,0xfe,0xee,
    0x19,0x23,0x40,0x83,0xb9,0x08,0x79,0x04,0x59,0x89,0xa6,0x9a,0x9a,0x1a,0x00,0x69,0xf7,0xe9,0xf7,0xff,0xfc,0xff,0xff,0x2f,
    0xff,0xcb,0xff,0xf3,0xff,0xfc,0xff,0xf4,0xa8,0x02,0x96,0xa4,0xfe,0xaa,0xff,0xea,0xff,0xfe,0xff,0xff,0x3f,0xff,0x5a,0xee,
    0xff,0xff,0xff,0xff,0xf7,0xff,0xdc,0xff,0xdc,0xff,0x3a,0x3f,0xaa,0x3f,0xa2,0x3f,0x40,0x15,0x50,0x85,0x52,0xd0,0x43,0xa2,
    0x4b,0x98,0x4e,0x82,0x0e,0x62,0x8a,0x9a,0x45,0x55,0x00,0x84,0x8b,0xc1,0x3f,0x90,0xfa,0x42,0xea,0x1a,0xa9,0x6a,0xa8,0xa9,
    0x92,0x9a,0x46,0x9a,0x1e,0xaa,0x06,0xaa,0x1a,0xaa,0x2a,0xaa,0x6a,0xaa,0xaa,0xa8,0xa6,0xa4,0xaa,0xa0,0xaa,0x86,0xaa,0xaa,
    0xaa,0xaa,0x94,0x6a,0x60,0x2a,0x70,0x69,0x05,0x40,0x6f,0x85,0xba,0x85,0xaa,0x15,0xa4,0x05,0x91,0x50,0x44,0x15,0x15,0x41,
    0xea,0xac,0xfa,0xff,0x7f,0xff,0x85,0xbe,0xaf,0x17,0xab,0xff,0xaf,0xff,0xaf,0xff,0x1a,0xe4,0xff,0x81,0xe4,0x15,0x59,0x05,
    0xfe,0x40,0xff,0x8a,0xff,0xe0,0xff,0xf0,0xc5,0x56,0xc5,0x55,0xf1,0x55,0xfc,0x15,0xff,0x41,0xff,0x10,0xff,0x24,0xff,0x24,
    0xfc,0x94,0xfc,0x94,0xfc,0x02,0xf0,0xa8,0xc2,0xfa,0x62,0xfe,0x22,0xbe,0x96,0xaa,0x3a,0xac,0x3a,0xbf,0x7f,0xff,0x0f,0xf5,
    0x04,0x1b,0x8b,0xff,0xa3,0xf4,0xa9,0x4f,0x1b,0xe1,0xff,0x45,0x50,0x55,0xa9,0x05,0xfe,0x40,0xfd,0x02,0x43,0xfc,0x3f,0xfb,
    0x5a,0xa4,0x6a,0xaa,0x56,0xaa,0x55,0x55,0x01,0x54,0x84,0x00,0x41,0x55,0xb8,0x50,0x15,0x3f,0x45,0x4f,0x51,0x53,0x51,0x54,
    0x05,0x54,0x55,0x03,0x00,0xff,0xff,0xff,0x90,0xaa,0x08,0xaa,0x2f,0x29,0x3f,0xc9,0xbf,0xe1,0xaf,0xaa,0xaa,0xaa,0x2a,0xaa,
    0x93,0xfc,0x7f,0x94,0x25,0x6c,0xd3,0xfc,0xa1,0x0a,0x0a,0x80,0xb0,0x3f,0x3f,0xff,0xff,0xee,0xfa,0xaa,0xaa,0xaa,0xaa,0xaa,
    0x2a,0xaa,0x42,0xa8,0xfc,0x06,0xe4,0xa8,0xea,0x03,0xaa,0x23,0xaa,0x11,0xa8,0x58,0x81,0x58,0x05,0x54,0x05,0x56,0xf1,0x56,
    0xaf,0xfa,0xaa,0x80,0x00,0x7f,0xff,0xff,0xff,0xff,0xff,0xff,0xff,0xff,0xff,0xff,0x92,0x9a,0x4a,0x9a,0x2e,0xaa,0x3a,0xaa,
    0x2a,0xaa,0x1a,0xaa,0x6a,0xaa,0x2a,0xaa,0xa6,0xa4,0xaa,0xa2,0xaa,0x8a,0xaa,0xaa,0xaa,0xaa,0xea,0x6a,0xa8,0x6a,0x91,0xa8,
    0xbc,0x94,0xee,0xd4,0xfb,0x82,0xfe,0xe8,0xff,0xba,0xff,0xee,0xfb,0xfb,0xfe,0xfe,0x1b,0xe1,0xff,0x45,0x50,0x55,0xa9,0x05,
    0xfe,0x40,0xfd,0x02,0x42,0xbf,0xff,0xfe,0x5a,0xa4,0x6a,0xaa,0x56,0xaa,0x55,0x55,0x01,0x55,0xaf,0xf8,0xfe,0xaa,0xaa,0xbf,
    0xef,0xbf,0xbb,0xef,0x2e,0xfb,0x3f,0xbe,0xbf,0xef,0xaf,0xab,0xaa,0xaa,0x2a,0xaa,0xbf,0xbf,0xee,0xef,0xfb,0xba,0xfe,0xea,
    0xbf,0xbf,0xff,0xec,0xff,0xfb,0x3f,0xfe,0xff,0xaa,0xea,0xab,0xab,0xfe,0xff,0xaa,0xea,0xaa,0x42,0xa8,0xfc,0x06,0xe4,0xa8,
    0xaf,0xe3,0xfa,0x83,0xaa,0x01,0xa8,0x58,0x81,0x58,0x05,0x54,0x05,0x56,0xf1,0x56,0xff,0xff,0xff,0xff,0xff,0xff,0xf4,0xff,
    0xf3,0x0f,0xce,0x8f,0xc8,0x63,0x33,0x23,0xff,0xff,0xff,0xff,0xff,0xff,0xff,0xff,0xff,0xfc,0xff,0xc3,0xff,0x3e,0xfc,0xa0,
    0xff,0xff,0xff,0xff,0xff,0xff,0xc3,0xff,0x33,0xff,0xe0,0xff,0xaa,0x3f,0x0a,0x8f,0xff,0xff,0xff,0xff,0xff,0xff,0xff,0xff,
    0xff,0xfc,0xff,0xfc,0xff,0xf1,0xff,0xc2,0x23,0xc8,0x07,0xa0,0x2e,0xaa,0x3e,0xaa,0xfe,0xaa,0xea,0x80,0x9a,0xaa,0xaa,0xaa,
    0xf2,0x81,0x02,0x15,0x9a,0x15,0xaa,0x95,0xaa,0xa5,0x6a,0xa8,0x4a,0xaa,0xa6,0xaa,0x02,0x8f,0x40,0xa3,0x40,0xa8,0x40,0x80,
    0x0a,0x3f,0xa0,0xff,0x0f,0xff,0x8f,0xfc,0xff,0x32,0xff,0xc2,0xff,0xfc,0xff,0xf0,0xff,0xcc,0xff,0xd3,0xff,0xff,0xff,0xff,
    0x6a,0xaa,0x2a,0xaa,0xca,0xaa,0xf0,0x2a,0xc0,0xaa,0x02,0xaa,0xf3,0xaa,0xfc,0xaa,0xaa,0x0a,0xab,0xf0,0xa8,0x0f,0xa9,0x60,
    0xab,0x56,0xa8,0xf0,0xaa,0x0f,0xaa,0xa0,0xa3,0xd3,0x28,0x2a,0xca,0x8a,0x29,0x62,0xa9,0x58,0xaa,0x5c,0x2a,0x9b,0xaa,0xae,
    0xfd,0xaa,0xff,0x2a,0xff,0x2a,0xff,0x2a,0xff,0xc9,0xff,0xca,0xff,0xf2,0xff,0xf2,0x6a,0xaa,0x2a,0xaa,0xca,0xaa,0x36,0xaa,
    0x0a,0xaa,0xce,0xaa,0xf3,0xaa,0xfc,0xaa,0xff,0xce,0xff,0x26,0xf0,0x3a,0xcf,0x38,0xf0,0x19,0xf3,0xc0,0xfc,0x3c,0xff,0xc3,
    0xfa,0xaa,0xf8,0x00,0x6b,0xff,0xa8,0x00,0xa9,0x7f,0xab,0xc0,0xa4,0x2a,0xaa,0xaa,0xa3,0xd3,0xa8,0x2a,0x2a,0x8a,0xa9,0x62,
    0x29,0x58,0xaa,0x5c,0xaa,0x9b,0xaa,0xae,0xaa,0x07,0x6a,0x73,0xaa,0xa1,0xaa,0xaa,0x1a,0xaa,0xf0,0xaa,0x32,0xaa,0x0a,0xaa,
    0x6a,0xae,0x06,0xbb,0xaa,0xee,0xaa,0x90,0xa9,0x3e,0xa3,0xfa,0x4f,0xea,0x3b,0xa9,0xaa,0xaa,0xaa,0xaa,0xaa,0xaa,0xaa,0xaa,
    0x2a,0xaa,0x9a,0xaa,0xaa,0xa9,0x9a,0xa9,0xdf,0x66,0xcf,0x98,0xcf,0x88,0xf2,0xa3,0xfc,0xa3,0xff,0x11,0xff,0xc8,0xff,0xca,
    0x6e,0xa6,0xaa,0x95,0xa6,0x64,0xbd,0x94,0x55,0x65,0x55,0x58,0x55,0x54,0x05,0x52,0x66,0xaa,0x19,0xaa,0x66,0x6a,0x58,0xaa,
    0x12,0xab,0x05,0xa7,0x15,0x57,0x45,0x65,0xa0,0x05,0xaa,0x84,0xaa,0x83,0xaa,0x8f,0x6a,0x8f,0xda,0x3f,0x00,0xff,0xff,0xff,
    0x41,0x99,0x05,0x66,0xf1,0x55,0xc5,0x55,0x3c,0x50,0xc0,0x0f,0xff,0xff,0xff,0xff,0x6a,0xaa,0x06,0xaa,0xaa,0xaa,0xaa,0xaa,
    0xaa,0xaa,0xaa,0x9b,0x6a,0x7e,0x99,0xfb,0xaa,0xaa,0xaa,0xaa,0xaa,0xaa,0xaa,0xaa,0xaa,0xaa,0xaa,0xaa,0xea,0x69,0xaa,0x99,
    0x69,0xfe,0xa7,0xfa,0xa2,0xee,0xa3,0xba,0x69,0xe9,0x00,0xa6,0x90,0x66,0xa9,0x1a,0xaa,0x9a,0xa9,0x6a,0x96,0x81,0x6b,0x7e,
    0xae,0xef,0xab,0xbb,0xaa,0xee,0xaa,0xaa,0xa9,0x5a,0xa9,0x5a,0xaa,0x5a,0x3a,0xaa,0x9e,0xa9,0xcf,0xa9,0xb7,0xa9,0xa2,0xaa,
    0xaa,0x41,0xaa,0x8c,0xaa,0x8f,0xaa,0x8f,0x6a,0x8f,0xda,0x3f,0x00,0xff,0xff,0xff,0xaa,0xaa,0x1a,0xaa,0xc1,0x54,0xc4,0x00,
    0x3c,0x43,0xc0,0x3f,0xff,0xff,0xff,0xff,0xb2,0xaa,0x4a,0xaa,0x04,0x2a,0x03,0xc1,0xff,0xff,0xff,0xfc,0xff,0xff,0xff,0xff,
    0xfd,0x6a,0xf6,0xa4,0xdf,0x0f,0xfc,0x3f,0xe3,0x4f,0xa4,0x15,0xaa,0xab,0xaa,0x90,0xa8,0x55,0xaa,0x55,0x6a,0x84,0xda,0xaa,
    0xda,0xa9,0x7a,0xaa,0xea,0xaa,0x6a,0xaa,0xf2,0x8a,0xf2,0xa9,0xfc,0x93,0xff,0x0f,0xff,0xff,0xff,0xff,0xff,0xff,0xff,0xff,
    0xa4,0x3c,0x0f,0x5c,0xfd,0x00,0xf4,0x00,0xd0,0x01,0x40,0x5a,0x6a,0xaa,0xd0,0x01,0x1a,0xaa,0x06,0xaa,0x0a,0xaa,0x1a,0x6a,
    0xa9,0x6a,0xa1,0x95,0x06,0x5f,0x99,0xff,0xfd,0x7a,0xf7,0xea,0xdf,0xaa,0xfe,0xe9,0xe3,0xa0,0xa9,0x06,0xaa,0xaa,0xaa,0xaa,
    0xa8,0x55,0xaa,0x55,0x9a,0x84,0x1a,0xaa,0x6a,0xa9,0xaa,0xaa,0xaa,0xaa,0xaa,0xaa,0xff,0xff,0xff,0xff,0xff,0xff,0xff,0xff,
    0xff,0xff,0xf0,0x3f,0xcf,0xcf,0xf3,0xd3,0xc0,0x50,0x31,0x53,0x3d,0x53,0x35,0x45,0xc5,0x45,0xc5,0x45,0xc5,0x55,0x1d,0x50,
    0x3f,0xff,0xcf,0xff,0xd3,0xff,0x53,0xff,0x54,0xff,0x54,0xff,0x54,0xff,0x54,0xff,0xfc,0x7d,0xfc,0xd5,0xf1,0xd5,0xf1,0x55,
    0xf0,0x71,0xf0,0xfd,0xf1,0x3c,0xfc,0x40,0x50,0x54,0x54,0x53,0x55,0x13,0x41,0x02,0x7c,0x3c,0x4c,0x3c,0x50,0x3f,0x54,0xff,
    0xaa,0x85,0xaa,0x85,0xaa,0x95,0xaa,0x15,0xa8,0x54,0x81,0x45,0x15,0x1f,0x54,0x15,0x45,0x4f,0x51,0x4f,0x51,0x4f,0x54,0x4f,
    0x01,0x0c,0xf4,0x03,0xfd,0x11,0x55,0x44,0xfc,0xd5,0xfc,0xf0,0xff,0x3c,0xff,0xc3,0xff,0xff,0xff,0xff,0xff,0xff,0xff,0xff,
    0x50,0xff,0x0f,0xff,0xff,0xff,0xff,0xfd,0xff,0xfc,0xff,0xfc,0xff,0xfd,0xff,0xff,0x51,0x41,0x07,0xd4,0x87,0x55,0x85,0x55,
    0x85,0x55,0xa1,0x40,0x44,0x15,0x83,0xc5,0x55,0x43,0x00,0x11,0x55,0x54,0x55,0x54,0x00,0x54,0x55,0x14,0x55,0x41,0x54,0x10,
    0xd5,0x34,0x7f,0xc4,0x55,0x44,0x55,0x50,0x55,0x53,0x55,0x53,0x55,0x4f,0x55,0x3f,0x8f,0x85,0xa0,0x05,0x00,0x00,0x3d,0x00,
    0x3f,0xd0,0xff,0xff,0xff,0xff,0xff,0xff,0x53,0xc0,0x52,0xf0,0x44,0x00,0x00,0x07,0x01,0xff,0xff,0xff,0xff,0xff,0xff,0xff,
    0x13,0x15,0x50,0x55,0x51,0x55,0x55,0x55,0x55,0x40,0x54,0x00,0x40,0x00,0x00,0x00,0x55,0x55,0x4a,0x55,0x4a,0x95,0x2a,0x85,
    0xaa,0x85,0x2a,0x85,0x2a,0x15,0x6a,0x14,0x17,0xcf,0x45,0x4f,0x45,0x3f,0x50,0x0f,0x45,0x50,0x1f,0xd5,0x7f,0x55,0x5f,0x55,
    0xff,0xff,0xff,0xff,0xff,0xff,0xff,0xff,0xff,0xff,0x0f,0xff,0x33,0xff,0x43,0xff,0xff,0xc0,0xff,0x30,0xff,0x34,0xfd,0xd5,
    0xfc,0xd5,0xfc,0x50,0xff,0x05,0xff,0x15,0x00,0x3d,0x00,0x0d,0x80,0x02,0x24,0x1a,0x42,0x80,0x00,0x01,0x40,0x57,0x31,0x7f,
    0xa8,0x54,0xa8,0x54,0xa1,0x51,0x05,0x47,0x00,0x01,0x55,0x54,0xff,0xd5,0xf5,0x55,0x05,0x55,0x50,0x55,0xd5,0x15,0xd5,0x45,
    0x55,0x44,0x55,0x40,0x15,0x41,0x55,0x05,0x43,0xff,0x4f,0xff,0x0f,0xff,0x1f,0xff,0x3f,0x0f,0x3c,0xd3,0x03,0x53,0x15,0x53,
    0xff,0x34,0xfd,0x74,0xfc,0xd1,0xfc,0xcd,0xff,0x0d,0xff,0xc1,0xff,0xfc,0xff,0xff,0xc1,0x5f,0x0d,0x55,0x3c,0x55,0x30,0x55,
    0x03,0x05,0x4f,0xc0,0x00,0x54,0xc5,0x00,0x55,0x55,0x55,0x55,0x55,0x55,0x55,0x54,0x55,0x02,0x00,0x2a,0x44,0x40,0x01,0x55,
    0x44,0x85,0x42,0x85,0x0a,0x95,0x2a,0x15,0xa8,0x54,0x81,0x45,0x15,0x1f,0x54,0x15,0xff,0xff,0xff,0xff,0xff,0xff,0xff,0xfd,
    0xff,0xfc,0xff,0xfc,0xff,0xfd,0xff,0xff,0x44,0x85,0x42,0x85,0x0a,0x95,0x2a,0x15,0xa8,0x55,0x81,0x55,0x15,0x55,0x55,0x41,
    0xff,0xff,0xff,0xfc,0xff,0xf3,0xff,0xf3,0xff,0xf3,0xff,0xfc,0xff,0xfc,0xff,0xc1,0x0f,0xdd,0x53,0x77,0xd0,0x0d,0xf4,0xf0,
    0xd5,0x3b,0x50,0x0f,0x15,0x52,0x54,0x14,0xff,0x3f,0xff,0xcc,0xff,0xf1,0xff,0xf4,0xff,0xff,0xff,0xff,0xff,0xff,0xff,0xff,
    0x53,0xf5,0x14,0xc1,0x00,0x00,0x00,0x00,0x40,0x00,0xf4,0x00,0xff,0x55,0xff,0xff,0x40,0xaa,0x51,0x0a,0x54,0x40,0x01,0x3f,
    0x00,0x3f,0x01,0xff,0x5f,0xff,0xff,0xff,0xa1,0xd5,0xa8,0x55,0x08,0x15,0xf0,0x40,0xff,0x15,0xff,0x31,0xfc,0xfc,0xfc,0x03,
    0x53,0xff,0x0f,0xfc,0xff,0xf3,0xff,0xf3,0xff,0xf3,0xff,0xfc,0xff,0xfc,0xff,0xc1,0xff,0xff,0xff,0xff,0xff,0xff,0xff,0xff,
    0xf3,0xff,0xcc,0xff,0x78,0xff,0x3e,0x3f,0xff,0xff,0xff,0xff,0xff,0xff,0xff,0xff,0xff,0xff,0xc3,0xff,0x78,0xff,0x28,0xff,
    0xff,0xfc,0xff,0xfd,0xff,0xf7,0xff,0xf3,0xff,0xf7,0xff,0xdf,0xff,0xcb,0xff,0xce,0xfb,0x3f,0xee,0x8f,0xfa,0x8f,0xee,0x8f,
    0xfa,0x63,0xea,0x93,0xba,0x63,0xea,0x98,0xff,0xf2,0xff,0x0a,0xcd,0xa8,0x32,0xa0,0x3a,0x00,0x28,0x00,0x20,0x00,0xa0,0x01,
    0xa3,0xff,0x00,0xff,0x04,0x3f,0x10,0x3f,0x04,0xc3,0x12,0x28,0x42,0xa8,0x12,0x63,0xaa,0x64,0xa9,0x98,0x66,0x60,0x99,0x04,
    0x62,0xe2,0x8f,0xb2,0x3f,0xe2,0xfb,0x8a,0x06,0x53,0x46,0x54,0x11,0x05,0x11,0x91,0x40,0xa1,0x45,0xa8,0x15,0x6a,0x95,0x6a,
    0xff,0x40,0xfd,0xff,0xff,0x4a,0xff,0xf3,0xff,0xf3,0xff,0xf7,0xff,0xfa,0xff,0xfc,0xee,0xaa,0xba,0xaa,0x9a,0xa0,0x4a,0x87,
    0x6a,0xb7,0xaa,0x1f,0xaa,0x05,0xaa,0x6a,0xaa,0xaa,0x6a,0xaa,0x1a,0x94,0x47,0xc3,0x50,0x3f,0x0f,0xfd,0xff,0xff,0xff,0xff,
    0xff,0xd8,0xff,0xce,0xff,0xf2,0xff,0xf1,0xff,0x40,0xff,0xb8,0xff,0x2e,0xff,0xcb,0xaa,0xa8,0xa9,0x98,0x66,0x50,0x99,0x44,
    0x54,0xe2,0x0f,0xa2,0x7a,0xa2,0xa1,0x8a,0xff,0xf6,0xff,0xf1,0xff,0xf3,0xff,0xdf,0xff,0xce,0xff,0xca,0xff,0xda,0xff,0xf6,
    0xaa,0xaa,0xaa,0xea,0x6b,0xe0,0xaa,0x87,0xaa,0xcf,0xa8,0x1f,0x69,0x95,0xaa,0xaa,0xff,0xf3,0xff,0xf3,0xff,0xf1,0xff,0xc5,
    0xff,0xc5,0xff,0x77,0xff,0xc0,0xff,0xff,0xc6,0xaa,0xc1,0xa9,0x16,0x03,0x40,0x3f,0x50,0xff,0x0f,0xfd,0xff,0xff,0xff,0xff,
    0xaa,0xaa,0xaa,0xaa,0x1a,0xaa,0x46,0xaa,0x56,0xf8,0x5a,0xf8,0xea,0xa0,0xea,0x05,0xff,0xff,0xff,0xff,0xff,0xc7,0xff,0x33,
    0xff,0x38,0xfd,0xad,0xfc,0xba,0xfc,0xee,0xf4,0xff,0xf2,0x3f,0xcb,0x3f,0xce,0x3f,0x2b,0x3f,0x2e,0x3f,0x7b,0x3f,0xae,0x3f,
    0xff,0xff,0xff,0xff,0xff,0xff,0xff,0xfd,0xff,0xf3,0xff,0xf3,0xff,0xf2,0xff,0xf2,0xfc,0xba,0xfc,0xaa,0xf2,0x2a,0xf2,0x2a,
    0x32,0xaa,0xc2,0xaa,0xc2,0x54,0x90,0xff,0xbb,0x9f,0xae,0x93,0xaa,0x8c,0xaa,0x0c,0xa8,0xcc,0xa8,0xea,0x08,0x6a,0xa0,0xaa,
    0xff,0xff,0xff,0xd0,0xfd,0x3f,0xc3,0xea,0x3e,0xa0,0xaa,0x00,0xa0,0x00,0x00,0x04,0xd0,0x01,0x3f,0xe8,0xea,0x83,0x86,0x3f,
    0x02,0x3f,0x02,0x07,0x02,0xa9,0x46,0x81,0xff,0xf2,0xff,0xdc,0x7f,0x7f,0xdd,0xfa,0xb3,0xa1,0xa1,0xaa,0x68,0x64,0xaa,0x40,
    0xae,0x96,0x6a,0x6a,0xe9,0xa8,0xaa,0x87,0xaa,0x3c,0xaa,0xa1,0x06,0xaa,0x00,0x2a,0x82,0xa8,0xaa,0xa0,0x02,0xa0,0xf6,0x80,
    0xf6,0x9a,0xda,0xaa,0xaa,0xa8,0xaa,0xaa,0x00,0x11,0x00,0x45,0x01,0x15,0xa1,0x55,0x95,0x56,0x15,0x5a,0x56,0xa8,0xaa,0x47,
    0x1a,0x3f,0x58,0xff,0x65,0xff,0xa3,0xff,0x8f,0xff,0x3f,0xff,0xff,0xff,0xff,0xff,0xaa,0xa0,0xaa,0xa8,0x96,0xa8,0x6a,0xaa,
    0xaa,0x5a,0xa9,0x5a,0xa9,0x5a,0x5a,0x6a,0x00,0x06,0x80,0x01,0xc0,0x00,0x00,0x00,0x90,0x00,0x80,0x41,0x81,0x45,0x45,0x55,
    0xaa,0xaa,0xaa,0xaa,0x1a,0xaa,0xf2,0xa2,0xc0,0x0a,0x15,0xaa,0x52,0x8a,0x4a,0x1a,0x00,0x7f,0x8f,0xff,0x8f,0xff,0x97,0xff,
    0xa3,0xff,0xa3,0xff,0xa3,0xff,0xa3,0xff,0x5a,0xaa,0x6a,0xaa,0x8a,0x80,0xa0,0x2a,0xa4,0xba,0x62,0xee,0x92,0x40,0x50,0xba,
    0x21,0x55,0x21,0x54,0x18,0x02,0x42,0xa8,0x90,0x01,0x95,0x05,0x15,0x05,0x41,0x11,0x28,0x6a,0x21,0x5a,0x85,0x6a,0x15,0x98,
    0x56,0x64,0x59,0x91,0x66,0x45,0x55,0x14,0x46,0xea,0x46,0xb9,0x06,0xa5,0xf1,0x55,0xf0,0x55,0xf2,0x20,0xfc,0xc2,0xff,0xfc,
    0x54,0x44,0x54,0x00,0x51,0x55,0x50,0x41,0x4f,0x28,0x0f,0xc3,0x3f,0xff,0xff,0xff,0xaa,0x3f,0xea,0x0f,0xaa,0x33,0xa8,0x30,
    0xa8,0x38,0xa3,0x2a,0x20,0xa8,0x94,0xa8,0x46,0xea,0x46,0xb9,0x06,0xa5,0xf1,0x55,0xf0,0x15,0xf2,0x20,0xf0,0xc2,0xff,0xfc,
    0x54,0x44,0x54,0x00,0x51,0x55,0x50,0x41,0x4f,0x28,0x0f,0xc3,0x3f,0xff,0x3f,0xff,0x52,0xaa,0x42,0xa9,0x31,0x55,0xfc,0x55,
    0xff,0x00,0xff,0xff,0xff,0xff,0xff,0xff,0x54,0x44,0x54,0x00,0x51,0x55,0x40,0x41,0x7f,0x28,0xff,0xc3,0xff,0xff,0xff,0xff,
    0x8f,0xaa,0xa2,0xaa,0xaa,0x5a,0xa9,0xaa,0xa6,0xaa,0xaa,0x94,0xa8,0x02,0xaa,0xaa,0xa2,0xa0,0x06,0xa0,0xaa,0x80,0xaa,0x86,
    0x1a,0x1a,0xaa,0xaa,0xaa,0xa8,0xaa,0xaa,0xff,0xff,0xff,0xfc,0xff,0xfc,0xfc,0x7c,0xf3,0x32,0xf3,0x0e,0xf3,0x8b,0xce,0x8e,
    0xff,0xff,0xff,0xff,0xff,0xff,0xff,0xff,0xff,0xff,0xff,0xd3,0xff,0xcc,0xff,0xcf,0xcb,0xbb,0xce,0xae,0xca,0xab,0x02,0xaa,
    0x22,0xaa,0x2a,0xaa,0x0a,0x90,0x10,0x3e,0xaa,0x3f,0xa8,0xff,0x08,0xff,0x08,0x1f,0x0a,0x4f,0x69,0x3f,0x28,0xff,0x63,0xff,
    0x11,0x15,0x04,0x55,0x85,0x56,0x95,0x56,0x15,0x58,0x15,0xa3,0x5a,0x0f,0xa0,0xff,0x8f,0xff,0x8f,0xff,0x3f,0xff,0x3f,0xff,
    0xff,0xff,0xff,0xff,0xff,0xff,0xff,0xff,0xff,0xfc,0xff,0xf0,0xff,0xf1,0xff,0xf0,0xff,0xfc,0xff,0xfc,0xff,0xff,0xff,0xfc,
    0xe0,0x11,0x90,0x44,0x01,0x11,0x40,0x44,0x90,0x15,0xa4,0x55,0xaa,0x19,0xaa,0x86,0x15,0x53,0x55,0x93,0x15,0x63,0x56,0x67,
    0x59,0x8f,0x66,0x8f,0x9a,0x3f,0x68,0xff,0xff,0xfc,0xff,0xf3,0xff,0xf3,0xff,0xf3,0xff,0xf2,0xff,0xfc,0xd3,0xff,0x7c,0x7f,
    0xee,0xa8,0xfa,0xaa,0xee,0xaa,0xb9,0x2a,0xe8,0xea,0xaa,0xa5,0x15,0x40,0x00,0x00,0xc0,0xf1,0x8c,0x16,0x96,0xaa,0xbe,0x56,
    0xa5,0x00,0x40,0xc0,0x00,0x30,0x01,0x3c,0xaa,0x99,0xaa,0x60,0xa9,0x93,0x66,0x54,0x99,0x54,0x05,0x50,0x05,0x40,0x94,0x00,
    0x43,0xff,0x3f,0xff,0xff,0xff,0xff,0xff,0x03,0xff,0x28,0x3f,0x2a,0x8f,0x02,0x63,0xff,0xfd,0xff,0xfc,0xff,0xfc,0xff,0xf7,
    0xff,0xf3,0xff,0xce,0xff,0xcf,0xff,0x3e,0xfe,0x04,0xe8,0x52,0x81,0x64,0x85,0x59,0x15,0xa6,0xea,0xa9,0xba,0xaa,0xea,0x80,
    0xb0,0x00,0xac,0x36,0xa8,0x40,0x20,0x1a,0x40,0x45,0x94,0x10,0x54,0xfd,0x54,0xff,0x6d,0x01,0xd0,0xa5,0x0a,0x55,0x95,0x54,
    0x55,0x01,0x00,0x44,0x05,0x03,0xe0,0xee,0x50,0xfc,0x44,0xbf,0x10,0x20,0x40,0x8f,0x00,0xbf,0x02,0xff,0x02,0xbe,0x3c,0x2b,
    0x19,0x19,0x6e,0x84,0xf3,0xa1,0xcc,0xa4,0x3a,0x29,0x3a,0x8a,0xca,0x8a,0xb0,0x1a,0xff,0xff,0xff,0xff,0x3f,0xff,0x7f,0xff,
    0x3f,0xff,0x3f,0xff,0x4f,0xff,0x8f,0xff,0xff,0x3f,0xff,0x3f,0xff,0x3f,0xfd,0x3f,0xfd,0x8e,0xfc,0x8e,0xfc,0x62,0xfc,0x68,
    0xba,0x3f,0xe8,0xea,0xa8,0xaa,0xa6,0x28,0x99,0x41,0x65,0x55,0x95,0x54,0x55,0x41,0x13,0xff,0x13,0xff,0x13,0xff,0x4f,0xff,
    0x0f,0xff,0x0b,0xfe,0xc6,0xa4,0x04,0x1f,0x2f,0x8a,0xca,0x8a,0xf0,0x1a,0xfc,0x66,0xff,0x19,0xff,0x85,0xfa,0x80,0xa8,0x10,
    0xea,0xaa,0xaa,0xaa,0xaa,0xaa,0x6a,0xaa,0x9a,0xaa,0x66,0x6a,0x55,0x9a,0x15,0x56,0x93,0xff,0x93,0xff,0xa3,0xff,0xa4,0xff,
    0xa4,0xff,0xa4,0xff,0x94,0xff,0x54,0xff,0x00,0x03,0x10,0x1a,0x12,0xf2,0x47,0xf8,0x4f,0xe8,0x6f,0xaa,0x2a,0xa9,0x2a,0xa5,
    0xc1,0x55,0xf8,0x15,0xf9,0x40,0xe5,0x51,0x95,0x51,0x55,0x51,0x55,0x45,0x55,0x45,0x51,0xff,0x45,0x3f,0x15,0x3f,0x15,0x4f,
    0x45,0x4f,0x45,0x4f,0x51,0x13,0x50,0x53,0xff,0xfc,0xff,0xf3,0xff,0xf3,0xff,0xf3,0xff,0xf2,0xff,0xfc,0xff,0xff,0xff,0xff,
    0xff,0xff,0xff,0xff,0xff,0xfc,0xff,0xf7,0xff,0xf3,0xff,0xce,0xff,0xcf,0xff,0x3e,0xd0,0x14,0x7f,0xc5,0x3f,0xe0,0xcf,0xa3,
    0xb0,0xa3,0xee,0x02,0xba,0x8c,0xea,0x3e,0x90,0x00,0x00,0x50,0xf8,0x61,0xf8,0x5d,0xe1,0x07,0x85,0x00,0x15,0x3c,0x14,0xff,
    0x15,0x3f,0x55,0x0c,0x54,0x91,0x4b,0x45,0xb4,0x15,0x01,0x50,0x15,0x03,0xc0,0xee,0x50,0x0f,0x44,0x3f,0x10,0x3e,0x40,0x88,
    0x00,0x23,0x03,0x83,0x0f,0x8c,0xce,0x3b,0x84,0x19,0x39,0x44,0x2a,0x91,0x02,0xa4,0xfc,0xa9,0xfa,0x2a,0x2a,0x2a,0x80,0x6a,
    0xaa,0x3a,0xe8,0xaa,0xa8,0xa8,0xa5,0x01,0x99,0x55,0x65,0x55,0x95,0x54,0x55,0x41,0x8a,0x2e,0xca,0x8b,0xf2,0x8a,0xfc,0x26,
    0xff,0x19,0xff,0x85,0xfa,0x80,0xa8,0x10,0x17,0xa3,0xbe,0x9f,0x6a,0xab,0x5a,0xaa,0x5a,0xaa,0x5a,0xaa,0xbf,0x92,0xfa,0x41,
    0xe9,0x06,0xa4,0x1a,0x42,0xfa,0xab,0xa8,0xaa,0x40,0x90,0x31,0x0c,0x00,0x51,0x55,0xff,0x2a,0xff,0xca,0xff,0xd0,0xff,0xf1,
    0xff,0xc4,0xff,0x32,0xff,0x30,0xfc,0xd3,0x7f,0xea,0xbf,0xca,0xfd,0xca,0xfd,0xca,0xff,0xea,0xf5,0xa0,0x7f,0xa5,0x7f,0xa8,
    0x89,0xaa,0x89,0xaa,0x89,0xaa,0xaa,0xaa,0xa9,0x6a,0x2a,0xaa,0x2a,0xaa,0xaa,0xaa,0xaa,0xa3,0xaa,0x80,0xa0,0x30,0x8c,0xe0,
    0x86,0x50,0x9a,0x9e,0x6a,0x9e,0xaa,0xa6,0xfc,0xaa,0xff,0x2a,0xff,0x2a,0xff,0xc9,0xff,0xf1,0xff,0xfc,0xff,0xff,0xff,0xff,
    0x9e,0xaa,0xaa,0xaa,0xaa,0xaa,0xaa,0xaa,0xaa,0xaa,0x6a,0xaa,0x2a,0xaa,0x1a,0xaa,0xaa,0xaa,0xaa,0xaa,0xaa,0xaa,0xaa,0xaa,
    0xaa,0xa8,0xaa,0xa8,0xaa,0xa6,0xaa,0xa6,0xaa,0xa8,0xaa,0x92,0xaa,0x6a,0x06,0xa9,0xf4,0xa8,0xfd,0x28,0x56,0x22,0xaa,0xa2,
    0xaa,0xa9,0xaa,0x9a,0xaa,0x6a,0xaa,0x2a,0x00,0xaa,0x2a,0xa0,0xc0,0x0f,0xff,0xff,0xff,0xff,0xff,0xff,0xff,0x43,0xf4,0x54,
    0x51,0x50,0x15,0x50,0xd5,0x40,0xa5,0x40,0xff,0xff,0xff,0xfc,0xff,0x01,0xfc,0x95,0xfc,0x56,0xfc,0x56,0xff,0x16,0xff,0x1a,
    0x7f,0xea,0xbf,0xca,0xfd,0xca,0xfd,0xca,0xff,0xea,0xf5,0xa0,0x7f,0xaa,0x7f,0xaa,0x89,0xaa,0x89,0xaa,0x89,0xaa,0xaa,0xaa,
    0xa9,0x6a,0x2a,0xaa,0xaa,0xaa,0xaa,0xaa,0x7f,0xea,0xbf,0xea,0xfd,0x6a,0xff,0xca,0xff,0xea,0xf5,0xa0,0xff,0xa5,0xff,0xa8,
    0xaa,0xaa,0xa1,0xaa,0x8a,0xaa,0xaa,0xa8,0xa9,0x6a,0x2a,0xaa,0x2a,0xaa,0xaa,0xaa,0xfd,0xf8,0xff,0x2a,0xf4,0xca,0xf3,0x06,
    0xdf,0xe2,0xce,0xe8,0x3a,0xea,0x7f,0xea,0x2a,0x89,0x2a,0x89,0x2a,0x89,0x6a,0x96,0xaa,0xaa,0x90,0xa6,0x15,0x0a,0xa5,0x2a,
    0xcf,0xab,0xf2,0xab,0xfc,0xab,0xff,0x2b,0xff,0xca,0xff,0xf2,0xff,0xf2,0xff,0xfc,0xa0,0xaa,0xaa,0xaa,0xaa,0xaa,0xaa,0xaa,
    0xaa,0xaa,0xaa,0xaa,0xaa,0xaa,0xaa,0xaa,0xaa,0xaa,0xaa,0xaa,0xaa,0xaa,0xaa,0xa9,0xaa,0xa9,0xaa,0xa6,0xaa,0xa6,0x6a,0xa6,
    0xaa,0xaa,0xa6,0xaa,0x6a,0xaa,0xa4,0x92,0x9f,0x3c,0x8f,0x79,0x7a,0xaa,0x2a,0xaa,0xa8,0x80,0xa8,0xa9,0xa9,0xa9,0xa2,0xa9,
    0xa2,0xa6,0x26,0xa6,0x1a,0x9a,0x09,0x6a,0x95,0xa9,0xaa,0x55,0xaa,0x85,0xaa,0x00,0x6a,0x75,0x98,0xff,0x03,0xff,0xff,0xff,
    0x29,0x5a,0x29,0x5a,0x4a,0x68,0x52,0xa1,0x00,0x00,0xf0,0x44,0xff,0xff,0xff,0xff,0x16,0xaa,0x2a,0xaa,0xaa,0xa4,0xa9,0x0f,
    0x43,0xff,0x3f,0xff,0xff,0xff,0xff,0xff,0xaa,0x3f,0xa8,0xf0,0xa4,0x13,0xa1,0x0a,0x80,0xfa,0xbf,0xe9,0xfe,0xa9,0xaa,0xaa,
    0xf0,0x0f,0x1a,0xa3,0x32,0x0f,0xa0,0xff,0x6b,0x3f,0xd8,0xff,0xd8,0xff,0x63,0xff,0xaa,0xaa,0xaa,0xaa,0xaa,0xa8,0xaa,0x01,
    0x40,0x6a,0xa8,0x9a,0xa8,0xa6,0xa8,0xa6,0xa3,0xff,0x0f,0xff,0xff,0xff,0xff,0xff,0x3f,0xff,0x8f,0xff,0xa3,0xff,0xa3,0xff,
    0xfc,0x3d,0xff,0xff,0xff,0xff,0xff,0xfc,0xff,0xd3,0xff,0x7c,0xff,0x16,0xff,0x2a,0xbf,0xea,0x3f,0xba,0x2f,0xee,0xfa,0xba,
    0x5a,0xae,0xf6,0xaa,0x5a,0xaa,0xaa,0xa6,0xa8,0xa9,0xa8,0xa9,0xa8,0xa9,0xa2,0xa9,0xa2,0xa6,0xa2,0xa6,0xa2,0x9a,0x89,0x6a,
    0xfc,0xff,0xb8,0xff,0xec,0xff,0xb8,0xff,0xa8,0xff,0xa7,0xff,0xa3,0xff,0x9f,0xff,0xff,0x69,0xff,0xc9,0xff,0xda,0xff,0xf6,
    0xff,0xfd,0xff,0xff,0xff,0xff,0xff,0xff,0x6a,0xa9,0x5a,0xa4,0x5a,0x91,0xa9,0x3f,0x03,0xff,0xff,0xff,0xff,0xff,0xff,0xff,
    0x56,0xaa,0x05,0x54,0x50,0x01,0xff,0xf1,0xff,0xfc,0xff,0xfc,0xff,0xff,0xff,0xff,0x0f,0xaa,0x9e,0xaa,0x7e,0x9a,0x3e,0xa4,
    0x3e,0xaa,0x3e,0xa9,0xfe,0xaa,0xfe,0xaa,0xaa,0xaa,0xaa,0xaa,0xaa,0xa9,0x2a,0x02,0xaa,0xaa,0x90,0xa6,0x15,0x0a,0xa0,0x2a,
    0xff,0xff,0xff,0xff,0xff,0xff,0xff,0xff,0xff,0xff,0xff,0x40,0xf4,0xf3,0xcf,0xcf,0xff,0xff,0xff,0xff,0xff,0xff,0xff,0xff,
    0x90,0xff,0xff,0x10,0xff,0x0f,0xfc,0xff,0xff,0xff,0xff,0xff,0xff,0xff,0xff,0xff,0xff,0xff,0x1f,0xff,0xf1,0xff,0xff,0x3f,
    0xff,0xff,0xff,0xff,0xff,0xfc,0xff,0xf0,0xff,0xcf,0xff,0xce,0xff,0x3b,0xd1,0x2e,0x3f,0xcf,0x2e,0x2e,0x3b,0x3b,0x2e,0x2a,
    0x2a,0x2a,0x2a,0x2a,0x2a,0x2a,0x2a,0x25,0xb3,0xfe,0xe3,0xbb,0xa2,0xaa,0x8a,0xaa,0x8a,0xa8,0x8a,0xa2,0x4a,0x89,0x86,0x46,
    0xee,0x03,0xa4,0x00,0x87,0xff,0x3f,0xee,0xbb,0xbb,0xee,0x80,0xa8,0x2f,0x42,0xfe,0xff,0xff,0xff,0xff,0x0f,0xff,0xcf,0xff,
    0xa3,0xff,0x03,0xff,0xf0,0xff,0xee,0x3f,0x0a,0x45,0x05,0x85,0x81,0x51,0xa0,0x51,0xa8,0x14,0x28,0xc5,0x64,0xf1,0x05,0x00,
    0x49,0x19,0x45,0x14,0x44,0x51,0x44,0x51,0x50,0x45,0x10,0x00,0x01,0xa9,0x2e,0xea,0x29,0xbb,0x56,0xaa,0x55,0xa8,0x56,0x63,
    0x55,0x8a,0x01,0x4a,0x0c,0x0a,0xa7,0xd6,0xbb,0x8f,0xaa,0x8f,0x0a,0xa3,0xf2,0xa3,0xa8,0xa3,0xa8,0xa3,0x82,0x93,0xaa,0x4f,
    0xa3,0xf5,0xa9,0xfc,0xa8,0xff,0xaa,0x7f,0xaa,0x3f,0xaa,0x3f,0xaa,0x4f,0xaa,0x8f,0x54,0x3f,0x03,0xff,0xff,0xff,0xff,0xff,
    0xff,0xff,0xff,0xff,0xff,0xff,0xff,0xff,0x29,0xbb,0x56,0xaa,0x55,0xaa,0x56,0x68,0x55,0xa3,0x01,0x4a,0x0c,0x0a,0xa7,0xca,
    0xbb,0x8f,0xaa,0x8f,0xaa,0xa3,0x0a,0xa3,0xf2,0xa3,0xa8,0xa3,0xa8,0x93,0x82,0x8f,0xa3,0xd6,0xa9,0xf5,0xa8,0xfc,0xaa,0x7f,
    0xaa,0x3f,0xaa,0x3f,0xaa,0x4f,0xaa,0x8f,0xaa,0x7f,0x54,0x3f,0x03,0xff,0xff,0xff,0xff,0xff,0xff,0xff,0xff,0xff,0xff,0xff,
    0xfc,0xa8,0xfc,0x21,0xfc,0x65,0xfc,0x85,0xf2,0x85,0xf2,0xa1,0xf2,0xa1,0xf1,0xa8,0xf4,0xaa,0xfd,0x2a,0xfc,0x2a,0xfc,0xea,
    0xfc,0xea,0xfd,0x92,0xff,0x6a,0xff,0xca,0xaa,0xaa,0xaa,0x40,0xa8,0x2a,0xa2,0xaa,0xaa,0xaa,0xaa,0xa4,0xaa,0x40,0xa4,0x01,
    0xf4,0x2a,0xfd,0x2a,0xfc,0x6a,0xfc,0xea,0xfc,0xea,0xfd,0x92,0xff,0x6a,0xff,0xc5,0xaa,0xaa,0xaa,0x40,0xa8,0xd0,0xa0,0x4a,
    0xaa,0xaa,0xaa,0xa4,0xaa,0x40,0x54,0x01,0xff,0xf0,0xff,0xfc,0xff,0xf1,0xff,0xd4,0xff,0xc0,0xff,0xf0,0xff,0xff,0xff,0xff,
    0x00,0x3f,0x00,0x7f,0x10,0xff,0x41,0xff,0x07,0xff,0x3f,0xff,0xff,0xff,0xff,0xff,0xf3,0xff,0xa3,0xff,0x8f,0xff,0x3f,0xff,
    0xff,0x40,0xd4,0xff,0x0a,0xff,0x2a,0xba,0xff,0xff,0xff,0xff,0xff,0xff,0xff,0xff,0x7f,0xff,0xc1,0xff,0xff,0x1f,0x00,0x37,
    0xff,0xcf,0xff,0x7f,0xff,0x3f,0xfc,0xff,0xfc,0x5a,0xfc,0x2a,0xff,0x16,0xff,0xc5,0xff,0xc8,0xff,0x24,0xfc,0x51,0xfc,0x61,
    0xf1,0x91,0xc1,0x61,0xc1,0x51,0x10,0x51,0x5a,0xa0,0x66,0x8b,0x59,0x2f,0x64,0xab,0x54,0xae,0x52,0xab,0x51,0xaa,0x46,0x6a,
    0xbf,0xc3,0xff,0xfc,0xff,0xff,0xff,0xff,0xff,0xff,0xbf,0xff,0xec,0x00,0x83,0xff,0xff,0xff,0xff,0xff,0x3f,0xff,0xdf,0xff,
    0xcf,0xff,0xb7,0xff,0x23,0xff,0xc3,0xff,0x24,0x54,0x14,0x54,0x81,0x14,0xa8,0x05,0xaa,0xa0,0xaa,0xaa,0xaa,0xaa,0xaa,0xaa,
    0x45,0x98,0x45,0x68,0x51,0x52,0x11,0x46,0x41,0x46,0x01,0x19,0xa1,0x16,0xa8,0x01,0x3f,0xff,0xff,0xff,0xff,0xff,0xaf,0xbb,
    0xaa,0xee,0xaa,0xbb,0x60,0x02,0x0a,0xac,0xfd,0xff,0xfe,0x7f,0xfe,0x3f,0xba,0x8f,0xee,0x8f,0xba,0x8f,0xaa,0xa3,0x2a,0xa3,
    0xaa,0xbb,0xaa,0xef,0xaa,0xbb,0xaa,0xef,0xaa,0xbf,0x2a,0xaf,0x8a,0xab,0xa2,0xaa,0x8a,0xa3,0xe2,0xa3,0xf8,0xa3,0xfc,0xa3,
    0xfe,0x27,0xff,0x1f,0xbf,0x8f,0xee,0xcf,0xbb,0x8f,0xae,0xcf,0xbb,0x8f,0xae,0xcf,0xab,0x3f,0xaa,0x3f,0xa8,0xff,0x98,0xff,
    0x66,0x86,0x59,0x19,0x56,0x26,0x58,0x50,0x50,0x0f,0x0f,0xff,0xff,0xff,0xff,0xff,0x63,0xff,0x8f,0xff,0x3f,0xff,0xff,0xff,
    0xff,0xff,0xff,0xff,0xff,0xff,0xff,0xff,0xf3,0xff,0xa3,0xff,0x8f,0xff,0x3f,0xff,0xff,0x40,0xd4,0xff,0x0a,0xfc,0x2a,0x82,
    0xff,0xff,0xff,0xff,0xff,0xff,0xff,0xff,0x7f,0xff,0xc1,0xff,0x3f,0x1f,0xff,0xf3,0x5a,0x2b,0x64,0xab,0x58,0xaf,0x62,0xab,
    0x52,0xae,0x46,0xab,0x45,0xaa,0x46,0x6a,0xbf,0xfc,0xff,0xff,0xff,0xff,0xff,0xff,0xff,0xff,0xbf,0x00,0xe0,0xff,0x0f,0xff,
    0xff,0xff,0xff,0xff,0xff,0xff,0xaf,0xbb,0xaa,0xee,0xa8,0x00,0x42,0xaa,0x2a,0xae,0xfd,0xff,0xfe,0x7f,0xfe,0x3f,0xba,0x9f,
    0xee,0x8f,0xba,0x8f,0x0a,0xa7,0xa2,0xa7,0xaa,0x14,0xaa,0x82,0xaa,0x80,0xa8,0x2a,0x82,0xaa,0x28,0xaa,0xaa,0x2a,0xaa,0x2a,
    0xaa,0xbb,0xaa,0xef,0xaa,0xbb,0x0a,0xef,0xa2,0xbf,0xa8,0xaf,0xaa,0x2b,0xaa,0x2a,0xa8,0xa3,0xe8,0xa3,0xfa,0x23,0xfe,0x23,
    0xfe,0x0f,0xff,0x8f,0xbf,0x8f,0xee,0xcf,0xaa,0x8a,0xaa,0x8a,0xaa,0x8a,0xaa,0x2a,0xaa,0x2a,0x98,0xaa,0x64,0xaa,0x92,0x99,
    0xaa,0x8a,0xaa,0x8a,0xaa,0xa2,0xaa,0xa2,0xaa,0xa2,0xaa,0xa2,0xa6,0x86,0x99,0x89,0xbb,0x8f,0xae,0xcf,0xbb,0x3f,0xae,0x3f,
    0xab,0x3f,0xa8,0xff,0x64,0xff,0x93,0xff,0x65,0x55,0x95,0x15,0x54,0x80,0x55,0x29,0x55,0x45,0x55,0x31,0x03,0xff,0xff,0xff,
    0x52,0x66,0x09,0x99,0x66,0x66,0x99,0x55,0x55,0x55,0x55,0x55,0x05,0x40,0xf0,0x3f,0x66,0x86,0x99,0x15,0x66,0x10,0x58,0x0f,
    0x53,0xff,0x0f,0xff,0xff,0xff,0xff,0xff,0x4f,0xff,0x3f,0xff,0xff,0xff,0xff,0xff,0xff,0xff,0xff,0xff,0xff,0xff,0xff,0xff,
    0xff,0xcf,0xff,0x7f,0xff,0x3e,0xfc,0xfb,0xfc,0x5a,0xfc,0x2a,0xff,0x16,0xff,0xc5,0xf7,0x1a,0xb0,0x6a,0xe2,0xaa,0xaa,0xaa,
    0xaa,0xa2,0xaa,0x0a,0xa8,0xaa,0x84,0xaa,0xff,0xf0,0xff,0xff,0xff,0xff,0xff,0xff,0xff,0xff,0xff,0xff,0xff,0xff,0xff,0xff,
    0x4f,0xfc,0x3f,0xff,0xff,0xff,0xff,0xf5,0xff,0x4a,0xf4,0xaa,0x4a,0xa6,0xa9,0x99,0xc3,0xe8,0x32,0xe8,0xf5,0x02,0x0a,0xaa,
    0xaa,0xaa,0x99,0x90,0x66,0x06,0x90,0x99,0x52,0x08,0x00,0xa2,0xaa,0xa2,0xaa,0x8a,0xa0,0x2a,0x09,0x99,0x66,0x66,0x99,0x95,
    0xa6,0x65,0x99,0x54,0x65,0x52,0x40,0x09,0xff,0x26,0xfc,0x95,0xfc,0x50,0xff,0x0f,0x06,0x66,0x99,0x99,0x66,0x66,0x99,0x55,
    0x55,0x55,0x55,0x00,0x00,0xff,0xff,0xff,0x4f,0xfc,0x3f,0xc2,0xfc,0x2a,0xf2,0xaa,0xca,0xaa,0x2a,0x99,0x6a,0x65,0x99,0x94,
    0x00,0x08,0xaa,0xa0,0xaa,0xaa,0xa9,0xa0,0x66,0x0a,0x90,0xaa,0x4a,0xa6,0x2a,0x99,0x52,0x02,0x00,0x2a,0x0a,0xaa,0xaa,0xaa,
    0xaa,0xaa,0xa9,0x99,0x66,0x66,0x99,0x95,0x66,0x40,0x19,0x32,0x25,0x32,0xc4,0xc9,0xf0,0xc6,0xff,0x15,0xff,0x14,0xff,0xc3,
    0xa6,0x66,0x99,0x95,0x65,0x55,0x95,0x00,0x50,0xff,0x0f,0xff,0xff,0xff,0xff,0xff,0x55,0x55,0x55,0x15,0x00,0x80,0xff,0x29,
    0xff,0xc5,0xff,0xf1,0xff,0xff,0xff,0xff,0x3f,0xea,0x3b,0xa8,0x4a,0x82,0xf1,0x6a,0xfe,0xaa,0xff,0xaa,0xfe,0x9a,0xfb,0x8a,
    0xfe,0x1a,0xe4,0x6a,0xea,0xaa,0xaa,0xaa,0xaa,0x82,0xa8,0x2a,0x81,0xaa,0x3c,0xaa,0xaa,0x8f,0xaa,0x8f,0xa8,0x03,0xa2,0xb8,
    0xab,0xe8,0xae,0xa0,0xaa,0x83,0xa8,0x3f,0xff,0xff,0xff,0xfc,0xff,0xf2,0xff,0xf2,0xff,0xfc,0xff,0xff,0xff,0xff,0xff,0xff,
    0x00,0x53,0x31,0x4f,0xc0,0x3c,0x83,0x06,0x38,0xaa,0xc0,0x3a,0xff,0xc3,0xff,0xfd,0x29,0x2a,0x68,0x1a,0xaa,0x0a,0xaa,0x0a,
    0xaa,0x9a,0xaa,0xaa,0xaa,0xaa,0x06,0xaa,0xa8,0xff,0xa5,0xff,0xa3,0xff,0x8f,0xff,0x3f,0xff,0xff,0xff,0x3f,0xff,0x8f,0xff,
    0xaa,0xa8,0xaa,0xa8,0xaa,0xaa,0xaa,0xaa,0xaa,0xaa,0xa8,0xaa,0xa2,0xaa,0x80,0x2a,0xce,0xaa,0xb2,0xaa,0xe2,0xaa,0xb8,0xaa,
    0x2a,0x2a,0xc0,0x02,0xcf,0x00,0xcf,0x43,0xa6,0xa2,0xaa,0xa0,0xaa,0xa3,0xaa,0x80,0xaa,0x00,0xa8,0xa3,0x06,0xa8,0x2a,0xaa,
    0x00,0xca,0xc1,0x32,0xc5,0x32,0x15,0x31,0x54,0xda,0x03,0x6f,0xfd,0xbe,0x42,0xaa,0x05,0x53,0x31,0x4d,0xc2,0xaa,0xc2,0xfa,
    0x38,0xaa,0x2a,0x3a,0xc0,0x0a,0xff,0xf4,0x2a,0xaa,0x6a,0x8a,0xa2,0x0a,0xa8,0xa2,0xaa,0xaa,0xaa,0xaa,0xaa,0xaa,0xaa,0xaa,
    0xaa,0xaa,0xaa,0xaa,0xaa,0xaa,0xaa,0xaa,0xaa,0xaa,0xaa,0xaa,0xaa,0xa8,0xaa,0x82,0xa0,0x0f,0xa8,0x3f,0xa8,0xff,0xa7,0xff,
    0x83,0xff,0x4f,0xff,0x3f,0xff,0x8f,0xff,0x06,0xaa,0x24,0x00,0xea,0x83,0xaa,0x0f,0xa0,0xff,0x0f,0xff,0xff,0xff,0xff,0xff,
    0x90,0x6a,0x7f,0x2a,0xff,0xca,0xff,0xf0,0xff,0xff,0xff,0xff,0xff,0xff,0xff,0xff,0xce,0xaa,0xb2,0xaa,0xe2,0xaa,0xb8,0xaa,
    0x2a,0x2a,0xc0,0x02,0xcf,0xfc,0xcf,0x00,0xa6,0xa2,0xaa,0xa0,0xaa,0xa3,0xaa,0x83,0xaa,0x00,0xa8,0xa3,0x06,0xa8,0x2a,0xaa,
    0x3f,0xca,0xff,0xf2,0xf0,0x02,0x0f,0xf1,0xff,0xda,0xff,0x6f,0xfd,0xbe,0x42,0xaa,0x04,0xff,0x33,0xfd,0xc2,0xaa,0xc2,0xfa,
    0x38,0xaa,0x2a,0x3a,0xc0,0x03,0xff,0xfd,0x2a,0xaa,0x6a,0x8a,0xa2,0x0a,0xa8,0xa2,0xaa,0xaa,0xaa,0xaa,0xaa,0xaa,0x06,0xaa,
    0x05,0x53,0x31,0x4d,0xc2,0xaa,0xc2,0xfa,0x38,0xaa,0x2a,0x3a,0xc0,0x03,0xff,0xfd,0xff,0x1f,0xfd,0x70,0xf4,0xcc,0xf4,0xcc,
    0xd8,0xc1,0xc8,0xf5,0x6a,0x3f,0x2a,0x86,0xff,0xfd,0xfd,0x3c,0xf7,0xcc,0xf3,0xa6,0xf2,0xa2,0xf6,0xa2,0xfc,0xaa,0xfc,0xaa,
    0xaa,0xaa,0xaa,0xbf,0xab,0xff,0xaf,0xff,0xaf,0xff,0xbf,0xff,0xbf,0xff,0xff,0xff,0x1a,0xaa,0xc0,0x0a,0xc0,0x2a,0xca,0x2a,
    0xf0,0xfe,0xff,0xff,0xff,0xd0,0xff,0x7f,0x8c,0x17,0xa3,0xfc,0xa9,0x02,0xaa,0xaa,0xaa,0xaa,0xaa,0xaa,0x6a,0xaa,0xaa,0xaa,
    0x2a,0x7f,0xa9,0x3f,0xa9,0x3f,0xa9,0x3f,0xaa,0x3f,0xaa,0x7f,0xaa,0x8f,0xaa,0x8f,0xff,0x2a,0xff,0x2a,0xff,0xca,0xff,0xca,
    0xff,0xf2,0xff,0xf6,0xff,0xfc,0xff,0xff,0xff,0xff,0xff,0xff,0xff,0xff,0xff,0xff,0xff,0xff,0xbf,0xff,0xbf,0xff,0x2f,0xff,
    0xff,0x3e,0xff,0x6a,0xff,0xca,0xff,0xf0,0xff,0xff,0xff,0xff,0xff,0xff,0xff,0xff,0xaa,0xaa,0xaa,0xaa,0xaa,0xaa,0xaa,0xaa,
    0x0a,0xaa,0xfd,0xaa,0xff,0xaa,0xff,0xea,0xaa,0x8f,0xaa,0x9f,0xaa,0xa3,0xaa,0xa3,0xaa,0xa7,0xaa,0xa9,0xaa,0xa8,0xaa,0xa8,
    0xff,0x1f,0xff,0x70,0xfd,0xcc,0xfc,0xcc,0xfc,0xc1,0xfc,0xf5,0xf6,0x3f,0xf2,0x82,0xaa,0x00,0xa8,0x06,0xa9,0x68,0x2a,0x83,
    0xd9,0x3f,0xca,0x3f,0xca,0x7f,0xca,0x8f,0xff,0xff,0xff,0xff,0xff,0xff,0xff,0xff,0xff,0xff,0xff,0xd0,0xfc,0x2a,0xf3,0xea,
    0xf2,0xaa,0xf2,0xaa,0xca,0xaa,0xca,0xab,0x4a,0xbf,0x2a,0xff,0x6a,0xff,0xab,0xff,0x2a,0x8f,0xaa,0xa3,0xaa,0xa3,0xaa,0xa3,
    0xaa,0xa8,0xaa,0xa8,0xaa,0xa8,0xaa,0xa9,0xf3,0xaa,0xfc,0xaa,0xff,0x42,0xff,0xfc,0xff,0xff,0xff,0xff,0xff,0xff,0xff,0xff,
    0xab,0xff,0x6f,0xff,0x2f,0xff,0x2f,0xff,0x4f,0xff,0xcb,0xff,0xdb,0xff,0xf6,0xff,0x3f,0xff,0x3f,0xff,0x3f,0xff,0x7f,0xff,
    0x8f,0xff,0x8f,0xff,0x8f,0xff,0x8f,0xff,0xf2,0xff,0xf4,0xbf,0x0a,0x2f,0xaa,0x87,0xaa,0xa0,0xaa,0x01,0x00,0xff,0xff,0xff,
    0xaa,0xaa,0xaa,0xaa,0xaa,0xaa,0xaa,0xa8,0x2a,0xa3,0x8a,0x1f,0x81,0xff,0x3f,0xff,0x9f,0xff,0x3f,0xff,0x7f,0xff,0xff,0xff,
    0xff,0xff,0xff,0xff,0xff,0xff,0xff,0xff,0xff,0x2a,0xfd,0x6a,0xfc,0xaa,0xf6,0xaa,0xf2,0xaa,0xd8,0xaa,0xca,0x2a,0xca,0x80,
    0xaa,0x02,0xaa,0xaa,0xaa,0xaa,0xaa,0xaa,0xaa,0xaa,0x8a,0xaa,0x2a,0xaa,0xaa,0xaa,0xaa,0xaa,0xaa,0xaa,0xaa,0xaa,0xaa,0xaa,
    0xaa,0xaa,0xaa,0xaa,0x2a,0xaa,0x8a,0xa0,0xaa,0x00,0xa8,0x06,0xa9,0x68,0xaa,0x83,0xa9,0x3f,0xaa,0x3f,0x2a,0x3f,0xaa,0x3f,
    0xa0,0x0a,0xaa,0xaa,0xaa,0xaa,0xaa,0xaa,0xaa,0xaa,0xfa,0xaa,0xfe,0xaa,0xf2,0xaa,0xaa,0x9f,0xaa,0x8f,0xaa,0x8f,0xaa,0x8f,
    0xaa,0x8f,0xaa,0xa7,0xaa,0xa3,0xaa,0xa3,0xff,0xfd,0xff,0xff,0xff,0xff,0xff,0xc0,0xff,0x15,0xfc,0x10,0xfc,0x46,0xf1,0x26,
    0x1a,0x0a,0x46,0x2a,0xd0,0x50,0xfc,0x40,0x01,0x30,0x51,0x30,0x00,0x40,0x80,0x40,0xa5,0x3f,0x50,0xfc,0x0f,0xc1,0x4c,0x14,
    0x51,0x42,0x50,0xaa,0x40,0xaa,0x40,0x0a,0xc0,0xff,0x1a,0x3f,0x45,0x3f,0x21,0x4f,0xa4,0x4f,0xa6,0x13,0x9a,0x13,0x9a,0x13,
    0xf1,0x26,0xc4,0xa9,0xc4,0xa9,0xc4,0xaa,0xc4,0xa0,0xd4,0x8f,0xf1,0x3f,0xf1,0x7f,0xa0,0x10,0x80,0x10,0x8f,0x1c,0x3f,0xc4,
    0x3f,0xf1,0xff,0xff,0xff,0xff,0xff,0xff,0x00,0x00,0x00,0x01,0x00,0x31,0x00,0x14,0x55,0x41,0x00,0x00,0xf0,0x30,0xf1,0x31,
    0x43,0xf2,0x43,0xfc,0x0f,0xff,0x3f,0xff,0x3f,0xff,0x3f,0xff,0x3f,0xff,0x3f,0xff,0xa2,0x94,0x8c,0x94,0x3c,0x94,0xff,0x14,
    0xff,0xd7,0xff,0xd7,0xff,0xdf,0xff,0xdf,0xfd,0x7f,0xfd,0x7f,0xff,0x7f,0xff,0x7f,0xff,0xff,0xff,0xff,0xff,0xff,0xff,0xff,
    0x5f,0xff,0x4f,0xff,0x4f,0xff,0x1f,0xff,0x1f,0xff,0x1f,0xff,0xcf,0xff,0xff,0xff,0xc4,0x10,0xc4,0x10,0x10,0x1c,0x51,0x44,
    0x4a,0x41,0x2a,0x4f,0xaa,0x3f,0xaa,0x3f,0xa0,0x1c,0x80,0x14,0x8f,0xc1,0x3f,0xfc,0x3f,0xff,0xff,0xff,0xff,0xff,0xff,0xff,
    0x43,0xf2,0x03,0xfc,0x03,0xff,0x0f,0xff,0x3f,0xff,0x3f,0xff,0x3f,0xff,0x3f,0xff,0xff,0xff,0xff,0xff,0xff,0xff,0xff,0xff,
    0xff,0xff,0xff,0xff,0xff,0xfe,0xff,0xf7,0xff,0xff,0xff,0xff,0xff,0xff,0xff,0xe9,0xfe,0x76,0xe7,0xc9,0x7f,0x24,0xfd,0x90,
    0xfc,0x05,0xfc,0x5a,0xfc,0xaa,0x74,0x6a,0x43,0x06,0x33,0x72,0xf1,0x36,0xca,0x0a,0x4f,0xff,0x4f,0xff,0x4f,0xff,0x4f,0xff,
    0x41,0xbf,0x48,0xd6,0x46,0x3f,0x51,0x9f,0xff,0xff,0xff,0xff,0xff,0xff,0xff,0xff,0xff,0xff,0xff,0xff,0x6f,0xff,0xf6,0xff,
    0xff,0xdf,0xff,0x7f,0xfe,0xff,0xfd,0xfd,0xfb,0xec,0xf7,0xb1,0xee,0xe1,0xdb,0x84,0xf6,0x44,0xd9,0x18,0x64,0x58,0x91,0x69,
    0x45,0x6a,0x15,0xaa,0x10,0x1a,0x4f,0xe1,0x50,0x67,0x53,0x13,0x53,0x19,0x53,0x44,0x50,0x06,0x50,0x11,0x51,0xa1,0x52,0xa4,
    0xff,0x7f,0xff,0xdf,0xff,0xf7,0xff,0xfe,0x7f,0xfd,0x2f,0xff,0x9b,0xff,0x4e,0xff,0xff,0xff,0xff,0xff,0xff,0xff,0xff,0xff,
    0xff,0xff,0xbf,0xff,0x7f,0xff,0x7f,0xff,0xee,0xc4,0xbb,0x13,0x6e,0x13,0x78,0x4f,0x68,0x4c,0xe4,0x4c,0xd1,0x6f,0xd1,0x3f,
    0xff,0xfc,0xff,0xff,0xff,0xff,0x0f,0xff,0xa3,0xff,0xa4,0xff,0x15,0x3e,0xc5,0x09,0x13,0x00,0x2b,0x00,0x2d,0x00,0x26,0x80,
    0x11,0x69,0x44,0x00,0x10,0x00,0x44,0x00,0x00,0x01,0x30,0x05,0x70,0x09,0xf9,0xa5,0x54,0x11,0x00,0x44,0x01,0x11,0x00,0x44,
    0x46,0xa8,0x4a,0x90,0x59,0x3e,0x47,0xff,0x4f,0xff,0x4f,0xff,0x1f,0xff,0x3f,0xff,0x4b,0xbb,0x62,0xee,0x13,0xbb,0x12,0xee,
    0x17,0xba,0x84,0xee,0xc4,0xba,0xc4,0xe9,0x9f,0xff,0xdf,0xff,0x9f,0xff,0x9f,0xff,0x9f,0xff,0x7f,0xff,0x7f,0xff,0xff,0xff,
    0xf1,0x3f,0xf1,0x3f,0xf9,0x3f,0xfc,0x7f,0xff,0xff,0xff,0xff,0xff,0xff,0xff,0xff,0xf1,0x45,0xf1,0x55,0xfc,0x54,0xfc,0x53,
    0xfc,0x53,0xfc,0x53,0xfc,0x53,0xff,0x0f,0x40,0x00,0x1f,0x40,0xff,0xfd,0xff,0xff,0xff,0xff,0xff,0xff,0xff,0xff,0xff,0xff,
    0x00,0x04,0x00,0x12,0x40,0x46,0xff,0xc1,0xff,0xf1,0xff,0xfc,0xff,0xfc,0xff,0xff,0x7c,0x3f,0x32,0x8f,0x46,0x8f,0x85,0x3f,
    0x45,0x3f,0x55,0x3f,0x54,0xff,0x14,0xff,0xc4,0xa9,0xc4,0xa7,0xd4,0xa7,0x96,0x9f,0x12,0x7f,0x11,0xff,0x07,0xff,0x4f,0xff,
    0x14,0xff,0x14,0xff,0x14,0xff,0x14,0xff,0xc3,0xff,0xff,0xff,0xff,0xff,0xff,0xff,0xff,0xf1,0xff,0xfc,0xff,0xff,0xff,0xff,
    0xff,0xfc,0xff,0xfc,0xff,0xff,0xff,0xff,0x08,0x01,0x04,0x07,0xc6,0x0f,0xc5,0x8e,0xc4,0x69,0xc1,0x16,0x04,0x41,0x51,0x00,
    0x00,0x01,0x00,0x41,0x00,0xc9,0x00,0xd9,0x02,0xf5,0xa9,0x44,0x54,0x01,0x00,0x00,0xfc,0x05,0xfc,0x5a,0xfc,0xaa,0xf4,0xaa,
    0xf1,0xaa,0xf0,0x1a,0xf1,0x06,0xca,0xaa,0x3f,0xc4,0x80,0x10,0xaa,0x54,0xaa,0x95,0xaa,0x55,0xa5,0x55,0x90,0x05,0xa4,0x15,
    0xa9,0x55,0xa9,0x55,0x54,0x15,0x03,0x85,0x03,0xc1,0x03,0x41,0x01,0x01,0x00,0x01,0xff,0xff,0xff,0xff,0xff,0xff,0xff,0xff,
    0xff,0xfc,0xff,0xf2,0xff,0xf2,0xff,0xca,0xff,0xff,0xff,0xff,0xff,0xff,0x0f,0xff,0x8f,0xff,0x8f,0xff,0xa3,0xc0,0x38,0x2f,
    0xff,0xff,0xff,0xff,0xff,0xff,0xff,0xff,0xff,0xff,0x00,0x3f,0xaa,0x83,0xaa,0xa8,0xff,0xce,0xc3,0xcf,0xc8,0x0a,0xca,0x8a,
    0xf3,0xe2,0xf3,0xe2,0xfc,0xe8,0xff,0x28,0x3c,0xbe,0x22,0xf8,0x8a,0xe2,0x8a,0x8a,0x2a,0x8b,0x2a,0x2a,0x2a,0x2a,0x2a,0x2a,
    0x80,0xaa,0x2a,0xa0,0xfe,0x03,0xf8,0xa8,0xc3,0xaa,0x8e,0x00,0x20,0xba,0x0a,0xfe,0x3f,0xff,0xff,0xff,0xff,0xff,0x3f,0xff,
    0x8f,0xff,0xa3,0xff,0xa8,0xff,0x00,0xff,0xff,0x2a,0xff,0xc2,0xff,0xfc,0xff,0xff,0xff,0xff,0xff,0xfd,0xff,0xf1,0xff,0xf5,
    0x2a,0x2a,0x88,0xa8,0x88,0xa0,0x04,0x00,0x55,0x00,0x55,0x40,0x75,0x40,0x55,0x03,0x2a,0xa0,0xaa,0x08,0x80,0x2a,0x0c,0x0b,
    0x0f,0xf2,0x03,0xfc,0x01,0xff,0x00,0xff,0xff,0xff,0x3f,0xff,0x3f,0xff,0xcf,0xff,0xcf,0xff,0x0f,0xff,0xff,0xff,0xff,0xff,
    0x57,0xc0,0x03,0xc0,0x03,0x40,0x00,0x00,0x00,0x00,0x00,0x00,0x00,0x00,0x14,0x05,0xff,0xff,0xff,0xff,0xff,0xff,0xff,0xff,
    0xff,0xff,0xff,0xfc,0xff,0xf2,0xff,0xf2,0xff,0xff,0xff,0xff,0xff,0xff,0xc3,0xff,0x23,0xff,0xa3,0xff,0xa3,0xc0,0x38,0x2f,
    0xff,0xce,0xf0,0xcf,0xf2,0x0a,0xf3,0x8a,0xf3,0xe2,0xfc,0xe2,0xfc,0xe8,0xff,0x28,0x2a,0xa0,0xaa,0x08,0x80,0x2a,0x0c,0x0b,
    0x0f,0xf3,0x03,0xfc,0x01,0xff,0x00,0xff,0xff,0xff,0xff,0xff,0x3f,0xff,0x3f,0xff,0xcf,0xff,0x8f,0xff,0x0f,0xff,0xff,0xff,
    0xff,0xc1,0xff,0xc0,0xff,0xc0,0xfc,0x0c,0xf1,0x40,0xf1,0x50,0xf1,0x50,0xf0,0x50,0x00,0xff,0x00,0xff,0x00,0xff,0x0c,0x1f,
    0x01,0x47,0x05,0x43,0x05,0x03,0x00,0x03,0x28,0xa8,0x28,0xa8,0x88,0xa2,0x04,0x00,0x55,0x00,0x55,0x40,0x55,0x40,0x55,0x00,
    0x15,0x55,0x55,0x45,0x40,0x15,0x55,0x55,0x56,0x95,0x58,0x2a,0x08,0x00,0x4a,0x00,0x55,0x00,0x45,0x55,0x50,0x01,0x55,0x55,
    0x55,0x55,0xa8,0x44,0x0a,0x11,0x02,0x04,0x02,0xff,0x02,0xbf,0x00,0x2e,0x00,0x00,0x00,0x00,0x40,0x00,0xf0,0x00,0xfd,0x00,
    0xfa,0x10,0xe8,0x00,0xe8,0x00,0xc0,0x00,0x00,0x00,0x00,0x00,0x00,0x00,0x07,0x40,0x02,0x00,0x02,0xc0,0x02,0xbf,0x00,0xaf,
    0x00,0x2e,0x40,0x0c,0xf0,0x00,0xfd,0x00,0x02,0x10,0x0a,0x00,0xe8,0x00,0xe8,0x00,0xe0,0x00,0xc0,0x00,0xc0,0x00,0xc7,0x40,
    0x02,0x00,0x02,0x00,0x02,0x80,0x00,0xbf,0x00,0xbf,0x40,0x2f,0xf0,0x0e,0xfd,0x00,0x02,0x10,0x02,0x00,0x02,0x00,0xfa,0x00,
    0xf8,0x00,0xe8,0x00,0xe0,0x00,0xc7,0x40,0x02,0xa0,0xaa,0xaa,0xaa,0xa0,0xa8,0x0a,0x82,0xaa,0x2b,0xea,0xab,0xaa,0xa8,0x00,
    0x03,0xff,0xff,0xfc,0xff,0xfc,0xff,0xf1,0xff,0xf1,0xff,0xc5,0xff,0xc1,0xff,0xc4,0x02,0xaa,0x0c,0x0a,0x4f,0xf0,0x4f,0xff,
    0x53,0xff,0x43,0xff,0x13,0xff,0x43,0xff,0xa3,0xff,0xa8,0xff,0x2a,0x3f,0xc2,0x8f,0xfc,0x8f,0xff,0xff,0xff,0xfb,0xff,0xff,
    0x02,0xaf,0x00,0x2a,0x00,0x0c,0x00,0x00,0x00,0x00,0x40,0x00,0xf0,0x00,0xfd,0x00,0xe8,0x10,0xc0,0x00,0x00,0x00,0x00,0x00,
    0x00,0x00,0xc0,0x00,0x00,0x00,0x07,0x40,0xfd,0x11,0xf1,0x44,0xc5,0x10,0xc4,0x40,0xf0,0x3d,0xff,0xff,0xff,0xff,0xff,0xff,
    0x00,0xff,0x04,0x0f,0x11,0x13,0x04,0x54,0x30,0x14,0xfc,0x01,0xff,0x57,0x7f,0xff,0xff,0xff,0xff,0xff,0xfe,0xff,0xff,0xff,
    0xff,0xeb,0xff,0xeb,0xff,0xff,0xff,0xff,0xff,0xff,0xff,0xff,0xff,0xff,0xff,0xff,0xff,0xff,0xff,0xff,0xff,0xfc,0xff,0xf2,
    0xff,0xff,0xff,0xff,0xff,0xf0,0xfc,0x0a,0xc2,0xef,0x2b,0xbf,0xae,0xfe,0xab,0xbb,0xff,0xf2,0xff,0xca,0xff,0xca,0xff,0xca,
    0xff,0xf2,0xff,0xf2,0xff,0xfc,0xff,0xff,0xae,0xee,0xab,0xbb,0xaa,0xea,0xaa,0xba,0xaa,0xaa,0xaa,0xa8,0x2a,0xa2,0xc2,0x8a,
    0xaf,0xfa,0xab,0xee,0xaa,0xfb,0xaa,0xae,0xaa,0xab,0xaa,0xaa,0x2a,0xaa,0xca,0xaa,0xaa,0xbe,0xaa,0xaa,0xaa,0xaa,0xee,0xaa,
    0xbb,0xaa,0xae,0xea,0xab,0xaa,0xaa,0xaa,0xaa,0x8a,0xaa,0xa2,0xaa,0xa8,0xaa,0xa8,0xaa,0xaa,0xaa,0xaa,0xaf,0xea,0xaf,0xfa,
    0xaa,0xaa,0xaa,0xaa,0xaa,0xaa,0xaa,0xab,0x2f,0xab,0x2b,0xea,0x8a,0xaa,0x8a,0xaa,0xa3,0xff,0xa3,0xff,0xa8,0xff,0xe8,0xff,
    0xf8,0xff,0xfa,0x3f,0xaa,0x3f,0xaa,0x3f,0xc0,0xaa,0x40,0x0a,0x00,0x00,0x00,0xa0,0x00,0xa0,0x05,0x00,0x14,0x40,0x15,0x02,
    0xaa,0xaa,0xaa,0xaa,0x6a,0xaa,0x00,0x6a,0x00,0x00,0x00,0xa0,0x00,0xa0,0x00,0x00,0xab,0xea,0xaa,0xaa,0xaa,0xa8,0xaa,0x03,
    0x00,0xff,0x03,0xff,0x00,0x3f,0x00,0x00,0x8a,0xaa,0x2a,0xaa,0xc2,0xaa,0xfc,0x2a,0xff,0xc0,0xff,0xff,0xff,0xff,0x7f,0xff,
    0xaa,0x3f,0xa8,0xff,0xa8,0xff,0xa3,0xff,0x0f,0xff,0xff,0xff,0xff,0xff,0xff,0xff,0xff,0xff,0xff,0xff,0xff,0xff,0xff,0x00,
    0xf0,0xaa,0x0b,0xbf,0xae,0xfe,0xab,0xbb,0xff,0xff,0xff,0xf0,0xf0,0x0a,0x00,0xaa,0xaa,0x02,0xea,0xa8,0xfa,0xfa,0xab,0xfe,
    0xff,0xff,0x00,0xff,0xaa,0x83,0xfa,0xa8,0xaa,0x80,0x28,0x3f,0x03,0xd0,0x8f,0xca,0xff,0xff,0xff,0xff,0xff,0xff,0x3f,0xff,
    0x8f,0xff,0x00,0x0f,0xf0,0xa0,0x0f,0x2a,0xff,0xff,0xff,0xff,0xff,0xff,0xff,0xff,0xff,0xff,0xff,0xff,0x3f,0xff,0x83,0xff,
    0xff,0xf2,0xff,0xca,0xff,0xca,0xff,0xca,0xff,0xca,0xff,0xf2,0xff,0xf2,0xff,0xfc,0xae,0xee,0xab,0xbb,0xaa,0xea,0xaa,0xba,
    0xaa,0xaa,0xaa,0xa8,0xaa,0xa2,0xaa,0xa2,0xa8,0xff,0xfa,0x3f,0xaa,0x8f,0x02,0x8f,0xa8,0x23,0xaa,0x83,0xfa,0xa8,0xbe,0xaa,
    0xff,0xff,0xff,0xff,0xff,0xff,0xff,0xff,0xff,0xff,0xff,0xff,0xff,0xff,0x3f,0xff,0x2a,0x8a,0xc0,0x0a,0xff,0x0a,0xff,0xca,
    0xff,0xf2,0xff,0xf2,0xff,0xfc,0xff,0xff,0xaf,0xfa,0xab,0xee,0xaa,0xfb,0xaa,0xae,0xaa,0xab,0xaa,0xaa,0xaa,0xaa,0x2a,0xaa,
    0xaa,0xbe,0xaa,0xaa,0xaa,0xaa,0xea,0xaa,0xbb,0xaa,0xee,0xea,0xbb,0xaa,0xaa,0xaa,0xaa,0x8a,0xaa,0xa2,0xaa,0xa8,0xaa,0xaa,
    0xaa,0xaa,0xaa,0xaa,0xaf,0xea,0xaf,0xfa,0xaa,0xaa,0xaa,0xaa,0xaa,0xaa,0x2a,0xab,0x2f,0xab,0x8b,0xea,0x8a,0xaa,0x8a,0xaa,
    0x8f,0xff,0x8f,0xff,0xa3,0xff,0xa3,0xff,0xe8,0xff,0xf8,0xff,0xf8,0xff,0xa8,0xff,0xf0,0x3f,0xc5,0x4f,0xc1,0x40,0xd0,0x00,
    0xf4,0x00,0xff,0x40,0xff,0xfc,0xff,0xfc,0xca,0xaa,0x42,0xaa,0x00,0x2a,0x00,0x02,0x00,0xa0,0x05,0x00,0x14,0x42,0x15,0x02,
    0xaa,0xaa,0xaa,0xaa,0xaa,0xaa,0xaa,0xaa,0x2a,0xaa,0x00,0x00,0x00,0xa0,0xa0,0x00,0xab,0xea,0xaa,0xaa,0xaa,0xaa,0xaa,0xa0,
    0xaa,0x0f,0x00,0xf4,0x00,0x05,0x00,0x15,0x8a,0xaa,0x2a,0xaa,0x0a,0xaa,0xf2,0xaa,0xfc,0x2a,0x3f,0xc0,0x4f,0xff,0x0f,0xff,
    0xa8,0xff,0xa8,0xff,0xa3,0xff,0xa3,0xff,0x8f,0xff,0x3f,0xff,0xff,0xff,0xff,0xff,0x00,0x00,0x00,0x05,0x03,0xff,0x07,0xff,
    0x0f,0xff,0x1f,0xff,0x7f,0xff,0xff,0xff,0xc0,0x2a,0x40,0x01,0x00,0x00,0x00,0x00,0x00,0xa0,0x05,0x00,0x14,0x40,0x15,0x02,
    0xaa,0xaa,0xaa,0xaa,0x06,0xaa,0x00,0x06,0x00,0x00,0x00,0x00,0x00,0xa0,0x00,0x00,0xff,0xff,0xff,0xff,0xff,0xff,0xff,0xff,
    0xff,0xd1,0xfd,0x2a,0xf6,0xfe,0xdb,0xfa,0xf4,0xf8,0xdb,0xfe,0xca,0xfa,0x1a,0xa9,0xf6,0xa5,0x35,0x55,0x85,0x55,0xa3,0x55,
    0xcf,0xee,0xcf,0xba,0x6f,0xea,0x2b,0xba,0x1a,0xa9,0x19,0x06,0xc4,0xa1,0xc2,0xe8,0xa4,0x50,0xa4,0x0f,0x94,0x01,0x64,0x14,
    0x90,0x23,0x51,0x1f,0x40,0x1c,0x44,0x0d,0xcb,0xe4,0xc7,0x94,0xf2,0x64,0xf1,0x94,0xfc,0x53,0xfc,0x53,0xff,0x13,0xff,0xcf,
    0x10,0x03,0x31,0x04,0xc0,0x11,0xc5,0x00,0xc5,0x0f,0xc5,0x3f,0xc9,0x3f,0xf2,0x4f,0x2b,0x01,0x81,0xc0,0xa4,0x4c,0x44,0x02,
    0x73,0xf2,0x8f,0x1a,0xcc,0x0a,0x4d,0x0a,0x40,0xff,0x2a,0x3f,0xbe,0x8f,0xff,0xa7,0xff,0xa3,0xff,0xe9,0xbf,0xa8,0xee,0xe8,
    0xe2,0x00,0x08,0xbe,0x6f,0x69,0x5c,0x00,0x1c,0x00,0xc3,0x41,0xf0,0x3c,0xff,0xff,0x93,0xc6,0x08,0x06,0xf2,0x51,0x31,0x41,
    0x31,0x3c,0xc0,0xff,0x0f,0xff,0xff,0xff,0xbb,0xa8,0xaa,0xa4,0x80,0x65,0x1a,0x13,0x2f,0x87,0x2f,0x8f,0x1b,0x8f,0xca,0x4f,
    0xca,0x3f,0xc9,0x3f,0xc4,0xff,0xf3,0xff,0xff,0xff,0xff,0xff,0xff,0xff,0xff,0xff,0xc3,0x50,0xfc,0x0f,0x0f,0xc1,0xf3,0x14,
    0xf8,0x22,0xfa,0x0b,0xee,0x0b,0xba,0x06,0xca,0x00,0x50,0xfe,0x6a,0x90,0x04,0xff,0xa3,0x7e,0xe4,0xa6,0xa4,0xba,0x94,0x9a,
    0x2b,0x01,0x81,0xc0,0xa4,0x4f,0x44,0x0f,0x72,0xa3,0x8b,0xe4,0xcb,0xa4,0x46,0x94,0xff,0xff,0xff,0xff,0xff,0xfd,0xff,0xf2,
    0xff,0xcb,0xff,0x7f,0xff,0x3e,0xfd,0xf9,0xff,0xfd,0xd0,0x3c,0x2a,0x45,0xf9,0x50,0xe5,0x54,0x95,0x55,0x55,0x55,0x55,0x55,
    0xab,0xff,0xab,0xff,0xea,0xff,0xaa,0xaa,0x6a,0xaa,0x2e,0xaa,0x1b,0xea,0x16,0xfe,0xfc,0xf9,0xfc,0xe9,0xf7,0xe5,0xf3,0xa5,
    0xf3,0xa5,0xf2,0x95,0xf2,0x95,0xf6,0x94,0x55,0x54,0x54,0x11,0x50,0x45,0x4c,0x31,0x4f,0xf4,0x3f,0xd0,0x3f,0x40,0xff,0x40,
    0x15,0xbf,0x05,0x6f,0x41,0x5a,0x50,0x55,0x4b,0x05,0x4b,0xc0,0x32,0x94,0xff,0x00,0xaa,0xfe,0xea,0xaa,0xfa,0xaa,0xab,0xaa,
    0x5a,0xaa,0x50,0x66,0x05,0x01,0xaa,0x54,0xfc,0xa4,0xfd,0xa3,0xff,0x23,0xff,0xcf,0xff,0xff,0xff,0xff,0xff,0xff,0xff,0xff,
    0xff,0xc0,0xff,0xf0,0xff,0xf4,0xff,0xfc,0xff,0xff,0xff,0xff,0xff,0xff,0xff,0xff,0xff,0xca,0xff,0x2f,0xfc,0xbf,0xf6,0xff,
    0xf3,0xfe,0xdb,0xf9,0xcb,0xe5,0x6f,0x95,0xfe,0xa5,0xfe,0xa5,0xfa,0x55,0xa5,0x55,0x55,0x55,0x55,0x55,0x55,0x55,0x54,0x14,
    0x15,0x55,0x15,0x55,0x40,0x01,0x48,0x00,0x46,0x00,0x45,0x3c,0x14,0xff,0xc0,0xff,0xff,0xff,0xff,0xff,0xff,0xfd,0xff,0xfc,
    0xff,0xfc,0xff,0xfc,0xff,0xfc,0xff,0xff,0x2e,0x55,0x39,0x54,0xa9,0x53,0xa5,0x4f,0xa5,0x3f,0x94,0xff,0x93,0xff,0x0f,0xff,
    0x40,0x14,0x34,0x13,0xf0,0x0f,0xf0,0xff,0xff,0xff,0xff,0xff,0xff,0xff,0xff,0xff,0xf1,0x3f,0xc5,0x3f,0xc4,0xff,0xc3,0xff,
    0xff,0xff,0xff,0xff,0xff,0xff,0xff,0xff,0x15,0xbf,0x05,0x6f,0x41,0x5a,0x50,0x55,0x4b,0x04,0x4b,0xc2,0x32,0x8b,0xff,0x2f,
    0xaa,0xfe,0xea,0xaa,0xf4,0x1a,0x41,0x42,0x2a,0x95,0xbf,0xa9,0xff,0xa9,0xfa,0x95,0xaa,0x99,0xaa,0x66,0xaa,0x99,0xaa,0x65,
    0x29,0x95,0x46,0x55,0x49,0x95,0x52,0x66,0xfd,0xbf,0xfc,0xbe,0xf6,0xba,0xf2,0xe9,0xf2,0xe5,0xda,0xa5,0xca,0x95,0xca,0x94,
    0xa9,0x55,0x95,0x55,0x55,0x55,0x55,0x55,0x55,0x05,0x50,0x05,0x0d,0x04,0xfc,0x03,0x51,0x55,0x50,0x55,0x44,0x01,0x48,0x00,
    0x09,0x40,0x19,0x3c,0x15,0x3f,0xc0,0xff,0xca,0x53,0xca,0x4f,0xca,0x3f,0xf2,0x3f,0xf0,0xff,0xff,0xff,0xff,0xff,0xff,0xff,
    0xfc,0x3f,0xff,0xff,0xff,0xff,0xff,0xff,0xff,0xff,0xff,0xff,0xff,0xff,0xff,0xff,0xf1,0x63,0xfc,0x69,0xfc,0x58,0xfc,0x58,
    0xff,0x18,0xf0,0x54,0xc5,0x43,0xc0,0x3f,0x15,0xbf,0x05,0x6f,0x01,0x5a,0x50,0x55,0x4b,0x05,0x4b,0xc0,0x32,0x94,0xff,0x00,
    0x15,0xbf,0x05,0x6f,0x01,0x5a,0x50,0x55,0x49,0x05,0x49,0x40,0x32,0x94,0xff,0x05,0xaa,0xfe,0xea,0xaa,0xfa,0xaa,0xab,0xaa,
    0x5a,0xaa,0x55,0x66,0x05,0x55,0x90,0x55,0x96,0x01,0x68,0x00,0x00,0x00,0x50,0x3c,0xa5,0x4c,0xea,0x51,0xea,0x51,0xa5,0x54,
    0x0b,0x85,0x7f,0xd1,0xbb,0xb0,0xff,0xf1,0xbb,0xb0,0xff,0xf1,0xbb,0xb0,0xff,0xd0,0x54,0x4b,0x51,0x3f,0x44,0xbb,0x10,0xff,
    0x44,0xbb,0x00,0xff,0x00,0xbb,0x00,0x7f,0xb9,0x00,0xff,0xc0,0xbb,0xb0,0xff,0xf4,0xbb,0xbc,0xff,0xfc,0xbb,0xbc,0xff,0xf4,
    0xbb,0x45,0xff,0x1f,0xb8,0x7f,0x00,0x1a,0x3c,0x7c,0xff,0x1c,0xff,0xc0,0x3c,0xc0,0xbb,0xb0,0xff,0xd0,0xb9,0x00,0x00,0x00,
    0xf4,0x00,0xfd,0x00,0xff,0x00,0xdd,0x00,0xff,0xf4,0xff,0xcf,0xff,0x7f,0xff,0x3f,0xff,0x2f,0xff,0xc2,0xff,0xfc,0xff,0xff,
    0x3f,0xff,0xcf,0xff,0xf3,0xff,0xfc,0xff,0xff,0x33,0xff,0xc4,0x3f,0xc4,0xcb,0xe1,0xff,0xff,0xff,0xff,0xff,0xff,0xff,0x3c,
    0xfc,0x43,0xfc,0x43,0x31,0x47,0x31,0x0f,0xf4,0x3f,0xcf,0xcf,0x3f,0xf3,0xff,0xf3,0xff,0xe3,0xfe,0x0f,0xe0,0xff,0x83,0xff,
    0xc2,0xf1,0x04,0xb1,0x15,0x2c,0x95,0x48,0x65,0x4a,0x95,0x52,0x55,0x54,0x50,0x15,0x05,0x1e,0x45,0x39,0x54,0x24,0x50,0x60,
    0x04,0x90,0x10,0x80,0x44,0x04,0x51,0x10,0x66,0x45,0xaa,0x1f,0x64,0x7f,0x00,0x1a,0x3c,0x1f,0xff,0x07,0xff,0xc0,0x3c,0xc0,
    0x54,0x26,0xf9,0x06,0xea,0x00,0xa4,0x00,0x7d,0x01,0x34,0x03,0x00,0x00,0x00,0x03,0xff,0x0f,0xfd,0xf3,0xfc,0xfd,0xf5,0x5c,
    0xf3,0xb7,0xf2,0xe6,0xf1,0x59,0xf2,0xe5,0xff,0xff,0xff,0xff,0xff,0xff,0xff,0xff,0x7f,0xff,0x3f,0xff,0xdf,0xff,0x8f,0xff,
    0xf2,0xb9,0xf2,0xaa,0xf1,0x6a,0xf2,0x98,0xf2,0xa2,0xf2,0xa2,0xf2,0xa1,0xf1,0x68,0xcf,0xff,0x67,0xff,0x73,0xff,0x73,0xff,
    0x23,0xff,0x29,0xfc,0x19,0xf2,0x49,0xc9,0xff,0xff,0xfc,0x3f,0xf2,0x3f,0xc8,0xff,0x24,0xff,0x93,0xfc,0x8f,0xf2,0x4f,0xca,
    0xff,0xff,0xff,0xf4,0xff,0x4a,0xf4,0xaf,0x4a,0xf5,0x6b,0x55,0xb5,0xbb,0xde,0xee,0xd0,0x3f,0x2a,0x8f,0xbf,0xa3,0x55,0xe3,
    0xff,0x63,0x7e,0xe3,0x97,0x8f,0xed,0x8f,0xf2,0x98,0xf6,0xa4,0xfc,0x68,0xfc,0x91,0xfc,0x80,0xfc,0x38,0xf4,0xf0,0xf2,0x42,
    0x89,0x25,0x88,0x94,0x52,0x54,0x59,0x53,0x65,0x00,0xa5,0x5a,0x95,0x55,0x56,0x00,0x3f,0x2b,0xfc,0xa9,0xf4,0x06,0x01,0x62,
    0x59,0x09,0x90,0x56,0x0a,0x6a,0xa9,0xaa,0x7b,0xaa,0xaa,0xaa,0xaa,0xaa,0xa5,0x55,0x5a,0xaa,0xaa,0xaa,0xaa,0xa6,0xaa,0x99,
    0xab,0x8f,0xaa,0x3f,0xaa,0x3f,0xa8,0xff,0x54,0xff,0xa3,0xff,0x4f,0xff,0x3f,0xff,0xf3,0x42,0xf3,0x49,0xf4,0xc9,0xf0,0x25,
    0xcd,0x05,0x3f,0x35,0x00,0xf5,0x88,0xc3,0x26,0xaa,0x1a,0xaa,0xca,0x55,0xc5,0xaa,0xca,0xa6,0x15,0x99,0x2a,0x56,0x66,0x65,
    0xa6,0x64,0x99,0x93,0x56,0x4f,0x95,0x3f,0x66,0x3f,0x98,0xff,0x64,0xff,0x53,0xff,0xff,0xff,0xff,0xff,0xff,0xff,0xff,0xfc,
    0xff,0xfc,0xff,0xfc,0xff,0xfc,0xff,0xfc,0x24,0x23,0x32,0x20,0x09,0x2a,0xcc,0x4a,0xc2,0x02,0xa3,0x28,0x58,0xbe,0xa2,0x7f,
    0x99,0x99,0x66,0x66,0x19,0x90,0x20,0x0f,0x29,0x3f,0x4a,0x8f,0x86,0xa3,0xc9,0xb3,0x8f,0xff,0x3f,0xff,0xff,0xff,0xff,0xff,
    0xff,0xff,0xff,0xff,0xff,0xff,0xff,0xff,0xff,0xfc,0xff,0xf2,0xff,0xf2,0xff,0xf2,0xff,0xfc,0xff,0xff,0xff,0xff,0xff,0xff,
    0x62,0x79,0x82,0xef,0x8c,0xff,0x8c,0x7f,0x3c,0xed,0xff,0x36,0xff,0x2e,0xff,0xca,0x16,0x78,0xa6,0x9c,0x69,0x9c,0x99,0xa4,
    0x9a,0x64,0xa6,0xa3,0x26,0xa3,0x08,0x0f,0xc8,0xff,0xca,0x3f,0xca,0x3f,0xf0,0xff,0xff,0xff,0xff,0xff,0xff,0xff,0xff,0xff,
    0xa6,0x8c,0x66,0x8c,0x69,0x8c,0x99,0xa1,0x99,0x80,0xa4,0x28,0x64,0x94,0x92,0x52,0x50,0xa8,0x52,0x56,0x49,0x55,0x49,0x55,
    0x4d,0x55,0x53,0x57,0xd0,0xfc,0xc5,0x00,0xff,0xff,0xff,0xff,0xff,0xff,0xff,0xfd,0xff,0xd3,0xff,0x3f,0xfc,0xf3,0xf7,0xc3,
    0xff,0xff,0xff,0xff,0xff,0xff,0x40,0x1f,0xff,0xa1,0xfe,0xaa,0xfc,0xaa,0xb0,0xaa,0xff,0xff,0xff,0xff,0xff,0xff,0xff,0xff,
    0xff,0xff,0x3f,0xff,0x9f,0xff,0x8f,0xff,0xf3,0xc2,0xd8,0x00,0xd2,0xa5,0xcb,0xf9,0x46,0xa5,0x05,0x55,0x21,0x55,0x28,0x00,
    0xe0,0xaa,0xa0,0xaa,0x2a,0xaa,0x4a,0xaa,0x4a,0xaa,0x4a,0xaa,0x2a,0xaa,0xaa,0xaa,0xa7,0xff,0xa3,0xff,0xa3,0xff,0xa9,0xff,
    0xa9,0xff,0xa8,0xff,0xa8,0xff,0xaa,0x7f,0x2a,0xaa,0xca,0xaa,0xca,0xaa,0xca,0xaa,0xd6,0xaa,0xf1,0xaa,0xd2,0x6a,0x01,0x9a,
    0xaa,0xaa,0xaa,0xaa,0xaa,0xaa,0xaa,0xaa,0xaa,0xaa,0xaa,0xaa,0xaa,0xaa,0x82,0xaa,0xa9,0x3f,0xa6,0x3f,0xa9,0x3f,0xa6,0x5f,
    0x99,0x8f,0xa6,0x4f,0x99,0x87,0x66,0x40,0xf4,0x02,0xdb,0xe2,0xcf,0x94,0xca,0x54,0x61,0x52,0x68,0x0a,0x2a,0xaa,0x2a,0xaa,
    0xa0,0xaa,0xa0,0xaa,0xaa,0xaa,0xaa,0xaa,0xaa,0xaa,0xaa,0xaa,0xaa,0xaa,0xaa,0xaa,0xff,0x03,0xfc,0x54,0xfc,0x44,0xff,0x10,
    0xff,0xc3,0xff,0xff,0xff,0xff,0xff,0xfd,0xf0,0xff,0xc4,0x3f,0x11,0x3f,0x10,0xff,0xc3,0xff,0xfc,0x3f,0xfc,0x4f,0x3f,0x0f,
    0xf4,0x00,0x4f,0xfe,0xff,0xfa,0xff,0xfa,0xee,0xea,0x3b,0x82,0x02,0x02,0x54,0xaa,0xff,0xff,0xff,0xff,0xff,0xff,0xff,0xf5,
    0xff,0x5f,0xfd,0xff,0xf7,0xf3,0xf3,0xc3,0xff,0xff,0xff,0xff,0xff,0xff,0x00,0x1f,0xea,0xa1,0xfa,0xaa,0xfb,0x2a,0xe8,0x2a,
    0xff,0xff,0xff,0xff,0xff,0xff,0xff,0xff,0xff,0xff,0x3f,0xff,0x8f,0xff,0x8f,0xff,0xdf,0xc3,0xce,0xc2,0xcb,0xa0,0x6e,0x8a,
    0x3b,0x2f,0x2a,0x1a,0x2a,0x85,0x2a,0xa0,0xa8,0x2a,0xa8,0x2a,0x02,0xaa,0x94,0xaa,0xd5,0x2a,0x95,0x2a,0x54,0xaa,0x02,0xaa,
    0xa7,0xff,0xa3,0xff,0xa3,0xff,0xa9,0xff,0xa8,0xff,0xa8,0xff,0xa8,0xff,0xa8,0xff,0x2a,0xaa,0x2a,0xaa,0x2a,0xaa,0x2a,0xaa,
    0x8a,0xaa,0xa2,0xaa,0xa2,0xaa,0xa2,0xaa,0xaa,0xaa,0xaa,0xaa,0xaa,0xaa,0xaa,0xaa,0xaa,0xaa,0xaa,0xa4,0xaa,0x4f,0xa8,0xff,
    0xff,0xff,0xff,0xff,0xff,0xff,0xff,0xff,0xff,0xff,0xff,0xfd,0xff,0xd7,0xff,0x7f,0xff,0xff,0xff,0xff,0xff,0xff,0xff,0xff,
    0xff,0xff,0x40,0x1f,0xfa,0xa0,0xfe,0xaa,0xfd,0xff,0xfd,0xcf,0xf7,0x0f,0xf3,0x0b,0xf2,0x0e,0xdb,0x80,0xce,0x2a,0xc8,0xbf,
    0xfa,0xaa,0xfc,0xaa,0xf0,0xaa,0xb0,0xaa,0xe0,0xaa,0x0a,0xaa,0x52,0xaa,0x94,0xaa,0x8a,0xaa,0x8a,0xaa,0xa2,0xaa,0xa2,0xaa,
    0xa2,0xaa,0xa8,0xaa,0xa8,0xaa,0xa8,0xaa,0xc8,0x6a,0xca,0x15,0xca,0x80,0xca,0xaa,0xca,0xaa,0xca,0xaa,0xca,0xaa,0xca,0xaa,
    0x54,0xaa,0x52,0xaa,0x0a,0xaa,0xaa,0xaa,0xaa,0xaa,0xaa,0xaa,0xaa,0xaa,0xaa,0xaa,0xa8,0xaa,0xa8,0xaa,0xa8,0xaa,0xa8,0x66,
    0xa8,0x99,0xa8,0x66,0xa8,0x99,0xa8,0x44,0xaa,0xaa,0xaa,0xa4,0xaa,0x4f,0xa9,0xff,0xa7,0xff,0x96,0xce,0x9b,0x0b,0x8a,0x0e,
    0xa8,0xff,0x08,0x3f,0xea,0x87,0xfa,0xa0,0xfa,0xa8,0xec,0xaa,0xa0,0xaa,0xa0,0xaa,0xff,0xff,0xff,0xff,0xff,0xff,0xff,0xff,
    0xff,0xff,0x3f,0xff,0x3f,0xff,0x9f,0xff,0x8a,0x0a,0x6a,0x80,0x2a,0x2a,0x28,0xbf,0x28,0x6a,0x2a,0x15,0x2a,0x80,0x2a,0xaa,
    0xa0,0xaa,0x0a,0xaa,0x52,0xaa,0x94,0xaa,0x54,0xaa,0x52,0xaa,0x0a,0xaa,0xaa,0xaa,0x8f,0xff,0x8f,0xff,0xa7,0xff,0xa3,0xff,
    0xa3,0xff,0xa3,0xff,0xa3,0xff,0xa3,0xff,0x2a,0xaa,0x2a,0xaa,0x2a,0xaa,0x2a,0xaa,0x2a,0xaa,0x00,0xaa,0x04,0x0a,0x11,0x12,
    0xaa,0xaa,0xaa,0xa4,0xaa,0x4f,0xa9,0xff,0xa7,0xff,0x96,0xfe,0x9b,0xbb,0x8a,0xae,0xa8,0xff,0x08,0x3f,0xea,0x87,0xfa,0xa0,
    0xfa,0xa8,0xea,0xaa,0xaa,0xaa,0xaa,0xaa,0xfd,0xff,0xfd,0xff,0xf7,0xff,0xf3,0xfb,0xf2,0x0e,0xdb,0x80,0xce,0x2a,0xc8,0xbf,
    0xfa,0xaa,0xfe,0xaa,0xfa,0xaa,0xba,0xaa,0xe0,0xaa,0x0a,0xaa,0x52,0xaa,0x94,0xaa,0xdf,0xc3,0xce,0xc0,0xcb,0x8a,0x6e,0x2f,
    0x3b,0x1a,0x2a,0x15,0x2a,0x85,0x2a,0xa0,0xa8,0x2a,0x00,0x2a,0x94,0xaa,0xe5,0x2a,0x95,0x2a,0x55,0x2a,0x54,0xaa,0x02,0xaa,
    0x7c,0xca,0xed,0xca,0xf2,0xaa,0xf4,0xc6,0x3d,0x00,0xcf,0x40,0x01,0xa4,0xfc,0x15,0xa8,0xcf,0xa8,0xcf,0xaa,0xdd,0xaa,0xa4,
    0x00,0xc1,0x00,0x06,0x00,0x5a,0x55,0xaa,0xff,0xff,0xff,0xff,0xff,0xff,0xff,0x43,0xf4,0x01,0x40,0x50,0x01,0x50,0x05,0x50,
    0xaa,0x08,0xff,0x28,0xaa,0x29,0xfc,0xaa,0x02,0xaa,0xaa,0xaa,0xaa,0xaa,0xaa,0xaa,0x15,0x40,0x15,0x41,0x81,0x03,0xa8,0x07,
    0xaa,0x0f,0xaa,0x1f,0xaa,0x8f,0xaa,0x8f,0xaa,0xaa,0xa4,0xaa,0xaa,0x40,0xaa,0xaa,0xaa,0xa8,0x40,0x02,0xa8,0xca,0xaa,0x6a,
    0x24,0x00,0x0f,0xf8,0x3f,0xfe,0x77,0xff,0x27,0x7e,0x9e,0x66,0x89,0xa6,0xa0,0x54,0x03,0xff,0xfc,0x3f,0x01,0x4f,0x15,0x53,
    0x05,0x53,0x20,0x54,0x0f,0x14,0x50,0x54,0x8a,0x00,0x8a,0xa8,0x9a,0xa3,0xa2,0xa7,0xa4,0x1f,0xa8,0xfc,0xaa,0x03,0xaa,0x2a,
    0x25,0x00,0x2f,0xaa,0xa8,0x00,0xa1,0x00,0x8f,0xf8,0x3f,0xfe,0x37,0xff,0x27,0x7e,0x8e,0x76,0x89,0xe6,0xa0,0x58,0xa2,0x03,
    0xa8,0x0f,0xa8,0xfc,0xaa,0x03,0xaa,0x2a,0x55,0x22,0x14,0xe3,0x0f,0xf2,0x3f,0xf8,0xff,0xaa,0xfe,0xaa,0xfa,0xaa,0x3a,0x8a,
    0x6a,0x2a,0xd0,0xaa,0xfa,0xaa,0xf2,0xaa,0x3c,0x01,0xcd,0xca,0x02,0x6a,0xfc,0x05,0x0b,0xaa,0x0f,0xaa,0x2f,0xaa,0x3e,0xaa,
    0x3e,0xaa,0xee,0xaa,0xba,0xaa,0xee,0xaa,0xaa,0xbb,0xaa,0xaa,0xaa,0xaa,0xaa,0xab,0xaa,0xaa,0xaa,0xab,0xaa,0xaa,0xaa,0xab,
    0xa9,0x3f,0xaa,0x3f,0xaa,0x4f,0xba,0x8f,0xee,0x93,0xfb,0xa3,0xfe,0xa4,0xff,0xa4,0xaa,0xaa,0xaa,0xab,0xaa,0xae,0x90,0x6b,
    0x00,0x07,0x05,0x01,0x15,0x40,0x15,0x52,0xff,0xa5,0xfe,0xe9,0xff,0xa9,0xfe,0xe9,0xf9,0xa4,0x07,0xa0,0xbe,0xa9,0xfe,0xa8,
    0x3f,0xff,0x3f,0xff,0x4f,0x41,0x50,0x00,0x00,0x15,0x41,0x55,0x05,0x55,0x61,0x55,0xff,0xff,0xff,0xff,0xff,0xff,0x3f,0xff,
    0x0f,0xff,0x4f,0xff,0x4f,0xff,0x3f,0xff,0xc6,0x64,0xf1,0x92,0xfc,0x52,0xfc,0x01,0xfc,0x54,0xfc,0x54,0xf0,0x94,0x0a,0xa4,
    0x15,0x2b,0x84,0xbf,0xa0,0xff,0xa2,0xfe,0x88,0xfd,0x87,0x3c,0x2b,0xcc,0x27,0xca,0xfa,0xa6,0xfa,0xaa,0xea,0xaa,0x42,0xaa,
    0xf4,0xaa,0xf4,0xaa,0x54,0xa8,0x02,0xa7,0xa8,0x50,0xaa,0x0f,0xaa,0x3f,0xaa,0x8f,0x82,0x8f,0x3d,0xa3,0xfd,0xa4,0xfd,0xaf,
    0xff,0xff,0xff,0xff,0xff,0xff,0xff,0xff,0xf5,0xff,0x5f,0x3f,0xf0,0xff,0x0f,0xff,0xeb,0xa0,0xae,0x8f,0x9e,0x80,0x8a,0x3c,
    0x0e,0x03,0xcc,0x70,0xf3,0xfc,0xff,0xf0,0x2b,0x32,0x2a,0x32,0xfa,0x8a,0x46,0xab,0xfe,0xaf,0x06,0xad,0x4f,0x2a,0xf0,0x8b,
    0xaa,0xa1,0xaa,0x8c,0xaa,0x8c,0xea,0xaa,0xaa,0xaa,0x0a,0xaa,0x6a,0xaa,0x00,0xb4,0xfe,0xa0,0xf2,0xad,0x2a,0x83,0xaa,0x8c,
    0xaa,0x37,0xa8,0x37,0x81,0x0d,0x15,0x0d,0xff,0xff,0x5f,0xff,0xf5,0x7f,0x0f,0xcf,0xe0,0x3f,0x8c,0xff,0xc3,0xff,0x8f,0xff,
    0xff,0xcf,0xff,0xf0,0xff,0xff,0xff,0xff,0xff,0xff,0xff,0xff,0xff,0xff,0xff,0xff,0x0f,0xf3,0xff,0xfc,0xff,0xfc,0xff,0xfc,
    0xff,0xfd,0xff,0xff,0xff,0xff,0xff,0xff,0x00,0x30,0x00,0x01,0x84,0x06,0xcd,0x5c,0xb6,0xa1,0x3d,0x05,0x2f,0xaa,0x3f,0xea,
    0x41,0xb3,0x3c,0xb3,0x3f,0x0c,0x3f,0xff,0x4f,0xff,0x4f,0xff,0x57,0xff,0x93,0xff,0x7f,0xff,0x7f,0xff,0xff,0xff,0xff,0xff,
    0xff,0xff,0xff,0xff,0xff,0xff,0xff,0xff,0xff,0xca,0xff,0xc9,0xff,0x29,0xff,0x24,0xff,0x24,0xfc,0xa0,0xfc,0x90,0xfc,0x90,
    0xfc,0x90,0xfc,0x50,0xfc,0x4c,0xf2,0x4c,0xf2,0x4f,0xf1,0x4f,0xf1,0x3f,0xc5,0x3f,0xff,0xff,0xf4,0x3f,0xdf,0x8f,0xcf,0xa1,
    0xca,0x99,0xf2,0x65,0xfc,0x54,0xff,0x03,0xc5,0x3f,0x15,0x3f,0x14,0xff,0x54,0xff,0x53,0xff,0x4f,0xff,0x3f,0xff,0xff,0xff,
    0xf1,0x50,0xf1,0x4c,0xc5,0x4c,0xc5,0x3c,0xc5,0x3f,0x14,0xff,0x14,0xff,0x14,0xff,0xff,0xfc,0xff,0xfc,0xff,0xfc,0xff,0xfc,
    0xff,0xfc,0xff,0xff,0xff,0xff,0xff,0xff,0x53,0x0f,0x50,0xe3,0x53,0xa8,0x51,0x98,0x54,0x64,0x15,0x53,0x15,0x0f,0xc0,0xff,
    0x15,0x2b,0x84,0xbf,0xa0,0xff,0xa2,0xfe,0x8b,0xfd,0x87,0xb8,0x2e,0xec,0x24,0xaa,0xfa,0xa6,0xfa,0xaa,0xea,0xaa,0x42,0xaa,
    0xf4,0xaa,0xf4,0xaa,0x54,0xaa,0x02,0xaa,0xa8,0x50,0xaa,0x0f,0xaa,0x3f,0xaa,0x8f,0xaa,0x8f,0xaa,0xa3,0xa9,0xa4,0xa0,0xaf,
    0x28,0x2a,0x2a,0x0a,0xfa,0x92,0x46,0xab,0xfe,0xaf,0x06,0xad,0x4f,0x2a,0xf0,0x8b,0xaa,0xaa,0xaa,0xa9,0xaa,0x90,0xea,0xaa,
    0xaa,0xaa,0x0a,0xaa,0x6a,0xaa,0x00,0xb4,0x82,0xa0,0x0a,0xad,0xaa,0x83,0xaa,0x8c,0xaa,0x37,0xa8,0x37,0x81,0x0d,0x15,0x0d,
    0xff,0xff,0xff,0xff,0xfc,0x3f,0xd3,0x44,0x75,0x4a,0x15,0x2a,0x94,0x6a,0x95,0xaa,0xa1,0xaa,0xe2,0x6a,0xa2,0x95,0xa2,0xa0,
    0xa2,0x0f,0xa8,0xf3,0x93,0xff,0x3f,0xff,0xaa,0xaa,0x6a,0xaa,0x02,0x9a,0xfc,0x9a,0xfe,0x26,0xfa,0x89,0xf2,0xa0,0xea,0xea,
    0xaa,0xa2,0xaa,0xa2,0xaa,0xa8,0xaa,0x68,0xa9,0xa8,0x56,0xa6,0xaa,0xa2,0x2a,0xa2,0xff,0xff,0xff,0xff,0xff,0xff,0xff,0xff,
    0xff,0xff,0xff,0xff,0xff,0xfd,0xff,0xf3,0xff,0xff,0xff,0xff,0xff,0xff,0xff,0xf4,0xff,0x4a,0xd1,0x2a,0x24,0x95,0x94,0x7f,
    0xf0,0xfc,0x30,0xf0,0x80,0xc0,0xaa,0x03,0xaa,0x84,0xaa,0xa0,0xaa,0xa0,0xaa,0x8a,0x3f,0xff,0x3f,0xff,0xff,0xff,0x43,0xff,
    0x03,0xff,0x0f,0xff,0x8f,0xff,0xa7,0xff,0xff,0xcf,0xff,0x7e,0xff,0x3a,0xfd,0xee,0xfc,0xba,0xfc,0xaa,0xfc,0x66,0xff,0x19,
    0xa1,0xff,0xa1,0xf3,0xa2,0x7f,0x92,0x90,0x92,0x0f,0x94,0xf3,0x53,0xff,0x3f,0xff,0x56,0x2a,0xfd,0x2a,0xff,0x4a,0x3f,0x4a,
    0xfd,0xa6,0x56,0xa2,0xaa,0xa2,0x2a,0x86,0xa3,0xff,0xa8,0xff,0xaa,0x3f,0xaa,0x9f,0xaa,0x8f,0xaa,0xa7,0xaa,0xa3,0xaa,0xa3,
    0xff,0x24,0xff,0x10,0xff,0xc3,0xff,0xc3,0xff,0xf3,0xff,0xcc,0xff,0xcc,0xff,0xcf,0xe1,0x4f,0xe1,0x70,0xa8,0x10,0x92,0x85,
    0xa6,0xa0,0xaa,0xaa,0xaa,0xaa,0xaa,0x88,0xa8,0x08,0xa0,0x09,0x00,0x21,0x40,0x21,0x40,0x85,0x40,0x85,0xca,0x35,0xf0,0xfd,
    0xff,0xff,0xff,0xf0,0xff,0x0d,0xfc,0xd5,0xf1,0x55,0xf1,0x01,0xc4,0x85,0xca,0x81,0x40,0x7c,0xff,0xc0,0x55,0xfc,0x55,0x54,
    0x55,0x54,0x55,0x57,0x45,0x55,0x40,0x14,0x3f,0xff,0x3f,0xfd,0xfc,0x03,0x03,0xc5,0x55,0x15,0x55,0x05,0x54,0x3d,0x53,0x3c,
    0xff,0x43,0x00,0xfc,0xd3,0xdf,0x47,0x75,0x45,0x54,0x05,0x51,0x05,0x52,0x8f,0x4a,0xff,0xff,0x3f,0xff,0xcf,0xff,0x50,0xff,
    0x5f,0x3f,0x17,0x3f,0x95,0x4f,0x85,0x4f,0xc2,0x33,0xcc,0x33,0xcc,0xfc,0xf3,0xff,0xff,0xff,0xff,0xff,0xff,0xff,0xff,0xff,
    0x3f,0xc0,0x3f,0xcf,0xff,0x7f,0xfc,0xfe,0xf3,0xea,0xdf,0xaa,0xce,0xaa,0x7e,0xaa,0x40,0x3c,0x05,0x30,0x11,0x0f,0x44,0x53,
    0x11,0x54,0x45,0x55,0x15,0x55,0x55,0x55,0x8f,0xca,0x0f,0xc0,0xf3,0x11,0xf3,0x04,0x3c,0x11,0x40,0x04,0x54,0x15,0x55,0x15,
    0x85,0x4f,0x8d,0x3f,0x3f,0x3f,0x3c,0x7f,0x01,0x4f,0x55,0x4f,0x55,0x53,0x55,0x53,0x55,0x55,0x55,0x55,0x55,0x40,0x50,0x3f,
    0x45,0x3f,0x55,0x4f,0x55,0x4f,0x55,0x4f,0x55,0x45,0x55,0x50,0x55,0x55,0x00,0x55,0xff,0x00,0xff,0xff,0xff,0xff,0xff,0xff,
    0x55,0x53,0x55,0x4f,0x55,0x4f,0x55,0x3f,0x00,0xff,0xff,0xff,0xff,0xff,0xff,0xff,0x55,0x53,0x55,0x53,0x55,0x54,0x55,0x55,
    0x55,0x54,0x55,0x54,0x55,0x55,0x55,0x55,0x55,0x55,0x55,0x55,0xf5,0x55,0xff,0xf5,0xff,0xdd,0xff,0xf5,0xff,0xdd,0x77,0x75,
    0x5d,0xd5,0x15,0x55,0xc1,0x54,0xfc,0x01,0xff,0x06,0xff,0x36,0xff,0x3c,0xff,0xc3,0x55,0x53,0x45,0x54,0x15,0x54,0x45,0x55,
    0x81,0xa0,0xbe,0x8f,0x3c,0x03,0xc0,0xf0,0xff,0xff,0xff,0xff,0xff,0xff,0x3f,0xff,0x3f,0xff,0x3f,0xff,0xcf,0xff,0x3f,0xff,
    0x3f,0xff,0x3f,0xff,0xfc,0x03,0x03,0xd4,0x55,0x53,0x55,0x0f,0x54,0xff,0x53,0xff,0x40,0xff,0x05,0x3f,0x11,0x4d,0x44,0x57,
    0x11,0x5f,0x45,0x77,0x15,0x5d,0x4d,0x77,0x15,0xd7,0x57,0x5f,0x5d,0x7f,0x75,0xff,0xd7,0xff,0x5f,0xff,0x7f,0xff,0x5f,0xcf,
    0xfc,0xfd,0xf3,0xfd,0xf3,0xf5,0xf3,0xd0,0xc3,0x45,0x11,0x1f,0x50,0x7f,0x51,0xff,0x51,0x75,0x45,0xd5,0x17,0x57,0x5d,0xd7,
    0xf6,0x1f,0xf8,0x7d,0xe1,0xf4,0x87,0xd4,0x7f,0x1f,0xfc,0x7f,0xf0,0xf4,0xc3,0xd5,0x4f,0x54,0x3d,0x54,0x75,0x55,0xd5,0x55,
    0xd1,0x76,0xcd,0x68,0x3f,0xa1,0x3c,0x87,0x30,0x3f,0x45,0x3f,0x54,0xf2,0x04,0xc5,0x1f,0x63,0x7f,0x8c,0xfe,0x73,0xf9,0xd3,
    0xe3,0x51,0x8f,0x53,0xbd,0x54,0x35,0x54,0x5f,0x21,0x70,0x95,0xd6,0x43,0x58,0x3f,0x45,0x3f,0x55,0xcf,0x57,0x4f,0x5d,0x4f,
    0x3f,0x82,0xfe,0x04,0xfd,0x05,0xc0,0x47,0xf0,0x5f,0xcf,0x3d,0x3f,0xf0,0xff,0xff,0x3c,0x13,0x3c,0x53,0xf1,0x5f,0xc5,0x73,
    0x55,0xd3,0x55,0x4f,0x55,0x4f,0x00,0x3f,0x9b,0x74,0x1b,0x93,0xcb,0xcc,0x0b,0xca,0xf3,0xf1,0xad,0xb8,0x02,0x6a,0xa8,0x6a,
    0x03,0x0f,0xb4,0xa5,0x85,0x2a,0x55,0x2a,0x50,0x6a,0x06,0xaa,0xaa,0xaa,0xaa,0xaa,0x9b,0x73,0x1b,0x94,0xcb,0xf3,0xcb,0xf1,
    0xcb,0xf8,0xcb,0xba,0xc6,0xea,0x1a,0xba,0xff,0xf4,0xff,0xcf,0xff,0x7e,0xff,0x3a,0xff,0x3a,0xff,0x29,0xff,0xc6,0xff,0xf1,
    0xa9,0xaa,0xa6,0xaa,0x98,0xaa,0x41,0x2a,0x3f,0x4a,0x3f,0xf0,0x43,0xff,0x90,0xff,0xa4,0x13,0x4a,0x87,0xaa,0x50,0xa1,0x49,
    0x85,0x25,0x46,0x25,0x1a,0x94,0x29,0x55,0xca,0x3f,0x18,0xff,0x24,0xff,0x03,0xff,0x14,0xff,0x14,0xff,0x54,0xff,0x43,0xff,
    0xff,0xfc,0xff,0x4a,0xd0,0xaa,0x2a,0x69,0x14,0x95,0xc2,0x54,0xf1,0x53,0xfc,0x0f,0x15,0x3f,0x55,0x3f,0x54,0xff,0x53,0xff,
    0x4f,0xff,0x3f,0xff,0xff,0xff,0xff,0xff,0x25,0x54,0xc5,0x43,0xf0,0x3f,0xff,0xff,0xff,0xff,0xff,0xff,0xff,0xff,0xff,0xff,
    0x0c,0xc3,0x3c,0xd1,0xfc,0xdb,0xfc,0x7f,0x31,0xff,0x86,0xff,0xab,0xfe,0xa6,0xfd,0x4c,0xf0,0xfd,0xf7,0xff,0xff,0xff,0xff,
    0xff,0xff,0xfe,0xff,0xfb,0xff,0xf7,0xf9,0xff,0xff,0xff,0xff,0xff,0xff,0xff,0xff,0xff,0xff,0xff,0xff,0xff,0xfc,0xff,0xf1,
    0xff,0xff,0xff,0xfc,0xff,0xc0,0xfc,0x2c,0xf1,0x70,0x05,0x40,0x69,0x40,0xa5,0x50,0xf0,0x03,0x05,0x54,0x16,0xaa,0x1a,0xaa,
    0x5a,0xaa,0x5a,0x95,0x55,0x55,0x55,0x55,0xff,0xff,0x3f,0xff,0x4f,0xff,0x8f,0xff,0x93,0xff,0x53,0xff,0x53,0xef,0x53,0xff,
    0xff,0xf1,0xff,0xf1,0xff,0xf1,0xff,0xc5,0xff,0xc5,0xff,0xc5,0xff,0xc5,0xff,0xc5,0x55,0x50,0x55,0x40,0x55,0x3c,0x54,0xfc,
    0x54,0xf3,0x54,0xc3,0x5c,0xbf,0x4f,0xfd,0x15,0x55,0x15,0x55,0x15,0x55,0x45,0x55,0x50,0x00,0x54,0xc7,0x74,0xce,0xf5,0xff,
    0x57,0xff,0x4f,0xfe,0x4f,0xff,0x3f,0x7f,0x7d,0xdf,0x47,0xdc,0x3f,0x83,0xff,0x8f,0xfb,0xff,0xff,0xff,0xfc,0x3f,0xf3,0xc3,
    0x0c,0x23,0xf5,0x23,0xc5,0xa3,0x14,0x8f,0xff,0xc1,0xff,0xf1,0xff,0xf3,0xff,0xf3,0xff,0x02,0xfc,0xe2,0xff,0x3f,0xfd,0x5f,
    0xcf,0xff,0x3f,0xff,0x2f,0x7e,0xdf,0xdd,0xfd,0xf5,0xfc,0xf9,0xfc,0x40,0xff,0x2f,0xff,0xff,0xff,0xff,0xff,0xff,0xff,0xff,
    0xff,0xf5,0x6f,0x5a,0x2a,0x90,0x92,0x8f,0x52,0x8f,0x5a,0x0f,0x49,0x4f,0xa8,0x0f,0xa8,0xcf,0xaa,0xa3,0xaa,0x43,0xaa,0x81,
    0xfc,0xfa,0xfc,0xa6,0xfc,0x86,0xfc,0x8a,0xfd,0xaa,0xff,0x2a,0xff,0xc2,0xff,0xfd,0xa8,0xa8,0xaa,0x2a,0x9a,0x3a,0x1a,0x3f,
    0x2a,0x7f,0xaa,0x7f,0xa9,0xff,0x07,0xfe,0xff,0x7a,0x9d,0xde,0xf6,0x59,0xff,0xed,0xfd,0x7b,0xff,0x65,0xfb,0xb6,0xee,0xea,
    0xaa,0x80,0xaa,0x15,0xa8,0x5a,0x68,0x6a,0xe1,0x6a,0x61,0x55,0xa1,0x55,0xa1,0x55,0x3f,0xff,0x43,0xff,0x54,0x3f,0xa5,0x4f,
    0xa9,0x57,0xaa,0x53,0x69,0x53,0x55,0x13,0xba,0xaa,0xaa,0xaa,0xaa,0xaa,0xaa,0xaa,0xaa,0xaa,0xaa,0xaa,0xaa,0xaa,0x9a,0xa9,
    0xa1,0x55,0xa8,0x55,0xa8,0x01,0xaa,0x00,0xaa,0x00,0x85,0x10,0xb3,0xc5,0xac,0xfc,0x55,0x13,0x54,0x4f,0x51,0x0f,0x00,0x8f,
    0x00,0xbf,0x01,0x3f,0x54,0xff,0x03,0xff,0x6a,0x29,0x6a,0x18,0x22,0x88,0x50,0x84,0x55,0x0f,0x55,0x4f,0x5a,0x97,0x6a,0x93,
    0xcf,0xff,0x3f,0xff,0x2f,0x7e,0xdf,0xdd,0xfd,0xf5,0xfc,0xfd,0xfc,0x73,0xff,0xd4,0xff,0xff,0xff,0xff,0xff,0xff,0xff,0xff,
    0xff,0xf5,0x6f,0x5a,0xaa,0x90,0x1a,0x8f,0xe1,0xa8,0xa8,0xaa,0x5a,0x3a,0x2a,0x3f,0xaa,0x7f,0xa9,0xff,0x07,0xff,0xff,0xfe,
    0xff,0x7a,0x9d,0xee,0xf7,0xba,0xff,0xea,0xff,0xb7,0xfe,0xd6,0xfb,0xbb,0xee,0x5e,0xaa,0x85,0xaa,0xa9,0xaa,0x85,0xaa,0x15,
    0x6a,0x85,0x6a,0x14,0x9a,0x83,0xea,0xa8,0xba,0x99,0xaa,0xa9,0xaa,0xaa,0xaa,0xaa,0xaa,0xaa,0xaa,0xaa,0xaa,0xaa,0x9a,0xa9,
    0xff,0xff,0xff,0xef,0xff,0xff,0xbf,0xff,0xff,0xff,0xff,0xfd,0xfe,0xfc,0xff,0xf5,0xd9,0x15,0xc4,0x55,0xf3,0x01,0xdc,0x0f,
    0x7f,0xff,0x3c,0x2f,0x34,0x01,0xcc,0xf3,0x41,0x53,0x40,0x14,0x50,0x04,0x50,0x53,0x55,0x0d,0x50,0xfc,0x14,0xf7,0x84,0xf3,
    0xff,0xff,0xfd,0x01,0xd3,0xff,0x3f,0xff,0xff,0xff,0xff,0xff,0xff,0xff,0xff,0xfb,0xff,0xff,0xff,0xff,0x1f,0xff,0xf3,0xff,
    0xf9,0xff,0xe8,0xff,0xaa,0x7f,0x9a,0x3f,0xf3,0xf0,0xf3,0xaa,0xfc,0xea,0xff,0x1a,0xff,0xc6,0xff,0xf1,0xff,0xfc,0xff,0xfc,
    0x22,0xaa,0xa8,0xaa,0xaa,0xaa,0xaa,0xaa,0xaa,0xaa,0xaa,0xa8,0xaa,0xaa,0x6a,0xaa,0x85,0x33,0x96,0x41,0x85,0x98,0x86,0x66,
    0x15,0x59,0x15,0x55,0x15,0x55,0x85,0x55,0xff,0xee,0xfb,0xbb,0x0e,0xee,0x00,0x3a,0x80,0x42,0x40,0x10,0x50,0x10,0x51,0x14,
    0x8a,0x3f,0xa6,0x3f,0xe2,0x8f,0xa8,0x8f,0xa9,0x3f,0xaa,0x3f,0x2a,0x7f,0x09,0xff,0x55,0x55,0x55,0x55,0x45,0x01,0x00,0x15,
    0xf1,0x45,0xfe,0xa0,0xbf,0xaa,0x0f,0xaa,0xbf,0xf0,0x2b,0xcf,0xeb,0xcb,0xff,0xf2,0xff,0xfc,0xbe,0xe2,0x2b,0xb8,0x02,0xec,
    0xff,0xff,0xff,0xff,0xff,0xff,0xbf,0xff,0xff,0xff,0xff,0xff,0x29,0xff,0x53,0xff,0xff,0xaa,0xff,0xea,0xff,0xfe,0xff,0xff,
    0xff,0xff,0xff,0xff,0xff,0xff,0xff,0xff,0x50,0xa9,0x52,0xa8,0x00,0xaa,0xa3,0x28,0x8f,0xc8,0x3f,0xf0,0xff,0xf0,0xff,0xf1,
    0x56,0xbf,0x54,0x7b,0x55,0x2e,0x55,0x26,0x14,0x02,0x00,0x04,0x00,0x15,0x01,0x54,0xff,0xff,0xff,0xff,0xfb,0xff,0xee,0xfa,
    0x7b,0xe6,0x2e,0xa6,0x2a,0x92,0x22,0x8c,0xff,0x00,0xfc,0x28,0xf2,0x28,0xf2,0x55,0xf1,0x55,0xfc,0x14,0xff,0xc0,0xff,0xff,
    0x15,0x54,0xa1,0x53,0xa4,0x53,0x59,0x4f,0x55,0x4f,0x15,0x3f,0x00,0xff,0xff,0xff,0xc1,0x13,0x04,0x44,0x31,0x11,0xfc,0x44,
    0xfc,0x50,0xfc,0x10,0xf8,0x40,0xe3,0x05,0x0b,0xff,0x03,0xff,0x12,0xff,0x40,0xbf,0x00,0xbf,0x00,0x3f,0x54,0x3e,0x44,0xfe,
    0x93,0x15,0x84,0x15,0x88,0x05,0xa3,0x00,0xa8,0xbf,0x0a,0x40,0x3e,0xaa,0x3f,0xea,0x30,0xfa,0x33,0xea,0x0f,0xaa,0x3e,0x0a,
    0xe0,0xa6,0x0a,0xaa,0xaa,0xaa,0xaa,0xaa,0xff,0xc5,0xff,0xc5,0xff,0x25,0xfc,0x9a,0xfc,0x4a,0xfc,0x45,0xff,0x05,0xff,0xf0,
    0x55,0x53,0x55,0x53,0x55,0x53,0x8a,0x4f,0x19,0x4f,0x15,0x3f,0x44,0x3f,0x03,0xff,0xff,0xf4,0xff,0x41,0xfc,0x7f,0xf7,0xbb,
    0xf2,0xaa,0xf0,0x2a,0xff,0xca,0xff,0xf2,0x01,0xff,0x7f,0x0f,0xcf,0xf0,0xff,0xff,0xef,0xff,0xbb,0xff,0xaf,0xff,0xaf,0xbf,
    0xff,0xf2,0xff,0xfc,0xff,0xfc,0xff,0xfc,0xff,0xff,0xff,0xff,0xff,0xff,0xff,0xff,0xaa,0xff,0xab,0xbf,0xaa,0xff,0xaa,0xbf,
    0x2a,0xff,0x2a,0xff,0x2a,0xff,0x2a,0xbf,0x2a,0xef,0x2a,0xbf,0x2a,0xee,0x2a,0xab,0x2a,0xae,0x6a,0xab,0xca,0xaa,0xca,0xa8,
    0xff,0xfc,0xff,0xff,0xfe,0xee,0xbb,0xb0,0xee,0xcf,0xb0,0x00,0x05,0x03,0x50,0x0f,0xf2,0xa1,0xf2,0x85,0x3c,0x84,0xcf,0x15,
    0xcc,0x14,0xc0,0x53,0xf0,0x10,0xf0,0x03,0xff,0xff,0xdf,0xd7,0xc3,0x73,0xcc,0xb3,0xcc,0xb4,0x6f,0x6f,0x2f,0xfc,0x2b,0xff,
    0xff,0xff,0xff,0xff,0xff,0xff,0x01,0xff,0x3f,0x00,0x1f,0xf3,0xab,0xf5,0xff,0xfc,0xff,0xff,0xff,0xff,0xff,0xff,0xff,0xff,
    0xff,0xff,0x1f,0xff,0xd3,0xff,0xfc,0xff,0x2e,0xff,0x2b,0xff,0x2a,0xff,0x2a,0xee,0xca,0xba,0xca,0xae,0xf2,0xaa,0xf2,0xaa,
    0xff,0xff,0xff,0xff,0xff,0xff,0xff,0xff,0xef,0xff,0xbb,0xff,0x9e,0xff,0x8b,0xff,0xff,0x3d,0xff,0xcc,0xff,0xc4,0xff,0xf3,
    0xff,0xf2,0xff,0xf6,0xff,0xfc,0xff,0xfc,0xfc,0xaa,0xff,0x22,0xff,0xc2,0xff,0xf2,0xff,0xfc,0xff,0xff,0xff,0xff,0xff,0xff,
    0x2a,0xef,0x2a,0xbf,0x2a,0xee,0x2a,0xab,0x2a,0xae,0x6a,0xab,0xca,0xaa,0xca,0xaa,0xff,0xff,0xff,0xff,0xff,0xff,0xff,0xf0,
    0xff,0xcf,0xff,0x0f,0xfc,0xcf,0x40,0xf3,0xff,0xff,0xc3,0xfc,0x33,0xf3,0xf4,0x0e,0xdf,0x3e,0xff,0xf8,0xff,0xfb,0xff,0xff,
    0x7f,0xff,0x7f,0x07,0x10,0x55,0xc5,0x00,0xf0,0x55,0xfc,0x55,0x3f,0x00,0x4f,0xff,0x2c,0xff,0x4b,0x3f,0x4f,0xcf,0x3f,0xa3,
    0x38,0x0f,0xfa,0x3f,0xfe,0x8f,0xff,0xa3,0xff,0xff,0xff,0x47,0xfc,0xfc,0xf7,0xff,0xf3,0xff,0xdf,0xff,0xcf,0x7f,0xcf,0x5f,
    0xff,0xff,0xff,0xff,0xff,0xff,0x3f,0xff,0xdf,0xff,0xcf,0xff,0xf7,0xff,0xf3,0xff,0xdf,0xcf,0xdf,0xc7,0xf3,0xd7,0xf3,0xf3,
    0xf7,0xf1,0xf7,0xf0,0x7c,0xf0,0x1c,0xf1,0xf3,0xff,0xfd,0xff,0xfc,0xff,0xfc,0xff,0xfc,0xff,0xfc,0xff,0xf3,0xff,0xf3,0xff,
    0x44,0xf1,0x00,0xf3,0x41,0xd3,0x11,0xc7,0x40,0x4f,0x10,0x0f,0x40,0x1c,0xc0,0x43,0xf7,0xff,0xcf,0xff,0xdf,0xff,0xdf,0xff,
    0x3f,0xff,0x3f,0xff,0xff,0xff,0xff,0xff,0xd0,0x0f,0xd0,0x0f,0xd0,0x1f,0xd0,0x04,0xc0,0x11,0x40,0x45,0x00,0x14,0x00,0x50,
    0xff,0xff,0xff,0xff,0xff,0xff,0x3f,0xff,0x0f,0xff,0x0f,0xff,0x0f,0xff,0x3f,0xff,0x5f,0xc0,0xff,0xff,0xff,0xff,0xff,0xff,
    0xff,0xff,0xff,0xff,0xff,0xff,0xff,0xff,0x04,0x01,0xc3,0xa8,0x4e,0xaa,0x3a,0x0a,0x38,0x02,0x28,0x02,0x4a,0x08,0x7c,0xa1,
    0xff,0xff,0xff,0xff,0xff,0xff,0x01,0xff,0xd4,0x1f,0xd5,0x11,0x55,0x15,0x55,0x15,0xff,0xd5,0xff,0x7d,0xff,0x3d,0xff,0x15,
    0xff,0xc5,0xff,0xd0,0xff,0xc5,0xff,0xc5,0x05,0x54,0x44,0x01,0x43,0xe8,0x4f,0xaa,0x0a,0x02,0x48,0x0a,0x52,0xa8,0x7c,0x01,
    0xff,0xff,0xff,0xff,0xff,0xff,0xff,0xff,0xff,0xff,0xff,0xff,0xff,0xf8,0xff,0xc6,0xff,0xff,0xff,0xff,0xff,0xff,0xff,0xff,
    0xff,0xff,0xff,0xfc,0xff,0x82,0xd4,0x2a,0xff,0x1b,0xff,0x6d,0xfc,0xb7,0xfc,0xb1,0xc1,0xb0,0x2a,0xac,0xaa,0xab,0xaa,0xaa,
    0xff,0xff,0xff,0xfc,0xff,0xf3,0xff,0xcf,0xff,0x2f,0xff,0x2f,0xff,0x2b,0xff,0xca,0x2f,0x09,0x0b,0xc5,0xf0,0xe0,0xcf,0x21,
    0x3f,0xc1,0x3f,0x38,0xfc,0xfc,0xff,0xfc,0xbf,0xfc,0xab,0xf8,0xaa,0xa8,0x02,0xa1,0xfc,0x01,0xff,0xe1,0xff,0xf1,0xff,0xf1,
    0xa9,0x3f,0x2a,0x7f,0x4a,0x91,0x02,0xa9,0x00,0xaa,0x0e,0xaa,0xfa,0xa2,0xaa,0xa6,0xff,0xff,0xff,0xff,0xff,0xff,0x1f,0xd0,
    0xa0,0x6a,0xa9,0xaa,0xaa,0xa9,0x8a,0x03,0xff,0xff,0xff,0xff,0xff,0xff,0x7f,0xff,0x87,0xff,0xa8,0xff,0x01,0xbf,0x0d,0x3f,
    0xff,0xff,0xff,0xff,0xff,0xff,0xff,0xff,0xff,0xff,0xff,0xd0,0xfc,0x2a,0xd6,0xaa,0x45,0x4f,0x45,0x53,0xf0,0x53,0xcf,0x15,
    0x3f,0xc4,0x3f,0xf0,0xcf,0xf0,0xf3,0xe8,0x6a,0xaa,0x1a,0xaa,0x5a,0xbf,0x6b,0xe4,0x6f,0x00,0xac,0x17,0xb4,0x7d,0xb1,0xf4,
    0x5a,0xc4,0xaa,0xc0,0xea,0xb0,0xbe,0xaf,0x1b,0xaa,0x41,0xea,0xf0,0x7a,0x6c,0x39,0xa1,0xe0,0x93,0xd2,0x83,0x83,0x83,0x83,
    0x83,0x83,0x93,0x82,0x91,0xd1,0x60,0xa4,0xff,0xfe,0xf4,0x1f,0xd0,0x03,0xc3,0xf1,0xc3,0xf8,0xd1,0xf8,0xf4,0xf0,0x6f,0xc3,
    0x0b,0x1d,0x83,0x8d,0xd1,0xc4,0xe1,0xc3,0xf0,0xcf,0xe0,0xce,0xd1,0x90,0x82,0x23,0x64,0x68,0x18,0x16,0x1a,0x01,0x16,0x90,
    0x15,0xaa,0x50,0x5a,0x54,0xd0,0x93,0xff,0x00,0x0a,0x50,0x68,0xaa,0x90,0x00,0x02,0x40,0x6a,0xaa,0xaa,0x55,0x55,0x40,0x00,
    0x06,0x23,0x0a,0x08,0x68,0x2b,0xa0,0x8a,0x06,0x40,0x54,0x1e,0x00,0x7f,0x03,0xff,0xf1,0x1b,0x8f,0x6f,0x8c,0xb4,0x3c,0xbf,
    0x05,0xbf,0x22,0xaf,0xaa,0xab,0xaa,0xaa,0xf9,0x3f,0xfe,0x7f,0x7f,0x91,0xcf,0xa9,0xf7,0xaa,0xfe,0xaa,0xfa,0xa2,0xaa,0xa6,
    0xff,0xff,0xff,0xff,0xff,0xff,0x1f,0xd0,0xa0,0x6a,0xa9,0xaf,0xaa,0xbf,0x8a,0xd1,0xff,0xff,0xff,0xff,0xff,0xff,0x7f,0xff,
    0x87,0xff,0xe8,0xff,0xf9,0xbf,0xfd,0x3f,0x5a,0xff,0xaa,0xff,0xaa,0xbf,0xfa,0xaf,0x1e,0xaa,0x07,0xaa,0xc1,0xea,0x70,0xf9,
    0x39,0x3f,0xd9,0x3f,0xe4,0xff,0x94,0xff,0x53,0xff,0x54,0xff,0x54,0xff,0x55,0x3f,0xff,0xfc,0xff,0xf2,0xff,0xca,0xff,0xc9,
    0xff,0x26,0xff,0x29,0xff,0x25,0xff,0x25,0xa5,0x55,0x95,0x55,0x55,0x55,0x95,0x55,0x55,0x55,0x55,0x45,0x55,0x51,0x95,0x54,
    0xff,0x16,0xff,0xca,0xff,0xca,0xff,0xc9,0xff,0xc9,0xff,0xc5,0xff,0xf1,0xff,0xf1,0x65,0x54,0x95,0x54,0x55,0x55,0x55,0x50,
    0x55,0x0f,0x54,0xff,0x53,0xf5,0x4f,0xdb,0x3c,0x3d,0xf4,0x3c,0x30,0x74,0x00,0xf0,0xf0,0xf0,0x58,0x30,0xaf,0x80,0xff,0xfe,
    0xff,0xf1,0xff,0xfc,0xff,0xfc,0xff,0xff,0xff,0xff,0xff,0xff,0xff,0xff,0xff,0xff,0x0f,0x6f,0x3d,0xbf,0x3d,0xff,0x36,0xff,
    0x37,0xff,0x0f,0xff,0x1f,0xff,0xcf,0xff,0xff,0xff,0xff,0xff,0xff,0xff,0xff,0xff,0xff,0x3f,0xff,0xcf,0xff,0xcb,0xff,0xe2,
    0xc0,0x01,0xf0,0x1f,0xfc,0xfd,0xff,0x00,0xff,0x80,0xee,0x8f,0xba,0x84,0xaa,0x81,0xcf,0xfc,0xcf,0xfe,0xf3,0xff,0xf2,0xff,
    0xfc,0xbe,0xf1,0x0a,0xc6,0xa0,0xc5,0x55,0xff,0xb8,0x3e,0xea,0x2b,0xaa,0x8a,0xaa,0x8a,0xaa,0xa2,0xaa,0xa8,0xa8,0x00,0x07,
    0xaa,0x3f,0x2a,0x7f,0x91,0xff,0x87,0xff,0x8f,0xff,0x3f,0xff,0xff,0xff,0xff,0xff,0x45,0x45,0x55,0x55,0xff,0xff,0x50,0x01,
    0x00,0x00,0x7f,0xfc,0xf4,0x07,0xc0,0x0f,0x50,0x55,0x55,0x55,0xc1,0x01,0xd0,0xfc,0x0f,0xff,0xff,0xff,0xff,0xff,0xff,0xff,
    0x52,0x99,0x4a,0x65,0x29,0x95,0x41,0x55,0xd4,0x15,0xfd,0xc5,0xff,0x70,0xff,0x5f,0x4f,0xff,0x53,0xff,0x54,0xff,0x54,0xff,
    0x55,0x3f,0x55,0x3f,0x55,0x3f,0x15,0x3f,0x07,0x3f,0x3f,0x3f,0x7c,0xff,0xf0,0xfa,0xf0,0xa9,0xff,0x27,0x3f,0x27,0x07,0xcb,
    0xfe,0xff,0xf7,0xff,0x9f,0xff,0x7f,0xff,0xff,0xff,0xff,0xfe,0xff,0xfa,0xff,0xe8,0xff,0xdf,0xff,0xf7,0xff,0xf7,0xff,0xfd,
    0xbf,0xfd,0xaf,0xfd,0xbf,0xf9,0xff,0xe8,0x14,0xff,0xc4,0xff,0xc1,0xff,0xe1,0xff,0xe0,0xff,0xe3,0xff,0xa3,0xff,0x8f,0xff,
    0x03,0xca,0xf4,0x02,0x1f,0xfc,0x00,0x00,0xd0,0x01,0xff,0xff,0x44,0x45,0x00,0x01,0xfe,0xa3,0xaa,0x8f,0xa8,0x2f,0x02,0xaa,
    0xf2,0xaa,0xc0,0x2a,0x55,0x40,0x55,0x55,0xff,0xa1,0xfe,0x86,0xea,0x98,0xaa,0x13,0xa8,0x7f,0x83,0xff,0x0f,0xff,0x53,0xff,
    0x1f,0xff,0xff,0xff,0xff,0xff,0xff,0xff,0xff,0xff,0xff,0xff,0xff,0xff,0xff,0xff,0x50,0x55,0x5a,0x85,0x2a,0xa1,0xaa,0x55,
    0xa9,0x54,0x25,0x54,0x15,0x51,0x45,0x45,0xa0,0x15,0x8a,0x85,0x2a,0xa1,0xaa,0x54,0xa5,0x54,0x95,0x55,0x15,0x51,0x45,0x45,
    0xff,0xf2,0xff,0xc0,0xff,0x1f,0xff,0x2a,0xff,0x2a,0xff,0xca,0xf0,0x30,0xf3,0xcc,0x80,0x6a,0xaa,0x09,0xff,0xf2,0xab,0xf8,
    0xaa,0xe8,0xa8,0xa1,0x13,0x22,0x8e,0x02,0xfc,0xb2,0xfc,0xa1,0xff,0x29,0xff,0x2a,0xff,0x2a,0xff,0x2a,0xff,0xca,0xff,0xca,
    0x8a,0x00,0x4a,0x30,0x2a,0x2c,0xaa,0x28,0xaa,0x4a,0xaa,0x4a,0xaa,0x4a,0xa9,0x4a,0xaa,0x8a,0x01,0x32,0x54,0xf0,0xa8,0xa0,
    0x23,0x84,0x96,0x84,0xaa,0x93,0xaa,0x93,0x81,0xbe,0x12,0xbf,0x91,0xaa,0x86,0x66,0x05,0x9a,0xf0,0x16,0xff,0xd0,0xff,0xfc,
    0xff,0xf2,0xff,0xfc,0xff,0xfc,0xff,0xfc,0xff,0xfc,0xff,0xfc,0xff,0xff,0xff,0xff,0xa9,0x32,0x54,0xf2,0xa4,0xf2,0xa3,0xf1,
    0xcf,0xfc,0x3f,0xfc,0xff,0xfc,0xff,0xff,0xaa,0x4f,0xaa,0x3f,0xaa,0x3f,0xa9,0x3f,0x14,0xff,0xe4,0xff,0xa3,0xff,0x03,0xff,
    0xff,0xff,0xff,0xf4,0xfd,0x06,0xfc,0x6a,0xff,0x15,0xff,0xf4,0xff,0xff,0xff,0xff,0x1a,0xa3,0x6a,0x97,0xaa,0x8f,0xa9,0x3f,
    0x51,0xff,0x1f,0xff,0xff,0xff,0xff,0xff,0xff,0xff,0xff,0xff,0xff,0xff,0xff,0xff,0xff,0xff,0xff,0xf0,0xff,0xcf,0xff,0x3f,
    0xff,0xf2,0xff,0xf2,0xff,0xf2,0xf0,0x04,0xc5,0x54,0x05,0x54,0xe1,0x54,0xf8,0x54,0xfc,0xff,0xfc,0xff,0xf3,0xff,0xf3,0xff,
    0xf3,0xff,0xf3,0xff,0xf2,0xee,0xfc,0xbb,0xfe,0x12,0xfb,0x82,0xee,0x80,0xfa,0xa1,0xee,0xa1,0xba,0xa1,0xea,0xa1,0xba,0xa0,
    0xf0,0xee,0xf2,0x3b,0xf2,0x8a,0xca,0xa2,0xca,0xa0,0xca,0x8c,0xca,0x3f,0xca,0x3e,0xea,0x80,0xaa,0x80,0xaa,0x01,0xaa,0x11,
    0xa8,0x24,0x18,0x99,0x08,0x26,0xa0,0x08,0xca,0x2a,0xf2,0x8a,0xf2,0x82,0xf2,0x84,0xfc,0x62,0xc0,0x92,0x28,0x62,0x25,0x98,
    0xbf,0x20,0xbc,0xa8,0x82,0xa8,0x22,0xe8,0x8f,0xe0,0xa0,0x0e,0xaf,0x0e,0xac,0xca,0x00,0xca,0x14,0xf2,0x2a,0x30,0xaa,0x33,
    0xa5,0x30,0x5f,0x00,0x0f,0x0f,0xf0,0xff,0x05,0x4a,0x15,0x2a,0x55,0x2a,0x54,0xb8,0x54,0xec,0x14,0xb8,0x40,0xec,0x05,0x3a,
    0x84,0x0a,0xa1,0x0a,0xa8,0x41,0x28,0x48,0x2a,0x32,0x4a,0x3c,0x4a,0x3f,0x52,0x8f,0xa1,0x2a,0xa1,0x4a,0xa8,0x4a,0xa8,0x42,
    0xa8,0x48,0x21,0x0a,0x11,0x86,0x02,0x61,0x26,0x68,0x19,0x98,0x89,0x98,0x86,0x62,0xa2,0x61,0x22,0x84,0x8a,0x00,0xa0,0x8f,
    0x52,0x83,0x62,0x88,0x94,0x8a,0x64,0xa2,0x92,0x22,0x06,0x8a,0x15,0xa9,0x05,0x54,0xa1,0x2a,0xa1,0x4a,0xa8,0x42,0xa8,0x48,
    0xa8,0x4a,0x21,0x0a,0x11,0x86,0x02,0x61,0x26,0x68,0x19,0x98,0x89,0x98,0xa2,0x62,0x28,0x61,0x82,0x84,0xaa,0x00,0xa0,0x8f,
    0x52,0x83,0x64,0xa0,0x94,0xa2,0x65,0x28,0x92,0x88,0x06,0xa2,0x15,0xa9,0x05,0x54,0xaa,0x41,0xaa,0x94,0x6a,0xa5,0x41,0xaa,
    0x40,0x1a,0x40,0x46,0x00,0x52,0x01,0x50,0xaa,0xaa,0x6a,0xaa,0x0a,0xa9,0x52,0xa8,0xa4,0xa9,0xa8,0xa6,0x59,0xa4,0xaa,0x6c,
    0x46,0x2b,0x16,0x8a,0x1a,0x8a,0x60,0x2a,0x8a,0x8a,0x2a,0x8a,0x6a,0xaa,0x00,0xaa,0xff,0xff,0xff,0xff,0xff,0xff,0xff,0xff,
    0xff,0xff,0xff,0xff,0xff,0x40,0x04,0xff,0xff,0xff,0xff,0xff,0xff,0xff,0xff,0xff,0xff,0xff,0xff,0xfc,0xff,0xf3,0x0f,0xcf,
    0xff,0xff,0xff,0xff,0xf0,0xff,0xcf,0x3f,0x3a,0x3f,0xe8,0xff,0xe8,0xff,0xa3,0xff,0x93,0xff,0x73,0xff,0xf3,0xdd,0xfc,0xf4,
    0xff,0x0f,0xff,0xf0,0xff,0xfe,0xff,0xfa,0xf0,0x3e,0xfc,0xfa,0x3f,0x2a,0x0f,0xca,0xff,0xf0,0x00,0x7c,0xa8,0x00,0x82,0xa0,
    0xa3,0xff,0x8f,0xff,0x83,0xff,0x3c,0x03,0xaf,0x14,0xaa,0x10,0x68,0xca,0x18,0x6a,0xff,0xff,0xff,0xff,0xff,0xff,0xff,0xff,
    0x3f,0xff,0x4f,0xff,0x0f,0xff,0x13,0xff,0xff,0xff,0xf4,0x1f,0xcf,0xf3,0x7f,0xfc,0x3f,0xfc,0x3f,0xfc,0x37,0xfc,0xcc,0x1c,
    0xff,0xff,0xff,0xff,0xff,0xff,0xff,0xff,0xff,0xff,0x3f,0xff,0x8f,0xff,0xb3,0xfc,0xf7,0x9a,0xdf,0xa2,0x7e,0xa2,0x2a,0xa4,
    0xc2,0xa7,0x14,0x29,0x15,0x4a,0x55,0x52,0xaa,0xaa,0xaa,0xaa,0xaa,0xaa,0xaa,0xa8,0x2a,0x90,0x1a,0x85,0x4a,0x1a,0x8a,0x2a,
    0x2a,0xa9,0x2a,0xa9,0x0a,0x81,0xd0,0x22,0xda,0xa8,0x6a,0xa8,0xaa,0x00,0xa4,0x11,0x81,0x2a,0xaa,0x28,0x2a,0x83,0x4a,0xa8,
    0x50,0x6a,0x95,0x00,0x25,0x55,0x09,0x55,0x13,0xff,0xc3,0xff,0xf3,0xff,0xc3,0xff,0x13,0xff,0x4f,0xff,0x4f,0xff,0x3f,0xff,
    0xcf,0x32,0xf3,0xf2,0xfc,0x7d,0xf2,0x3c,0xce,0x80,0xcf,0xaa,0xdf,0xaa,0xf2,0xaa,0xa3,0xfc,0xa0,0xff,0x45,0x40,0x06,0x92,
    0x10,0x54,0x80,0x54,0x81,0x40,0x09,0x2a,0xfc,0xa8,0xff,0x02,0xff,0x2a,0xff,0x6a,0xff,0xd0,0xff,0xfc,0xff,0xff,0xff,0xff,
    0x24,0x4a,0x80,0x2a,0x80,0xca,0x33,0xf2,0xf3,0xfc,0xf3,0xff,0x0f,0xff,0xff,0xff,0xff,0xff,0xff,0xff,0xff,0xfc,0xff,0xfc,
    0xff,0xfc,0xff,0xff,0xff,0xff,0xff,0xff,0xff,0xff,0xff,0xff,0xff,0xff,0xff,0xff,0xff,0xff,0xff,0xfc,0xff,0xf7,0x05,0x53,
    0xff,0xff,0xff,0xff,0xff,0xff,0xf4,0x3f,0x4f,0xc0,0xff,0xfc,0xff,0xf7,0xff,0xd3,0xff,0xff,0xff,0xff,0xf0,0xff,0xcf,0x3f,
    0x3a,0x3f,0xe8,0xff,0x28,0xff,0x23,0xf0,0x9f,0xf3,0x7f,0xfc,0xff,0xff,0xff,0xff,0xff,0xff,0xff,0xff,0xff,0xfe,0xff,0xfa,
    0xff,0x53,0x3f,0xff,0x80,0x00,0xaa,0xaa,0xaa,0xa0,0xaa,0x8a,0xaa,0x4a,0xaa,0x20,0xc0,0x0f,0xfd,0x0b,0x3f,0x2a,0x00,0x1a,
    0xa8,0x06,0xaa,0x60,0xaa,0x6a,0xa0,0x4a,0x3f,0xff,0xc0,0xff,0x84,0x0f,0x32,0x83,0x1a,0x84,0x4a,0x84,0x8a,0x30,0xa0,0xfc,
    0xff,0xff,0xff,0xf4,0xff,0xcf,0xff,0x7f,0xff,0x3f,0xff,0x3f,0xff,0x37,0xff,0xcc,0xff,0xff,0x1f,0xff,0xf3,0xff,0xfc,0xff,
    0xfc,0xff,0xfc,0xff,0xfc,0x3f,0xfc,0xcc,0x00,0x92,0x84,0x94,0xa1,0x25,0xa1,0x05,0x85,0x09,0x14,0x81,0x52,0xa8,0x42,0xaa,
    0xaa,0x30,0x1a,0x80,0x00,0x04,0x55,0x53,0x55,0x4f,0x55,0x3f,0x00,0xff,0x0f,0xff,0xff,0xcd,0xff,0xf3,0xff,0xfc,0xff,0xf0,
    0xff,0xc8,0xff,0x3a,0xff,0x3e,0xff,0x7e,0x32,0x8c,0xf2,0x8f,0xf2,0x80,0x31,0x12,0x30,0x14,0x00,0x44,0xaa,0x04,0xaa,0x04,
    0xff,0xca,0xff,0xf2,0xff,0xfc,0xff,0xfc,0xff,0xfd,0xff,0xff,0xff,0xff,0xff,0xff,0xa8,0x24,0xa0,0x92,0x0a,0x0a,0xaa,0x02,
    0xa8,0x3c,0x43,0x3f,0x0f,0x3f,0xf0,0xff,0xfd,0x04,0xf3,0xe1,0xce,0x94,0x34,0x14,0x3a,0x44,0x25,0x51,0x68,0x51,0xc9,0x05,
    0xf7,0xff,0x33,0xfc,0x43,0xf1,0x13,0xf3,0x4f,0xf0,0x4b,0xb0,0x4e,0xe4,0x33,0xba,0xa3,0xff,0x8d,0xfc,0x8c,0xf3,0x84,0xcc,
    0x85,0xc9,0x96,0x45,0x8a,0x31,0xaa,0x3c,0x40,0xff,0xf9,0x3f,0x90,0x8f,0x4f,0xa3,0x3e,0xa3,0x1a,0x28,0x14,0xa4,0x05,0x54,
    0xd0,0x10,0xc9,0x54,0xf2,0x55,0xf2,0x55,0xfc,0x55,0xfc,0x94,0xff,0x15,0xff,0xc1,0xf2,0xe8,0xfc,0x95,0x3c,0x05,0x02,0xa9,
    0x16,0xa6,0x55,0x55,0x55,0x56,0x55,0x0a,0x10,0xfc,0x40,0x32,0x16,0x82,0x56,0xa4,0x55,0x55,0x51,0x55,0x60,0x15,0x98,0xc0,
    0x91,0x53,0x94,0x0f,0x55,0x3f,0x15,0x3f,0x54,0xff,0x53,0xff,0x0f,0xff,0xff,0xff,0x03,0x2a,0xff,0x29,0xff,0x25,0xff,0x2a,
    0xff,0x15,0xfc,0x4a,0xf1,0x46,0x05,0x45,0xa4,0xff,0x9a,0x3f,0xa5,0x3f,0xaa,0x3f,0x94,0xff,0xa4,0xff,0x53,0xff,0x53,0xff,
    0x1a,0x40,0x00,0x00,0x40,0x00,0x54,0x01,0x15,0x54,0x90,0x00,0x66,0x55,0xa9,0x99,0x10,0xf2,0x07,0xf2,0x10,0xfc,0x41,0x0f,
    0x05,0x50,0x51,0x52,0x61,0x52,0x98,0x54,0xf7,0xff,0xf3,0xfe,0xdf,0xfb,0xcf,0xfe,0xcf,0xfb,0xcb,0xb2,0xce,0xe4,0xf3,0xba,
    0x54,0x88,0xe5,0x12,0xa9,0xaa,0xaa,0xaa,0xaa,0xba,0xa2,0xfe,0x0b,0xf2,0xaa,0xaa,0xa3,0xff,0xa9,0xff,0xa8,0xff,0xa8,0xff,
    0xa4,0xff,0x92,0x7f,0x8a,0x3f,0xa9,0x3c,0xff,0xfd,0xff,0xd7,0xff,0x7f,0xfd,0xfe,0xf7,0xfb,0xf3,0xea,0xef,0x8a,0xcf,0x8a,
    0x40,0xbf,0xfe,0x0f,0xfb,0xa3,0xee,0x2a,0xa2,0x88,0x28,0x88,0x88,0x88,0x88,0x83,0xce,0xa2,0xce,0x8a,0xbe,0xa0,0x39,0x88,
    0x39,0xa2,0x35,0x88,0x25,0xa2,0x25,0x90,0x88,0x28,0x00,0xa8,0x20,0xa3,0x80,0x0f,0x00,0x0f,0x8b,0xe0,0x2d,0x58,0xaf,0xd4,
    0x02,0xaa,0x8a,0xaa,0xab,0xe8,0xbf,0xa3,0x3e,0x07,0x83,0x47,0xa1,0x00,0xaa,0xaa,0x29,0xaa,0x2a,0xaa,0xca,0x5a,0xca,0xa5,
    0xf0,0xa9,0xff,0x0a,0xff,0xf0,0xff,0xff,0x25,0xa8,0x2a,0x56,0x82,0x96,0x68,0x22,0x56,0xa2,0xa5,0x8b,0x0a,0x8f,0xf0,0x2f,
    0xbc,0xa8,0x0a,0xaa,0x03,0x00,0x85,0x55,0xa2,0xd5,0xf8,0x2a,0xee,0x80,0xba,0xa0,0xaa,0xaa,0xaa,0x80,0x03,0x16,0x55,0x5a,
    0x57,0xa0,0xaa,0x02,0x00,0x2a,0xbf,0xba,0xff,0x3f,0xff,0x3b,0xff,0x2e,0xff,0x3b,0xff,0xca,0xff,0xca,0xff,0xf2,0xff,0xfc,
    0xff,0xff,0xff,0xff,0xff,0xfc,0xff,0xc2,0xfc,0x2f,0xf2,0xff,0xcb,0xff,0xcf,0xfb,0xff,0xff,0xff,0xff,0xff,0xf5,0xff,0x5f,
    0xfd,0xff,0xfc,0xfa,0xf3,0xea,0xf3,0xa2,0xff,0xff,0xd0,0xff,0x7f,0x3f,0xfa,0x8f,0xaa,0xa3,0xa8,0xaa,0x8a,0x28,0x8a,0x28,
    0xcf,0xa2,0xce,0x28,0xce,0x28,0xbe,0x80,0x39,0x88,0x39,0xa2,0x35,0x88,0x25,0x90,0xa2,0x80,0xa2,0x88,0x80,0x28,0x02,0x83,
    0x00,0x02,0x09,0x7c,0x2f,0xd6,0xab,0xf4,0xbc,0xa8,0x0a,0xaa,0x83,0x00,0x89,0x55,0xa1,0x55,0xf3,0x55,0xe8,0xaa,0xba,0x00,
    0xaa,0xaa,0xaa,0x80,0x03,0x16,0x55,0x56,0x55,0x5a,0x57,0xa8,0xaa,0x02,0x00,0xba,0xfc,0x3c,0xc1,0xfe,0x17,0xaa,0x5e,0x58,
    0x79,0x63,0x25,0x8f,0x5a,0x8f,0xaa,0x3f,0xbc,0xa8,0x0a,0xaa,0x03,0x00,0x8a,0xaa,0xa0,0xaa,0xee,0x80,0xfa,0xa0,0xee,0xa8,
    0xaa,0xaa,0xaa,0x80,0x03,0x2a,0xaa,0xaa,0xaa,0x80,0x00,0x00,0x00,0x0a,0xfe,0xea,0x2a,0x3f,0x82,0x2e,0x68,0x3b,0x5a,0x2a,
    0xd6,0x8a,0xf5,0x8a,0x7d,0xa2,0xdf,0xa8,0xba,0xab,0xea,0xa3,0xaa,0xa3,0xaa,0xa2,0xaa,0xa2,0xaa,0xa2,0xaa,0x88,0x28,0x2a,
    0xff,0xba,0xfe,0xea,0xbb,0xaa,0xaa,0xaa,0xaa,0xaa,0xaa,0xaa,0xaa,0xaa,0x0a,0xaa,0xaa,0x8a,0xaa,0x8a,0xaa,0x8a,0xaa,0xa2,
    0xaa,0x80,0xaa,0x00,0xaa,0x00,0xa8,0x28,0xff,0xff,0xff,0xff,0xff,0xff,0xff,0xf4,0xfd,0x0b,0xd2,0xff,0x3f,0xff,0xff,0xfe,
    0xff,0xff,0xff,0xff,0xff,0xff,0x01,0xff,0xff,0x3f,0xef,0x8c,0xf9,0xa3,0xfa,0x14,0xff,0xff,0xff,0xc0,0xfc,0x2b,0xf3,0xea,
    0xcf,0x9a,0x3e,0x4e,0x3d,0x39,0x14,0xe4,0xff,0xff,0x3f,0xff,0xcf,0xff,0x90,0xff,0xaf,0x3f,0x6a,0x4f,0x2a,0xb3,0xe6,0xa3,
    0xff,0xff,0xbf,0xef,0xaf,0xea,0x5b,0xe4,0x46,0xa8,0x90,0x6a,0x51,0x06,0x44,0x41,0xaa,0x44,0x96,0x84,0xa1,0x93,0xa8,0x53,
    0x69,0x0f,0x15,0x3f,0x44,0x3f,0x43,0x3c,0x13,0x93,0x42,0x53,0x3c,0x4a,0x3a,0x05,0x2a,0x40,0xc1,0x51,0x3c,0x05,0x83,0xf0,
    0xd3,0x93,0x8f,0x94,0x3e,0x94,0x3e,0x44,0x29,0x14,0x15,0x04,0x40,0x50,0x11,0x04,0x2c,0x1d,0x13,0x6a,0xf5,0x69,0xff,0x57,
    0x0f,0xff,0x0f,0xfd,0x23,0xd0,0xc8,0x00,0x63,0xfe,0x8c,0xc2,0x00,0x2a,0xfe,0xaf,0xff,0xfd,0x07,0xf4,0x00,0x00,0x00,0x02,
    0xf2,0x80,0xf8,0xa0,0xee,0x2a,0xba,0x82,0xea,0xa8,0x2a,0xa9,0x2a,0xa8,0xca,0xaa,0x02,0xaa,0x2a,0xa8,0xaa,0x82,0xa8,0x19,
    0x02,0xa6,0xba,0xaa,0xae,0xaa,0x2a,0xaa,0x02,0x81,0x55,0x15,0x54,0x68,0x51,0xb8,0x52,0xfe,0x46,0xfe,0xc7,0xba,0x8a,0xea,
    0xff,0xff,0xff,0xbe,0xff,0xbf,0xff,0xef,0xff,0xee,0xff,0xf7,0xff,0xfd,0xff,0xff,0x1a,0xa4,0x29,0x98,0xea,0x64,0xba,0x98,
    0xea,0x65,0xba,0x99,0xe6,0xa5,0x7d,0x98,0xdb,0xe7,0xf6,0xbd,0xff,0x5b,0xff,0xff,0xff,0xff,0xff,0xff,0xff,0xff,0xff,0xff,
    0xf0,0x98,0x05,0x11,0xff,0x91,0xfa,0x44,0xe9,0x2d,0xe7,0xfd,0xff,0xfa,0xfe,0xe7,0xff,0xda,0xff,0xf6,0xff,0xfc,0xff,0xff,
    0xff,0xff,0xff,0xff,0xff,0xff,0xff,0xff,0xff,0xff,0xab,0xfe,0x1a,0xab,0x45,0x6a,0x10,0x55,0x15,0x05,0xc5,0x50,0xf1,0x55,
    0xeb,0x9f,0xfe,0x6e,0xfe,0x7e,0xaa,0xba,0xa5,0xa9,0x5a,0x69,0x55,0xa6,0x00,0x4b,0x98,0xfc,0x66,0x33,0x05,0x93,0xf0,0x46,
    0xfd,0x0a,0xfb,0x16,0xfe,0x89,0xfb,0x86,0xfe,0x89,0xba,0x85,0xaa,0xe5,0xab,0xc5,0xbe,0xb8,0xeb,0xfe,0xbf,0xff,0xff,0xff,
    0x55,0x4f,0x55,0x4f,0x55,0x3f,0x54,0xff,0x0f,0xff,0xff,0xff,0xff,0xff,0xff,0xff,0xf0,0x98,0xff,0x00,0xff,0x3f,0x04,0xfa,
    0x53,0xa9,0x60,0x1f,0x8b,0xff,0x1a,0xaf,0x00,0xa5,0xff,0x5b,0xff,0xff,0xaf,0xff,0x7f,0xff,0xff,0xef,0xfe,0xbb,0xfa,0xee,
    0xff,0xff,0xff,0xff,0xff,0xff,0xff,0xff,0xff,0xff,0xff,0xbf,0xfa,0x83,0xa5,0x54,0x15,0xaa,0x41,0x56,0x2f,0xeb,0x1b,0xff,
    0x06,0xaf,0x80,0x56,0x1b,0xff,0x16,0xbf,0xab,0xaa,0xaa,0xaa,0xfa,0xaa,0xee,0xaa,0xea,0xaa,0xaa,0xaa,0xaa,0xa9,0xe6,0x54,
    0xfe,0xaa,0xaa,0xaa,0xaa,0xa4,0xaa,0x91,0xa9,0x74,0xa3,0xf4,0x4f,0xfc,0x3f,0xfc,0x40,0x55,0x11,0x56,0x45,0x5a,0x05,0x66,
    0x41,0x59,0x04,0x44,0x11,0x11,0x04,0x44,0x50,0x56,0x51,0xa9,0x54,0x55,0x95,0x00,0x95,0x4f,0x15,0x4f,0x00,0x3f,0xff,0xff,
    0x99,0x53,0x65,0x0f,0x50,0xff,0x0f,0xff,0xff,0xff,0xff,0xff,0xff,0xff,0xff,0xff,0x96,0xa4,0x66,0xa4,0x9a,0x98,0xfa,0xa4,
    0xbf,0x99,0xeb,0xf5,0xfe,0xbf,0xaf,0xeb,0xf0,0xaa,0xfa,0x0a,0xee,0xa0,0xba,0xa9,0x2a,0xa8,0x2a,0xa9,0xca,0xa8,0xff,0xea,
    0x19,0xaf,0x5a,0x6b,0x4a,0x9a,0x8a,0xa5,0x4a,0xaa,0x92,0xab,0x62,0xbe,0x9b,0xeb,0xfa,0xfe,0xff,0x6f,0xff,0xf6,0xff,0xff,
    0xff,0xff,0xff,0xff,0xff,0xff,0xff,0xff,0xab,0xff,0xfa,0xaa,0xff,0xea,0x5b,0xff,0xf5,0x6b,0xff,0xd5,0xff,0xff,0xff,0xff,
    0xfa,0xbf,0xff,0xfe,0xaa,0xaa,0xfa,0xaa,0xff,0xfa,0x6a,0xff,0xd5,0x5a,0xff,0xf5,0xff,0xff,0xaa,0xff,0xef,0xbf,0xaa,0xab,
    0xaa,0xfe,0xff,0xeb,0xa9,0x7f,0x57,0xff,0xc5,0xff,0x29,0x9f,0x2a,0x55,0x1a,0x55,0x15,0x55,0xc5,0x50,0xc5,0x56,0xf1,0x55,
    0xff,0xff,0xff,0xff,0xff,0xff,0x5f,0xff,0x00,0xbf,0x47,0xea,0xa1,0xff,0xa4,0xff,0xff,0xff,0xff,0xff,0xff,0xff,0xff,0xff,
    0xff,0xff,0xff,0xff,0xaa,0xff,0xff,0xaa,0xff,0xf8,0xff,0xe1,0xfe,0x44,0xe4,0x11,0xff,0x40,0xff,0xfc,0xff,0xfc,0xff,0xfc,
    0xff,0xc7,0xff,0x0f,0xfc,0xff,0xf3,0xff,0xcf,0xf5,0x3d,0x6a,0x36,0xaa,0xda,0xaa,0x08,0x1d,0x12,0x6a,0xf5,0x69,0xff,0x57,
    0x0f,0xff,0x0f,0xfd,0x23,0xc2,0xc8,0x2a,0x6a,0xaa,0xaa,0x82,0x00,0x2a,0xfe,0xaf,0xff,0xfd,0x07,0xf4,0xa8,0x02,0xaa,0xaa,
    0xff,0xff,0xff,0xff,0xff,0xaa,0xea,0xaa,0xbf,0xfe,0xaa,0xaa,0xd6,0xaa,0xff,0x55,0xfa,0xbf,0xff,0xea,0xaa,0xbf,0xff,0xea,
    0xaa,0xa9,0xaa,0x57,0x55,0xff,0xff,0xff,0xfa,0xbe,0xaf,0xe7,0xfa,0x9f,0xa5,0xff,0x5f,0xff,0xff,0xff,0xff,0xff,0xff,0xff,
    0xff,0xcf,0xff,0x03,0xff,0x3f,0xff,0x3f,0xfc,0xff,0xf0,0xff,0xd5,0x02,0x7f,0x54,0xff,0xba,0xfb,0xaa,0xfe,0x02,0xfb,0xaa,
    0xee,0xaa,0xbb,0xaa,0xee,0xaa,0x2a,0xa8,0xaa,0x1f,0xaa,0x0f,0xaa,0x03,0xa8,0xc7,0xa8,0xc3,0xa3,0xd3,0x8f,0xc7,0x3f,0xd3,
    0xaa,0x3f,0xaa,0x1f,0xaa,0x0f,0xa8,0x0f,0xa8,0x1f,0xa3,0x4f,0x8f,0x1f,0x3f,0x4f,0xff,0xff,0xff,0xff,0xff,0xff,0xff,0xff,
    0xff,0xff,0xff,0xff,0xff,0xff,0xfc,0x03,0xff,0xc3,0xff,0x33,0xff,0x07,0xff,0x3f,0xfc,0xff,0xfc,0xff,0xf5,0x02,0xdf,0xd4,
    0xfc,0xa8,0xff,0x02,0xff,0x28,0xfc,0xa8,0xfb,0xf8,0xf2,0xfe,0xcb,0xb3,0xce,0xce,0x3f,0xff,0x8f,0xff,0xa3,0xff,0x23,0xff,
    0xa3,0xff,0xa8,0xff,0xe8,0xff,0xf8,0xff,0xcf,0x55,0xc4,0x05,0xc5,0x00,0xf1,0x00,0xf3,0x40,0xfc,0xd5,0xff,0x00,0xff,0xff,
    0x4a,0x83,0x52,0x3f,0x54,0xff,0x13,0xff,0x53,0xff,0x0f,0xff,0xf0,0xff,0xc8,0xf8,0xc8,0x0f,0xc8,0xbf,0xc8,0xa8,0xf2,0x2e,
    0xf0,0xab,0xfc,0x2a,0xff,0xf0,0xff,0xff,0x4a,0x83,0x52,0x3f,0x54,0xff,0x13,0xff,0x53,0xff,0x0f,0xff,0xff,0xff,0xff,0xf8,
    0x3c,0x0b,0x4e,0xee,0x53,0xba,0x54,0xaa,0x55,0x28,0x55,0x23,0x55,0x4e,0x15,0x4a,0xbb,0xba,0xc0,0xa9,0x30,0x09,0x0f,0xa0,
    0xfa,0xaa,0xaa,0xaa,0xaa,0xaa,0xaa,0xaa,0xa8,0xff,0x68,0xff,0x68,0xff,0xa8,0xff,0x23,0xff,0x83,0xff,0x8f,0xff,0xa3,0xff,
    0x15,0x3a,0x45,0x2a,0x45,0x2a,0x44,0xea,0x44,0xaa,0x44,0xaa,0x44,0xaa,0x14,0xaa,0xba,0xaa,0xee,0xaa,0xba,0xaa,0xee,0xee,
    0xbb,0xba,0xae,0xea,0xaa,0xa8,0xaa,0x83,0xa3,0xff,0xa3,0xff,0xa3,0xff,0x8f,0xff,0x8f,0xff,0x3f,0xff,0xff,0xff,0xff,0xff,
    0x15,0x2a,0x55,0x2a,0x55,0x2a,0x54,0xca,0x43,0xca,0x3f,0xf2,0xff,0xfc,0xff,0xff,0xaa,0x3f,0xa8,0xff,0xa3,0xff,0xa3,0xff,
    0x8f,0xff,0x8f,0xff,0xa3,0xff,0x0f,0xff,0xff,0xf8,0xf0,0x2f,0x0f,0xf0,0xfd,0x7e,0xfd,0x7f,0x0f,0xfe,0xe0,0x3b,0xaa,0x82,
    0x3c,0x08,0x4e,0xec,0x53,0xba,0x54,0xaa,0x55,0x2a,0x55,0x28,0x55,0x48,0x15,0x48,0xea,0xa8,0xea,0xaa,0x3a,0xaa,0x3a,0xaa,
    0x2a,0xaa,0xea,0xaa,0xea,0xaa,0xaa,0xaa,0xa8,0xff,0x28,0xff,0x88,0xff,0xa3,0xff,0xa3,0xff,0xa8,0xff,0xa8,0xff,0xaa,0x3f,
    0x15,0x53,0x45,0x52,0x45,0x52,0x45,0x52,0x45,0x54,0x45,0x50,0x45,0x53,0x15,0x5a,0xae,0xaa,0xbb,0xaa,0xae,0xaa,0xbb,0xaa,
    0xae,0xee,0xab,0xbb,0x0a,0xa8,0xe0,0x03,0xaa,0x3f,0xaa,0x3f,0xaa,0x3f,0xa8,0xff,0xe8,0xff,0x83,0xff,0x3f,0xff,0xff,0xff,
    0xaa,0xa8,0xaa,0xa8,0xaa,0xa0,0xa9,0x43,0xa3,0xe7,0x8b,0xe9,0x22,0xa9,0xf2,0xa7,0xbb,0xba,0xd5,0xa9,0x6a,0x69,0xbe,0x9a,
    0xbe,0x9a,0xaa,0xaa,0x2a,0x2a,0x80,0xa8,0xee,0xcc,0xbb,0x82,0xee,0x8a,0xbb,0x2a,0xea,0xaa,0xfa,0xaa,0x3a,0xaa,0x2a,0xaa,
    0xaa,0xa3,0xaa,0xa8,0xaa,0xa8,0xaa,0xa8,0xaa,0xa8,0xaa,0xa8,0x00,0x00,0x00,0x54,0xff,0xfc,0xff,0xf1,0xff,0xf1,0xff,0xf1,
    0xff,0xf1,0xff,0xf1,0xff,0xfc,0xff,0xfc,0x54,0x00,0x40,0x00,0x30,0x00,0x3c,0x00,0x7c,0x00,0x4f,0x00,0x50,0x00,0x54,0x00,
    0x00,0x00,0x00,0x00,0x00,0x0c,0x00,0x0d,0x00,0x3f,0x00,0x3f,0x00,0x3c,0x00,0x01,0x00,0x54,0x00,0x53,0x01,0x53,0x01,0x4f,
    0x05,0x4f,0x15,0x0f,0x54,0x0f,0x50,0x8f,0x15,0x50,0x15,0xf5,0xc1,0x7f,0xfc,0x00,0x0f,0x00,0xa0,0xcf,0xaa,0x0f,0x02,0x8f,
    0x01,0x55,0x55,0x54,0x55,0x40,0x00,0x8c,0xf4,0x02,0xff,0xff,0xff,0xab,0xff,0xeb,0xa8,0x3f,0xaa,0x3e,0xa8,0xfe,0xa8,0xfe,
    0x03,0xff,0xf3,0xff,0xf3,0xff,0xf3,0xff,0xf3,0xff,0xf3,0xff,0xfc,0xff,0x3c,0xff,0xcf,0x3b,0xe3,0x2e,0xe3,0xc3,0xa3,0xfc,
    0xff,0xff,0xff,0xff,0xff,0xff,0xff,0xff,0xff,0xf0,0xf0,0x0b,0xf2,0xee,0xfc,0xbb,0xff,0xff,0xff,0xff,0xff,0xc0,0xfc,0x2a,
    0x02,0xaa,0xbb,0xa8,0xee,0xe3,0xa0,0xae,0xff,0x2a,0xff,0xc8,0xff,0xf2,0xff,0xfc,0xff,0xff,0xff,0xff,0xff,0xff,0xff,0xfc,
    0x8c,0x88,0x2b,0x22,0xaa,0xca,0xaa,0xa0,0x0a,0xaa,0xc0,0xaa,0x00,0x0a,0x50,0x00,0xaa,0xaa,0xaa,0xaa,0xaa,0xaa,0xaa,0xaa,
    0x02,0xaa,0xaa,0xa8,0xaa,0x00,0x00,0x00,0xaa,0xa8,0xaa,0xa8,0xaa,0xa0,0xaa,0x80,0xa8,0x10,0x00,0x54,0x00,0x54,0x00,0x54,
    0xa8,0x3f,0xa8,0xfe,0xa3,0xfa,0xa3,0xfa,0x0f,0xff,0xcf,0xff,0xcf,0xff,0xcf,0xff,0xcf,0xff,0xf3,0xff,0xf3,0xff,0x32,0xff,
    0xcc,0xbb,0xe3,0x2e,0xe3,0xc3,0xa3,0xfc,0xfa,0xfb,0xff,0xfe,0xff,0xbb,0xfe,0xee,0xbb,0xbb,0xee,0xee,0xbb,0xb8,0x00,0x03,
    0xba,0x3f,0xe8,0xff,0xb8,0xff,0xe3,0xff,0xa3,0xff,0x8f,0xff,0x3f,0xff,0xff,0xff,0xff,0x2a,0xff,0xc8,0xff,0xf2,0xff,0xfc,
    0xff,0xff,0xff,0xff,0xff,0xff,0xff,0xff,0x8c,0x88,0x2b,0x22,0xaa,0xca,0xaa,0xa0,0x0a,0xaa,0xf0,0xaa,0xc0,0x0a,0x10,0x00,
    0x14,0x00,0x50,0x00,0x4c,0x00,0x4f,0x00,0x4f,0x00,0x53,0xc0,0x14,0x00,0x15,0x40,0xa8,0xff,0xa8,0xff,0xaa,0x3f,0x2a,0xc0,
    0xc2,0xbf,0xfc,0x00,0xff,0xff,0xff,0xff,0xff,0xff,0xff,0xff,0xff,0xff,0x3f,0xff,0xc0,0x00,0x3f,0xff,0xc0,0x00,0xff,0xff,
    0xff,0xff,0xff,0xf4,0xff,0x4f,0xfc,0xff,0xf3,0xff,0xf3,0xff,0xcf,0xfa,0xcf,0xe0,0xf3,0xff,0x03,0xff,0xfc,0x3f,0xff,0x8f,
    0xea,0xa3,0xa8,0xa2,0x80,0x20,0x3f,0x28,0x3e,0x0f,0x38,0xff,0x03,0xff,0xff,0xff,0xff,0xff,0xff,0xff,0xff,0xff,0xff,0xff,
    0xff,0xc8,0xff,0xc2,0xff,0xf2,0xff,0xfc,0xff,0xff,0xff,0xff,0xff,0xff,0xff,0xff,0x3f,0xff,0x3f,0xff,0xcf,0xff,0xb0,0xff,
    0x3f,0x00,0xd3,0xff,0xfd,0x00,0xff,0xff,0xff,0xff,0xff,0xff,0xff,0xfc,0xff,0xf2,0xff,0xcb,0xff,0xcb,0xff,0xc8,0xff,0xc3,
    0xff,0xff,0xc0,0x0f,0x3f,0xf0,0xff,0xff,0xe0,0x2f,0x02,0x83,0xe2,0xaa,0xf6,0xaa,0xff,0xfc,0xff,0xfc,0xff,0xff,0xff,0xff,
    0xff,0xff,0xff,0xfd,0xff,0xd0,0xff,0x7f,0xaa,0x88,0xea,0x8a,0x3e,0x20,0xd0,0x88,0x7a,0xa9,0xea,0x07,0xa8,0x7f,0x2a,0x87,
    0xa8,0x29,0x01,0xa8,0xf6,0xa3,0xda,0x1f,0xc8,0xfc,0xc9,0xf2,0xda,0x4a,0xf2,0xaa,0xf0,0xff,0xce,0x7f,0x3a,0x3f,0x28,0x9f,
    0xa8,0x8f,0xa2,0x9f,0xaa,0x3f,0xa8,0xff,0xfd,0xce,0xfc,0xe2,0xff,0x28,0xff,0xca,0xff,0xf4,0xff,0xff,0xff,0xff,0xff,0xff,
    0x82,0xa8,0xa8,0x28,0xaa,0xa9,0xaa,0x87,0xa8,0x3f,0x03,0xff,0xff,0xff,0xff,0xff,0xfd,0x2a,0xff,0xd2,0xff,0xff,0xff,0xff,
    0xff,0xff,0xff,0xff,0xff,0xff,0xff,0xff,0xa3,0xff,0x1f,0xff,0xff,0xff,0xff,0xff,0xff,0xff,0xff,0xff,0xff,0xff,0xff,0xff,
    0xff,0xff,0xff,0xff,0xff,0xff,0xff,0xff,0xff,0xff,0xf0,0x7f,0xdf,0xd3,0x3f,0x8c,0xff,0x28,0xff,0x22,0xff,0x6b,0xff,0xca,
    0xff,0xda,0xff,0xf4,0xff,0xff,0xff,0xff,0xfa,0x8c,0xea,0x28,0xa8,0xa8,0xaa,0xa3,0xaa,0x8f,0xa8,0x3f,0x43,0xff,0xff,0xff,
    0xca,0xa3,0xf2,0xa1,0xfc,0xa8,0xfc,0xaa,0xff,0x28,0xf4,0x22,0x4a,0x88,0xaa,0xa2,0x4a,0xaa,0x4a,0xaa,0x2a,0xaa,0xa8,0xa0,
    0xaa,0x0a,0xaa,0x2a,0xa8,0x0a,0x28,0xa0,0xaa,0x74,0xaa,0x0a,0xa0,0xaa,0x02,0xaa,0xa2,0xaa,0x8a,0xaa,0x00,0xbf,0xa8,0x00,
    0xaa,0xab,0xaa,0xee,0xaa,0xbb,0xaa,0xae,0xaa,0xbb,0xaa,0xa8,0xaa,0xa3,0x2a,0x80,0xb3,0xff,0xe3,0xff,0x8f,0xff,0xcf,0xff,
    0x8f,0xff,0x3f,0xff,0xff,0xff,0x0f,0xff,0x3e,0xbf,0xaa,0xaf,0xaa,0xaa,0xaa,0x00,0xa0,0x33,0x80,0x02,0x00,0x00,0x02,0x02,
    0xff,0xba,0xee,0xee,0xab,0xba,0x2a,0xaa,0xc0,0x0a,0xfa,0x00,0x00,0x0a,0x80,0x00,0x2a,0x32,0x08,0xca,0x88,0x00,0x82,0x08,
    0xa3,0x0a,0x0f,0xca,0xaf,0xf2,0xaa,0xfc,0xa0,0xff,0xab,0x3f,0x2a,0xcf,0x02,0x8f,0x02,0xa3,0x80,0xa3,0x80,0xa3,0x82,0x8f,
    0xff,0x2a,0xfc,0xe8,0xf3,0xa2,0xf2,0x8a,0xca,0x88,0xca,0x02,0xca,0x02,0xf2,0x8a,0x8a,0x82,0x2a,0x22,0x20,0x0a,0x0f,0xaa,
    0xea,0xaa,0xaa,0x00,0xa0,0x00,0x80,0x8f,0xa0,0x00,0xa0,0x08,0xa0,0x22,0x83,0x08,0x00,0x20,0x20,0x28,0xa8,0x2a,0x28,0xca,
    0x0a,0xbf,0x02,0xaf,0x08,0xaf,0xca,0x2b,0xf2,0x2b,0xf2,0x8a,0x3c,0x8a,0x8f,0x0b,0x02,0x8f,0x0a,0x2f,0xca,0x2f,0xca,0x8f,
    0xc2,0xb3,0xc2,0xb3,0xcc,0xa3,0xcf,0x0f,0xff,0xff,0xff,0xff,0xff,0xff,0xff,0xfe,0xff,0xf3,0xff,0xf2,0xff,0xfc,0xff,0xff,
    0xf2,0x8a,0xf2,0x8a,0xca,0x82,0x3a,0x02,0xea,0x3c,0xa0,0xff,0x0f,0xff,0xff,0xff,0x82,0x8f,0x82,0xa3,0xa0,0xa8,0xa8,0x28,
    0xa8,0x28,0x03,0xc3,0xff,0xff,0xff,0xff,0x28,0xc2,0xc3,0xf2,0xff,0xf2,0xff,0xfc,0xff,0xff,0xff,0xff,0xff,0xff,0xff,0xff,
    0x8f,0xcb,0x8f,0x28,0x8c,0xac,0x3c,0xb3,0xf2,0x8f,0xf2,0x3f,0xc8,0xff,0xc3,0xff,0x23,0xff,0xa8,0xff,0xa8,0xff,0x03,0xff,
    0xff,0xff,0xff,0xff,0xff,0xff,0xff,0xff,0xaa,0xab,0xaa,0xee,0xaa,0xbb,0xaa,0xae,0xaa,0xbb,0xaa,0xa8,0xaa,0xa3,0x2a,0x83,
    0x23,0xf2,0x8f,0xfc,0x8f,0xfc,0x8f,0xfc,0xe3,0xf2,0xf8,0x00,0xff,0xe0,0xff,0xe8,0xfd,0xa7,0xff,0x29,0xff,0x6a,0xff,0xd1,
    0xff,0xfc,0xff,0xfc,0xff,0xff,0xff,0xff,0x15,0x3f,0x69,0x3d,0xaa,0x95,0x6a,0xa5,0x00,0x00,0x40,0x00,0x10,0x00,0xc5,0x00,
    0x55,0x5b,0x50,0x1a,0x4e,0x84,0x4a,0x51,0x50,0x4a,0x00,0x0a,0x04,0x40,0x14,0x05,0xf0,0x55,0xff,0x00,0xff,0xff,0xff,0xff,
    0xff,0xff,0xff,0xff,0xff,0xff,0xff,0xff,0x44,0x55,0x1e,0x95,0xca,0x81,0xf0,0x3c,0xff,0xff,0xff,0xff,0xff,0xff,0xff,0xff,
    0xff,0xff,0xff,0xff,0xff,0xff,0xff,0xff,0xff,0xff,0xff,0xf0,0xff,0x05,0xf4,0xbb,0xff,0xff,0xff,0xff,0xff,0xff,0xff,0xff,
    0xff,0xff,0x1f,0xff,0xa3,0xff,0x28,0xff,0xde,0xde,0xcb,0xa2,0x64,0xa8,0x2a,0x29,0x1a,0x85,0x11,0x44,0x14,0x11,0x65,0x44,
    0x85,0x3f,0x51,0x3f,0x50,0xff,0x11,0x3f,0x05,0x3d,0x14,0xf2,0x03,0xda,0xff,0xca,0x29,0x53,0x19,0x50,0xc6,0x45,0xc5,0x45,
    0xf0,0x69,0xff,0x41,0xff,0xff,0xff,0xff,0xff,0x2a,0xc0,0x07,0x25,0xac,0x69,0xbe,0x54,0x2a,0xa4,0x82,0x00,0x98,0xfc,0x8a,
    0xe0,0x6a,0xbb,0xaa,0x6e,0xe8,0x3b,0x86,0xae,0x3a,0x6a,0xee,0x69,0xf8,0x19,0x82,0xfd,0xa2,0xff,0x28,0xff,0x6a,0xff,0xc0,
    0xff,0xf1,0xff,0xfc,0xff,0xff,0xff,0xff,0x95,0x2a,0x69,0xa8,0xaa,0x81,0x6a,0xa5,0x00,0x00,0x1b,0xa5,0xc0,0x55,0xff,0x00,
    0xfc,0x29,0xfc,0xa6,0xf2,0xa8,0xf1,0x52,0xfc,0x52,0xff,0x05,0xff,0xc1,0xff,0xf0,0x90,0x00,0x65,0x40,0x15,0x55,0x44,0x15,
    0x81,0x45,0x5a,0x45,0xa9,0x05,0x6a,0x00,0x05,0x54,0x00,0x01,0x55,0x55,0x00,0x15,0x55,0x40,0x55,0x51,0x55,0x11,0x15,0x04,
    0x55,0x55,0x40,0x55,0x15,0x05,0x1a,0x51,0x05,0xa5,0x69,0xa5,0xa1,0x95,0x0a,0x50,0x15,0x50,0xc1,0x51,0xfc,0x04,0xff,0x05,
    0xf0,0xaa,0xc6,0x69,0xc5,0x14,0xf0,0x00,0x55,0x0f,0x00,0x0f,0x04,0x43,0x11,0x14,0x05,0x9a,0x14,0x51,0xc0,0x00,0xff,0xff,
    0xaa,0xaa,0x6a,0xa6,0x16,0xa5,0x45,0x51,0x40,0x41,0x9f,0x05,0xaa,0xa9,0xa2,0xa0,0x6a,0xaa,0x6a,0xa5,0x2a,0x50,0x14,0x00,
    0x41,0x3d,0x55,0x55,0x40,0x15,0x01,0x40,0x05,0x50,0x05,0x41,0x00,0x05,0x55,0x54,0x00,0x01,0x55,0x55,0x55,0x15,0x15,0x05,
    0xff,0xff,0xff,0xff,0xff,0xff,0xff,0xff,0xff,0xff,0xff,0xff,0xff,0x01,0xfc,0x90,0xff,0xff,0xff,0xff,0xff,0xff,0xff,0xff,
    0xff,0xff,0xff,0xff,0x03,0xff,0xa4,0xff,0xff,0xff,0xff,0xff,0xff,0xfc,0xff,0xf1,0xff,0xc5,0xff,0x06,0xfc,0x56,0xfc,0x52,
    0xff,0xff,0xff,0xff,0x0f,0xff,0x50,0xff,0x55,0x0f,0x95,0x4f,0x95,0x53,0x52,0x93,0xf2,0xa5,0xc2,0xa4,0xc8,0xa4,0xc8,0x55,
    0xca,0x14,0xc9,0x40,0xf1,0x40,0xfc,0x01,0xa5,0x3f,0x55,0x3f,0x55,0x3f,0x14,0x3c,0x00,0x32,0x05,0x32,0x29,0x02,0x64,0x12,
    0x0c,0x90,0x50,0xa5,0x50,0xa5,0x51,0x14,0x45,0x42,0x55,0x51,0x55,0x46,0x55,0x41,0x52,0x53,0x01,0x53,0x01,0x43,0x00,0x0f,
    0x50,0x0f,0x94,0x03,0x44,0x13,0x84,0x43,0xff,0xc1,0xff,0xf0,0xff,0xf1,0xff,0xf2,0xff,0xfc,0xff,0xfc,0xff,0xff,0xff,0xff,
    0x05,0x50,0x05,0x41,0x00,0x05,0x55,0x54,0x00,0x00,0x55,0x51,0x55,0x11,0x15,0x04,0xff,0xf2,0xff,0xf1,0xff,0xc1,0xff,0xd0,
    0xfc,0x11,0xf1,0x49,0xc6,0x46,0xca,0x49,0x05,0x55,0x01,0x55,0x80,0x15,0x80,0x15,0x80,0x05,0xa0,0x05,0xa0,0x00,0xa0,0x00,
    0x54,0x14,0x54,0x59,0x54,0x6a,0x51,0xaa,0x51,0x9a,0x40,0x4a,0x15,0x1a,0x05,0x2a,0x54,0xff,0x05,0x3f,0x91,0x3f,0xa4,0x7f,
    0xa4,0x7f,0x95,0x0f,0x95,0x0f,0x55,0x0f,0x2a,0x46,0x2a,0x51,0x2a,0x91,0x2a,0x94,0x1a,0x90,0xca,0x4a,0xc9,0x2a,0xf1,0x2a,
    0x02,0xa8,0x04,0x00,0x11,0x08,0x54,0x08,0x14,0x02,0x80,0x40,0xa4,0x00,0xae,0x40,0x00,0x02,0x00,0x0a,0x00,0x2a,0x44,0xaa,
    0x02,0xa8,0xaa,0x40,0x00,0x00,0x00,0x01,0xa0,0x00,0x80,0x11,0x80,0x04,0x00,0x11,0x00,0x04,0x00,0x02,0x42,0xf2,0x04,0xbc,
    0x41,0x2a,0x14,0xaa,0x54,0x69,0x41,0x15,0x2a,0x45,0xaa,0x91,0xa9,0x54,0x95,0x54,0x55,0x0f,0x55,0x0f,0x55,0x0f,0x54,0x0f,
    0x54,0x3f,0x51,0x3f,0x45,0x3f,0x04,0xff,0xfc,0x6a,0xff,0x2a,0xff,0x1a,0xff,0xc7,0xff,0xc3,0xff,0xc8,0xff,0xf2,0xff,0xf1,
    0x9f,0xe4,0x94,0x00,0x78,0x44,0x4f,0x11,0x92,0xc0,0xe1,0x40,0x09,0x54,0x55,0x55,0x40,0x01,0x40,0x2f,0x50,0x51,0x01,0x50,
    0x50,0x52,0x54,0x41,0x40,0x00,0x01,0x54,0x55,0x50,0x15,0x45,0xf8,0x19,0x02,0xa5,0xaa,0xa9,0xaa,0xa9,0x6a,0x95,0x55,0x55,
    0x02,0xa8,0x04,0x00,0x11,0x08,0x54,0x08,0x14,0x02,0x80,0x42,0xa4,0x02,0xae,0x40,0x00,0x00,0x00,0x00,0x00,0x02,0x10,0x02,
    0x04,0x4a,0x11,0x08,0x04,0x28,0x80,0xa1,0xaa,0x84,0x00,0x15,0x04,0x55,0x01,0x15,0x04,0x00,0x11,0x55,0x00,0x55,0x40,0x00,
    0x02,0xa8,0x04,0x00,0x11,0xaa,0x54,0xaa,0x15,0x0a,0x81,0x00,0xa4,0x10,0xae,0x40,0xaa,0xa8,0xaa,0x0a,0xa0,0xaa,0x8a,0xaa,
    0x2a,0x2a,0x00,0x6a,0xaa,0xa2,0xa8,0x02,0xff,0xff,0xff,0xff,0xff,0xff,0xff,0xff,0xff,0xff,0xff,0x7d,0xff,0x56,0xff,0x66,
    0xff,0xff,0xff,0xff,0xd5,0xff,0x5a,0x5f,0x6a,0xa5,0xaa,0x65,0xaa,0x99,0xa9,0x55,0xff,0x6a,0xff,0xda,0xc3,0xda,0x3c,0x69,
    0x2f,0x06,0xcb,0xda,0xf2,0xa5,0xfc,0x9d,0x95,0x55,0x95,0x54,0xa5,0x53,0x69,0x4f,0xa5,0x5f,0xa9,0x7d,0xa5,0x3d,0x55,0xff,
    0x05,0x56,0xf1,0x5b,0xd1,0xaf,0x51,0xff,0x47,0xae,0x45,0xa5,0x29,0x57,0x2b,0x55,0xff,0x3f,0xff,0x7f,0xff,0xcf,0xff,0xcb,
    0xff,0xd2,0xff,0xf0,0xff,0xfc,0xff,0xff,0x15,0xfd,0xc3,0xfc,0xff,0xf8,0xff,0xf3,0xff,0xff,0xff,0xfe,0xff,0xfc,0x3f,0xf8,
    0x9b,0x17,0x8a,0xc6,0x8a,0xb1,0x8a,0xec,0x2a,0xbb,0x2a,0xaf,0xaa,0xbb,0xaa,0xef,0x3f,0xc8,0xca,0xa2,0xf4,0x06,0xff,0xca,
    0xff,0xcf,0xff,0xdf,0xff,0xdf,0xff,0x27,0xf0,0x1a,0xf3,0x4a,0xf3,0x69,0xfc,0xe6,0xfc,0x9a,0xfc,0x59,0xff,0x35,0xff,0x3c,
    0x95,0x55,0x95,0x55,0xa5,0x54,0xa9,0x53,0xa9,0x7f,0xa5,0x3d,0x55,0xfd,0x57,0xff,0x55,0x56,0x40,0x5b,0x3f,0x2f,0xf5,0x3f,
    0x54,0xae,0x51,0xa5,0x49,0x57,0x2b,0x55,0xff,0x3f,0xff,0x1f,0xff,0x4f,0xff,0x2f,0xff,0x2f,0xff,0x3f,0xff,0x3f,0xff,0x2f,
    0x0f,0xf7,0xff,0xcb,0xff,0x0e,0xfc,0xfc,0xff,0xf8,0xff,0xa2,0xfe,0x0a,0xe8,0x1a,0x2b,0x17,0x2a,0xc6,0x2a,0xb1,0xaa,0xec,
    0xaa,0xbb,0xaa,0xaf,0xaa,0xbb,0xaa,0xef,0xff,0xca,0xff,0xf0,0xff,0xff,0xff,0xff,0xff,0xff,0xff,0xff,0xff,0xff,0xff,0xff,
    0xa3,0x1a,0x0f,0x1a,0xff,0xce,0xff,0xcf,0xff,0xcf,0xff,0xdf,0xff,0xdf,0xff,0x27,0x0f,0xf7,0xff,0xe3,0xff,0xca,0xff,0x0a,
    0xff,0xf8,0xff,0xf6,0xff,0xe2,0xff,0xa2,0xf0,0xda,0xf3,0x2a,0xf3,0x6a,0xfc,0xe6,0xfc,0x9a,0xff,0x59,0xff,0x35,0xff,0x3c,
    0x01,0x56,0xf1,0x5b,0xd1,0xaf,0x51,0xff,0x4b,0xae,0x49,0xa5,0x29,0x57,0x2b,0x55,0xfe,0x8a,0xee,0x28,0x3a,0xa3,0xc0,0x0f,
    0xff,0xff,0xff,0xff,0xff,0xff,0xff,0xff,0x26,0x6a,0x41,0x9a,0x04,0x66,0xc9,0x05,0xc6,0x60,0xd5,0x99,0xf6,0x66,0xf5,0x99,
    0xef,0xff,0xbf,0xff,0xef,0xff,0x5b,0xff,0x4b,0xff,0x03,0xff,0x12,0xff,0x12,0xff,0xf9,0x66,0xbd,0xd9,0xef,0x7a,0xfb,0xee,
    0xfe,0xfb,0xff,0xba,0xff,0xee,0xff,0xff,0x04,0xff,0x94,0xbe,0x64,0xbd,0xd3,0x7e,0xb7,0x3a,0xff,0x2d,0xff,0x3a,0xff,0x29,
    0xff,0xfe,0xff,0xf9,0xfb,0x97,0xf6,0x5d,0xde,0x59,0x5f,0x96,0x66,0xe5,0x99,0x56,0xfe,0xff,0xdb,0xff,0x7f,0xff,0x5b,0xfd,
    0x95,0xbd,0x65,0x66,0x95,0x9a,0x56,0x69,0xef,0xff,0xbf,0xff,0xff,0xff,0xff,0x5d,0xfd,0xa6,0xf6,0xa9,0x5a,0x65,0xa9,0x99,
    0xff,0xff,0xd7,0xff,0x55,0xff,0x55,0x75,0x5f,0x5f,0x7f,0xff,0x7f,0xff,0xff,0xd5,0xe5,0x99,0xf6,0x55,0xf9,0x9a,0xe6,0x6a,
    0xd9,0xa6,0x66,0x99,0x66,0x65,0x5a,0x95,0x59,0xa6,0xaa,0x99,0xaa,0x66,0x99,0x95,0x65,0x55,0x95,0x55,0x55,0x50,0x55,0x49,
    0x66,0x65,0x99,0x55,0x55,0x55,0x55,0x55,0x55,0x55,0x55,0x99,0x56,0x66,0x19,0x55,0x56,0x95,0x55,0x56,0x55,0x55,0x55,0x55,
    0x55,0x56,0x55,0x59,0x65,0x66,0x99,0x9a,0x9a,0x95,0x4a,0xa5,0x51,0x95,0x52,0x65,0xd4,0x59,0xf5,0x05,0xfc,0x51,0xf2,0x00,
    0x55,0x49,0x55,0x25,0x55,0x25,0x54,0xe4,0x50,0xaa,0x4f,0xaa,0xfb,0xfa,0x2a,0xfe,0x10,0x05,0x1b,0xf0,0x2a,0xae,0xaa,0xab,
    0xaa,0xaa,0xaa,0xaa,0xa9,0xaa,0xaa,0x6a,0xcc,0xfa,0xd4,0x2a,0xff,0x80,0xff,0xfc,0xff,0xfc,0xff,0xff,0xff,0xff,0xff,0xf9,
    0xaa,0xfe,0xaa,0xfa,0x2b,0xf8,0xc3,0xf8,0xff,0xf8,0x3f,0xee,0x8f,0xfb,0x83,0xff,0x6a,0x2a,0x2a,0x9a,0xea,0x8a,0x4a,0x8a,
    0x2a,0x8a,0x6a,0x8a,0xaa,0x2a,0xaa,0x2a,0xff,0x96,0xfe,0x55,0xfb,0xe5,0xff,0xf9,0xff,0xf6,0xff,0xf9,0xff,0xfe,0xff,0xff,
    0x64,0xff,0x90,0xbf,0x4f,0x3f,0x3f,0x3f,0x3f,0x8f,0x3e,0x9e,0x42,0xa4,0xe4,0x2a,0xaa,0x1a,0xaa,0x26,0xea,0x89,0xda,0x45,
    0x8a,0x41,0xa9,0x3c,0x03,0xff,0x5f,0xff,0xfe,0x4a,0xff,0xf2,0xff,0xfd,0xff,0xfc,0xff,0xff,0xff,0xff,0xff,0xff,0xff,0xff,
    0x91,0xff,0x80,0xff,0x00,0xff,0x40,0xff,0x03,0xff,0xff,0xff,0xff,0xff,0xff,0xff,0xfd,0xa6,0xfd,0x9a,0xf6,0x69,0xf5,0xaa,
    0xd9,0xa9,0xd6,0xa6,0x66,0xa9,0x9a,0xa5,0x95,0xa5,0x66,0x55,0x99,0x55,0x59,0x55,0x56,0x55,0x55,0x55,0x55,0x50,0x55,0x49,
    0x56,0x66,0x59,0x99,0x55,0x66,0x55,0x55,0x55,0x55,0x55,0x55,0x55,0xdd,0x15,0x77,0xff,0x6a,0xfd,0xaa,0xf6,0xaa,0xf6,0xa9,
    0xda,0x66,0xd9,0x99,0xd6,0x65,0x55,0x5a,0x95,0xff,0xa9,0x6f,0x66,0x5b,0x99,0x97,0x55,0x5b,0x65,0x6f,0x99,0x97,0x66,0x65,
    0x95,0x99,0x55,0x65,0x55,0x59,0x75,0x55,0xf9,0x59,0x66,0x66,0x99,0x5b,0x65,0x7f,0x95,0xff,0x57,0xff,0x97,0xff,0xe5,0xff,
    0xff,0xff,0xff,0x7f,0xff,0xff,0xfd,0xff,0xff,0xbe,0xfe,0xfd,0xfe,0xb6,0xfe,0x69,0xff,0x95,0xff,0xe5,0xff,0xfe,0xff,0xff,
    0x42,0x96,0x3e,0xa8,0xab,0xaa,0xae,0xea,0xab,0xaa,0xaf,0xe9,0xbf,0xe8,0xff,0xa8,0xff,0xa4,0xff,0x82,0xff,0xea,0xff,0xea,
    0xff,0xea,0xff,0xaa,0xff,0xaa,0xff,0xaa,0xff,0xff,0xff,0xff,0xff,0xff,0xff,0xff,0xff,0xff,0xff,0xc0,0xff,0x7f,0xfc,0xff,
    0xff,0xff,0xff,0x43,0xfd,0xa8,0xfc,0xa4,0x01,0xf0,0x37,0xfe,0xc2,0xaa,0xfc,0xaa,0x1a,0x40,0xc0,0xaa,0x2a,0xaa,0xaa,0xaa,
    0x2a,0xaa,0x92,0xaa,0xa8,0xaa,0xaa,0x2a,0xaa,0x83,0x02,0xa8,0xa8,0x2a,0xaa,0x82,0xaa,0xa8,0xaa,0xaa,0xaa,0xaa,0xaa,0xaa,
    0xf7,0xdf,0xf3,0xff,0xf3,0x57,0xf0,0x01,0xf3,0x00,0xfc,0x00,0xfc,0x00,0xf7,0x00,0xff,0x2a,0xff,0xca,0xdf,0xc1,0xff,0xf3,
    0x3f,0xf3,0x1f,0xfc,0x07,0xfc,0x33,0xfc,0xaa,0x80,0xaa,0x9a,0x6a,0xaa,0xda,0xa0,0x36,0x86,0xf6,0x86,0xf6,0x91,0xd9,0x54,
    0x6a,0xaa,0x8a,0xaa,0xa2,0xaa,0xa2,0xaa,0xa2,0xaa,0x92,0xaa,0x4a,0xaa,0x2a,0xaa,0xf3,0x00,0xf1,0x40,0xd8,0xc0,0xca,0x3d,
    0xc9,0x43,0xf7,0xd0,0xfc,0x0f,0xff,0xff,0x01,0xff,0x00,0x7f,0x00,0x1f,0x01,0xfc,0xff,0xc0,0x00,0x15,0xf1,0x55,0xfc,0x00,
    0x15,0x52,0x15,0x4a,0x15,0x6a,0x01,0xaa,0x6a,0xaa,0xaa,0xa8,0xaa,0x03,0x00,0xff,0xaa,0xaa,0xaa,0xa9,0xaa,0xa6,0x9a,0xda,
    0x3f,0x0a,0x00,0xf0,0xff,0xff,0xff,0xff,0xfd,0x7f,0xf3,0xdf,0xf3,0xf3,0xfc,0xfc,0xfc,0xff,0xff,0x3b,0xff,0xce,0xff,0xf0,
    0xff,0xff,0xff,0xff,0xff,0xff,0x3f,0xff,0xc3,0xff,0xb8,0x0f,0xea,0xa0,0xaa,0xaa,0x0d,0xff,0x00,0x7f,0x00,0x1f,0x01,0xfc,
    0xff,0xc1,0x00,0x16,0xf1,0x56,0xfc,0x00,0x9f,0x40,0x8f,0xf5,0xa0,0xff,0xaa,0x03,0xaa,0xa8,0xbe,0xaa,0xff,0xaa,0xff,0xaa,
    0x01,0x7f,0x03,0xdf,0xd4,0x17,0xff,0xff,0x03,0xfc,0xa8,0x02,0xaa,0xaa,0xaa,0xaa,0xff,0xff,0xff,0xff,0xff,0xff,0xff,0xff,
    0xff,0xff,0xff,0xff,0xff,0xff,0x40,0xff,0xff,0xff,0xff,0xff,0xff,0xff,0xff,0xff,0xfd,0x07,0xf7,0xf8,0xdf,0xaa,0x7a,0xaa,
    0xff,0xfd,0xff,0xf7,0xff,0xf3,0xff,0xc0,0xfc,0x3e,0xf3,0xfb,0x0d,0x06,0x37,0xfc,0xfa,0x3f,0xea,0x8f,0x80,0x0f,0x3a,0x83,
    0xea,0xa9,0xaa,0xa3,0xaa,0xa3,0xaa,0xa4,0xc4,0x77,0xc5,0x1d,0xc5,0x10,0xf0,0x0d,0x3f,0x17,0xcf,0x1d,0x30,0x17,0x01,0x14,
    0x50,0x0f,0x0f,0x53,0x7f,0xd4,0xff,0xd4,0x7f,0x41,0xf0,0x15,0x0d,0xd4,0x77,0x57,0x6a,0x0a,0x2b,0xe2,0xca,0xa2,0xf2,0x8a,
    0xfc,0x0a,0xff,0x2a,0xff,0x2a,0xff,0xca,0xdf,0xff,0x8f,0xf3,0x8f,0xfd,0x9f,0xf7,0xa3,0xdf,0xa8,0x7f,0xaa,0x3f,0xa9,0xff,
    0x29,0x0f,0x17,0xff,0x7f,0x3f,0xff,0xff,0xff,0xff,0xff,0xff,0xff,0xfd,0xff,0x50,0xff,0x11,0xcf,0xc5,0xff,0xc5,0xff,0xf1,
    0xff,0xf1,0xfd,0x51,0x40,0xc4,0x00,0x11,0x5d,0xdf,0x77,0x77,0x5d,0xd5,0x55,0x54,0x55,0x41,0x54,0x17,0x41,0x5d,0x05,0x77,
    0xff,0xca,0xff,0xda,0xff,0xe2,0xff,0x22,0xfc,0xa2,0xfc,0x9a,0xf2,0x8b,0xf2,0x8f,0xa8,0xff,0xa8,0xfd,0xa8,0xd0,0xaa,0x3d,
    0xaa,0x83,0xba,0xa8,0xee,0xaa,0xfb,0xaa,0xd5,0x00,0x0f,0x00,0x00,0x07,0x07,0xff,0xff,0x40,0x00,0xaa,0xaa,0xaa,0xaa,0xa8,
    0x01,0xc4,0x1f,0x01,0xf0,0xa1,0x0a,0xa8,0xaa,0xa8,0xa2,0xaa,0x8a,0xaa,0x2a,0xaa,0x55,0xdf,0x55,0x7f,0x55,0xdf,0x55,0x75,
    0x55,0x55,0x15,0x50,0x05,0x55,0x11,0x55,0xf1,0xdd,0xcf,0x77,0x3f,0x5d,0x0f,0x77,0x3f,0x5d,0x41,0x55,0x55,0x50,0x50,0x00,
    0xca,0x8f,0xca,0x6f,0xca,0x2e,0x2a,0x1b,0x2a,0x35,0x2a,0x3f,0x29,0x3f,0xc7,0x1f,0xaa,0x82,0xaa,0x1a,0xa8,0xda,0xa8,0xf6,
    0xa8,0xf6,0x55,0x0a,0xff,0xd0,0xff,0xf6,0xaa,0xaa,0xaa,0xaa,0xaa,0xaa,0xaa,0xaa,0xaa,0x8a,0xa0,0x2a,0x0a,0xaa,0xaa,0xaa,
    0x85,0x54,0x81,0x02,0x84,0x1a,0x80,0x2a,0xa0,0xaa,0xa2,0xaa,0xaa,0xaa,0xaa,0xaa,0xcf,0x35,0xf0,0x3f,0xff,0x0f,0xff,0xcf,
    0xff,0xc7,0xff,0xf1,0xff,0xf0,0xff,0xfc,0xff,0xfd,0xff,0xf7,0xff,0xf3,0xff,0xc0,0xfc,0x3e,0xf3,0xfb,0x0d,0x06,0x36,0xa8,
    0xfa,0x3f,0xea,0x8f,0x80,0x0f,0x3a,0x83,0xea,0xa9,0xaa,0xa2,0xaa,0xa2,0xaa,0xa4,0xc4,0x77,0xc5,0x1d,0xc5,0x10,0xf0,0x0d,
    0x3f,0x17,0x8f,0x1d,0xa0,0x17,0x01,0x14,0xdb,0xea,0x8b,0xea,0x8a,0xa9,0x9a,0xa7,0xa2,0x9f,0xa8,0x7f,0xaa,0x3f,0xa9,0xff,
    0xf1,0xdd,0xc4,0x77,0x44,0x5d,0x14,0x77,0x14,0x5d,0x41,0x55,0x55,0x50,0x50,0x00,0xff,0xff,0xff,0xff,0xff,0xff,0xff,0xfc,
    0xff,0xc2,0xff,0x38,0xfc,0xa9,0xf4,0x06,0xc4,0x77,0xc5,0x1d,0xf0,0x10,0xff,0x0d,0x0f,0x14,0xa0,0x13,0x06,0x0a,0xe8,0x8a,
    0x06,0x9b,0xfc,0x1a,0xcf,0xc2,0xff,0xfc,0xff,0xff,0xff,0xff,0xff,0xff,0x07,0xff,0xaa,0x6a,0xaa,0x28,0xaa,0x28,0xaa,0x6a,
    0x28,0xaa,0xc6,0xaa,0xca,0xaa,0xf2,0xa8,0xff,0xff,0xff,0xff,0xff,0xfc,0xff,0xc3,0xff,0x2e,0x3c,0xfa,0x8c,0xe8,0xa0,0xe3,
    0xff,0xff,0xc3,0xff,0x30,0xff,0xe0,0xff,0xa0,0xff,0x0f,0xff,0xfc,0x3f,0xc3,0x0f,0xff,0xff,0xff,0xff,0xff,0xff,0xff,0xff,
    0xff,0xff,0xff,0xff,0xff,0xfc,0xff,0x83,0xff,0xf3,0xff,0xef,0xff,0xcf,0xff,0xcf,0xff,0xcf,0xf0,0x0b,0x0f,0x8a,0xfa,0xa2,
    0xff,0xff,0xf8,0x3e,0xcf,0xca,0xbf,0xf2,0x33,0xf2,0x3f,0xf2,0x8f,0xca,0xa0,0x2e,0xa0,0xa8,0xa8,0x2a,0xa0,0x0a,0x88,0x30,
    0x22,0x3f,0x88,0xbf,0x20,0x3f,0x8c,0xcf,0x25,0x0f,0xa4,0x3f,0x83,0xff,0x3f,0xff,0xff,0xff,0xff,0xff,0xff,0xff,0xff,0xff,
    0xff,0x3e,0xff,0x16,0xff,0xc0,0xff,0xff,0xff,0xf0,0xff,0xf2,0xff,0xfc,0xff,0xff,0xa0,0xa0,0x0c,0xa2,0xf0,0xa3,0x02,0x8f,
    0x28,0x3f,0x83,0xff,0x3f,0xff,0xff,0xff,0xff,0xfe,0xff,0xf3,0xff,0xef,0xff,0xcc,0xff,0xe0,0xff,0xff,0xff,0xfc,0xff,0xfb,
    0x0f,0xff,0xf3,0xff,0x8f,0xff,0x23,0xff,0x20,0x03,0x0f,0xfc,0xff,0xff,0xff,0xff,0xff,0xff,0xf8,0x3e,0xcf,0xca,0xbc,0xf2,
    0x3f,0xf2,0x3f,0xf2,0x8f,0xca,0xa0,0x2e,0xa0,0xa8,0xa8,0x2a,0xa0,0x0a,0x88,0x30,0x22,0x3f,0x88,0xff,0x20,0xff,0xc0,0x0f,
    0xab,0xbb,0x0a,0xec,0xf0,0x03,0xc0,0xff,0x3b,0x3f,0x20,0x3f,0x33,0x3f,0xc0,0xff,0x83,0x33,0x30,0xa3,0xf3,0xb3,0xfc,0x0f,
    0xff,0xff,0xff,0xff,0xff,0xff,0xff,0xff,0xff,0xff,0xf8,0x3e,0xcf,0xca,0xbf,0xf2,0x3f,0x32,0x3f,0xf2,0x8f,0xca,0xa0,0x2e,
    0xff,0xff,0xff,0xff,0xff,0xff,0xff,0xf0,0xff,0xcf,0x3f,0xc8,0x0f,0xf0,0x03,0xfc,0xff,0xff,0xff,0xff,0xff,0xff,0x03,0xff,
    0xe8,0x00,0x08,0x3e,0xc3,0x3e,0x8f,0x3e,0xff,0xff,0xff,0xff,0xff,0xfc,0xff,0xfc,0xfc,0x03,0x3c,0x53,0x30,0x53,0x00,0x53,
    0xff,0xff,0x00,0x3f,0xfe,0x8f,0x80,0x8f,0x0c,0x3f,0xc8,0xfc,0xcc,0xf0,0x08,0x00,0xff,0xc2,0xff,0xfc,0xff,0xff,0xff,0xff,
    0xff,0xf0,0xff,0xf3,0xff,0xfc,0xff,0xff,0xee,0xc3,0x00,0x3f,0x28,0xff,0x3c,0xff,0xaa,0x0f,0x00,0x8f,0xfa,0x3f,0x00,0xff,
    0x2a,0xc0,0x00,0x8a,0x33,0x20,0xf3,0xc8,0x08,0x13,0xf3,0x83,0x22,0x0f,0x80,0x3c,0x00,0x0a,0x32,0x2a,0x3c,0xa8,0xfc,0xe3,
    0xfc,0x8f,0xff,0x00,0xff,0xcf,0x00,0x32,0x8f,0xff,0xa3,0xfc,0x08,0x02,0x32,0xaa,0x38,0xea,0x84,0xbb,0x38,0xee,0x23,0xf0,
    0xfc,0x3f,0xff,0xc0,0xff,0xf3,0xff,0xcf,0xff,0xc0,0xff,0xcf,0x00,0x72,0x00,0x00,0xf0,0xc3,0x0f,0x3f,0x30,0xbf,0x3c,0xff,
    0x81,0xff,0x38,0xf0,0x23,0xcf,0x0f,0x3f,0xff,0x03,0xfc,0xcc,0xf3,0xcf,0xf0,0x20,0xf3,0xce,0x0c,0x88,0xf3,0x02,0xfc,0xea,
    0x00,0xf0,0x40,0xc0,0x40,0x3f,0x43,0xff,0x0f,0xff,0x3f,0x03,0x3c,0xf8,0xf3,0xea,0xff,0xf0,0xff,0xff,0xff,0xff,0xfc,0x02,
    0xf3,0xe8,0xce,0xaa,0xca,0xaa,0x8a,0xaa,0xb2,0xaa,0xa2,0xaa,0x28,0xa8,0xca,0x02,0x8a,0xaa,0xca,0xaa,0x0a,0xee,0xf3,0xbb,
    0x8a,0xaa,0xa2,0xa8,0x08,0x02,0x32,0xaa,0x22,0xea,0xb3,0xbb,0x0e,0xee,0x3f,0xf0,0x3f,0x3f,0x2f,0x2a,0x2a,0x2a,0x0a,0x8a,
    0x4a,0xa0,0xf2,0xab,0xfc,0xee,0xff,0x2b,0xa8,0xaa,0xa8,0xaa,0xa8,0xaa,0xa2,0xbb,0x0a,0xae,0xbb,0xbb,0xee,0xee,0xbb,0xb8,
    0xa3,0xce,0xa3,0xf3,0xa3,0xf3,0xa0,0x00,0xa8,0x1a,0x02,0x0a,0xa4,0x0a,0xaa,0x86,0xee,0x9a,0xfb,0x8b,0xff,0xce,0xbf,0xcf,
    0x3f,0xcf,0x8f,0xff,0x33,0xff,0x0d,0xff,0xaa,0xa6,0x0d,0x2a,0x1f,0xda,0xcf,0xd8,0x04,0x32,0x02,0xa3,0xaa,0x8f,0xaa,0x8f,
    0x08,0xf4,0x30,0x00,0x3f,0xff,0xbb,0xff,0xee,0xef,0xbb,0xff,0xff,0xff,0xff,0xff,0xaa,0x8f,0xaa,0xa0,0x6a,0xac,0xaa,0xa3,
    0xab,0xcf,0xbf,0x1f,0xf0,0x77,0x15,0x5c,0xff,0xd0,0x00,0x03,0xf5,0x0f,0xfc,0x03,0xf3,0x03,0xd0,0xc0,0x3c,0x2c,0xff,0x82,
    0x12,0xe3,0xff,0xa3,0xff,0xcf,0xff,0x8f,0xfe,0x3f,0xf8,0xff,0xe3,0xff,0x2f,0xff,0xff,0xff,0xff,0xff,0xff,0xff,0xff,0xff,
    0xff,0xff,0x3f,0xff,0xcf,0xff,0xa3,0xff,0xa3,0xff,0xa3,0xff,0xa3,0xff,0xa0,0x03,0xa8,0x18,0x02,0x0a,0xa4,0x0a,0xaa,0x86,
    0xff,0xff,0xff,0xff,0xff,0xff,0xff,0xff,0x3f,0xff,0x8f,0xff,0xa3,0xff,0x81,0x00,0xff,0xff,0xff,0x0f,0xfc,0xf3,0xf3,0xfc,
    0xcf,0xfc,0xcf,0xf3,0x3f,0xf3,0x3f,0xcf,0x83,0xee,0x8f,0xba,0xa2,0xee,0xa3,0xb9,0xe8,0xea,0xe8,0xaa,0xfa,0x2a,0xfa,0x2a,
    0xaa,0xa6,0xaa,0x2a,0xa4,0x2a,0x06,0xa8,0xaa,0xa2,0xaa,0xa3,0xaa,0x8f,0xaa,0x8f,0x08,0xa4,0x30,0x00,0x3f,0xff,0xbb,0xff,
    0xee,0xef,0xbb,0xff,0xff,0xff,0xff,0xff,0xff,0x3f,0x7c,0x8f,0xd0,0x63,0xff,0xc3,0xff,0xf3,0xff,0xf0,0xff,0xc8,0xf4,0x28,
    0x13,0xe8,0xfc,0xe8,0xfe,0x28,0xff,0x28,0xff,0x83,0xff,0xa3,0xf3,0xa3,0xb2,0xa3,0xff,0xc8,0xff,0xc0,0xff,0xcc,0xff,0x3f,
    0xfe,0x3f,0xb8,0xff,0xe3,0xff,0x0f,0xff,0xac,0x8f,0x8a,0x0f,0x8a,0x8f,0x22,0x3f,0xc0,0xff,0xff,0xff,0xff,0xff,0xff,0xff,
    0xff,0xff,0xff,0xff,0xff,0xff,0xff,0xff,0x3f,0xff,0x8f,0xff,0xa3,0xff,0x83,0xff,0xff,0x3f,0x7c,0xff,0xd0,0x7f,0xff,0xcf,
    0xff,0xf3,0xff,0xf3,0xff,0xcf,0xf4,0x3f,0xff,0xd0,0x00,0x00,0xf5,0x0a,0xfc,0x02,0xf3,0x02,0xd0,0xc0,0x30,0x2c,0xca,0x82,
    0x13,0xff,0xff,0xff,0x3f,0xff,0x8f,0xff,0xa3,0xff,0xa3,0xff,0xa8,0xff,0xa8,0xff,0x2a,0xaa,0x2a,0xaa,0x2a,0xaa,0x2a,0x8a,
    0xc8,0x2a,0xe2,0xa8,0xca,0xa2,0x30,0x00,0xa8,0xff,0xa8,0xff,0xa8,0xff,0xa3,0xff,0x23,0xff,0x8f,0xff,0x3f,0xff,0xff,0xff,
    0xff,0xff,0xff,0xff,0xff,0xff,0xff,0xd1,0xfd,0x2b,0xf6,0xee,0xf2,0xba,0xca,0xab,0xff,0xff,0xff,0xff,0xff,0xff,0x3f,0xff,
    0x83,0xff,0xe9,0xff,0xa8,0xff,0x1a,0x7f,0x8f,0xff,0x8f,0xff,0x3f,0xf0,0xff,0x0f,0xfc,0xff,0xfd,0xc0,0xc2,0x2e,0x2b,0xba,
    0xc2,0xa8,0x2f,0x29,0xff,0x8a,0xfe,0x8a,0x01,0x2a,0x7c,0x1a,0x83,0xc0,0xa8,0x41,0x0a,0x3f,0x1a,0x3f,0xaa,0x7f,0xa8,0xff,
    0xa9,0xff,0x83,0xff,0x7f,0xff,0xff,0xff,0xff,0xff,0xff,0xff,0xff,0xff,0x7f,0xff,0x1f,0xff,0x0f,0xff,0x3f,0xff,0x3f,0xff,
    0xfc,0xff,0xf3,0xf0,0xcf,0x4c,0xbc,0xf1,0x33,0xcc,0xcf,0xc3,0xff,0xff,0xff,0xff,0x0a,0xaa,0x52,0xaa,0x4a,0xa8,0x34,0x01,
    0xff,0xd0,0xff,0xc4,0xff,0xf0,0xff,0xf1,0x8f,0xff,0x8f,0xff,0x3f,0xf8,0xff,0x8f,0xfd,0xfc,0xfc,0xc1,0xc2,0x2e,0x2b,0xba,
    0xc2,0xa8,0x2f,0x29,0xfe,0x8a,0xe0,0x2a,0x02,0x4a,0x49,0x1a,0x33,0xc0,0x08,0x41,0xfd,0x07,0xd2,0xec,0x6b,0xba,0x2a,0xaa,
    0xaa,0xa6,0x2a,0x0a,0xca,0xaa,0xf2,0xaa,0xff,0xff,0xff,0xff,0xff,0xff,0x3f,0xff,0x83,0xff,0xe9,0xff,0xa8,0xff,0x9a,0x7f,
    0xc2,0xaa,0x2f,0x28,0xff,0x8a,0xfe,0x8a,0x01,0x2a,0x7c,0x1a,0x83,0xc0,0xa8,0x41,0x8a,0x3f,0x2a,0x3f,0xaa,0x7f,0xa8,0xff,
    0xa9,0xff,0x83,0xff,0x7f,0xff,0xff,0xff,0x0f,0xff,0x7f,0xff,0xd0,0x01,0xfd,0x00,0xff,0xd0,0x0f,0xfd,0xfd,0x00,0xd0,0x00,
    0xff,0xff,0xff,0xff,0xff,0xff,0x07,0xff,0x00,0x7f,0x40,0x10,0x14,0x0a,0x0b,0xaa,0xff,0xff,0xff,0xff,0xff,0xff,0xff,0xff,
    0xff,0xff,0x3f,0xff,0x83,0xff,0x98,0xff,0x7f,0xf0,0xd0,0xff,0xff,0x06,0xff,0xfc,0xff,0xff,0xff,0xff,0xff,0xff,0xff,0xff,
    0x0a,0x83,0xf6,0x33,0xfd,0x95,0x2b,0x55,0xc0,0x55,0xd4,0x15,0xd3,0x05,0xc2,0x70,0xc5,0x3f,0xf5,0x4f,0x55,0x4f,0x55,0x4f,
    0x55,0x3f,0x55,0x34,0x54,0xd0,0x53,0x40,0xff,0xfd,0xff,0xfc,0xff,0xf6,0xf4,0xf7,0x41,0xf2,0x03,0xf2,0x0f,0xf2,0x7f,0xfc,
    0xbf,0xa5,0xfa,0x52,0xf5,0x01,0xa0,0xf2,0xa5,0x59,0x55,0x55,0x55,0x55,0x55,0x55,0x65,0x3f,0x91,0x3f,0x53,0x00,0x40,0xff,
    0x7f,0xf8,0xfe,0x01,0x30,0xaf,0x4a,0x80,0xff,0x47,0x40,0xe0,0xfe,0x0f,0x80,0xff,0x3f,0xff,0x56,0xa7,0xc0,0x1f,0x7f,0xff,
    0xff,0xff,0xff,0xff,0xff,0xfd,0xff,0xf4,0xff,0xf0,0xff,0xff,0xff,0xff,0xff,0xff,0x48,0xfc,0x23,0xfc,0x0f,0xff,0x3f,0xff,
    0xff,0xfc,0xff,0xf3,0xff,0xcf,0xff,0x07,0x03,0xfc,0x0f,0xff,0xff,0xff,0xff,0xff,0xff,0xff,0x3f,0xff,0x4f,0xc0,0x4c,0x1a,
    0x55,0x55,0x15,0x55,0xc1,0x55,0xfc,0x10,0xfc,0xa3,0xfc,0xa3,0x00,0xe3,0xa0,0xe0,0x55,0x3f,0x54,0xff,0x43,0xff,0x3f,0xff,
    0xf4,0x34,0xdf,0xdf,0xcf,0x3f,0x2e,0x7f,0xa3,0xc5,0xa3,0x85,0x4f,0x15,0x9e,0x15,0x54,0x55,0x55,0x55,0x55,0x55,0x55,0x55,
    0xc5,0x3f,0xf5,0x4f,0x55,0x4f,0x55,0x4c,0x55,0x00,0x54,0xc0,0x53,0xc2,0x4f,0x0a,0xfc,0x00,0xd0,0x1c,0x00,0x72,0x01,0x00,
    0x00,0x02,0xa0,0x76,0x99,0x32,0x66,0x4c,0x48,0xfc,0x23,0xfc,0x0f,0xff,0x3f,0xff,0xff,0xff,0xff,0xff,0xff,0xff,0xff,0xfd,
    0x46,0x2a,0x16,0xaa,0x05,0x99,0x31,0x14,0x15,0x43,0xce,0x55,0x3f,0x95,0xff,0xa5,0x95,0x4c,0x51,0x53,0x0d,0x53,0x3d,0x53,
    0x15,0x53,0x55,0x53,0x55,0x40,0x55,0x4a,0xff,0xff,0xff,0xff,0xff,0xff,0xff,0xfd,0xff,0xf7,0xff,0xf4,0xff,0xff,0xff,0xff,
    0xff,0xd3,0xf4,0x3f,0x4f,0xc0,0xf0,0x7f,0x0f,0xff,0xff,0xff,0xff,0xff,0xff,0xff,0xfc,0x05,0xc1,0x60,0x7d,0x43,0xfd,0x8c,
    0xf5,0x1c,0xf6,0x32,0xf7,0x72,0xd4,0xf2,0x50,0x8a,0x02,0x8a,0x21,0x8a,0xa8,0xe1,0xaa,0x31,0xaa,0x2e,0xaa,0x8b,0xaa,0x51,
    0xd8,0xf2,0xdd,0xfd,0x73,0xfc,0x0f,0xfc,0xff,0xff,0xff,0xff,0xff,0xff,0xff,0xff,0xa5,0x55,0x95,0x55,0x65,0x55,0x95,0x15,
    0x15,0x05,0xc5,0x04,0xf0,0x00,0xfc,0x00,0xff,0x00,0xff,0xc0,0xff,0xc4,0xff,0xfa,0xff,0xf2,0xff,0xf2,0xff,0xca,0xfc,0x28,
    0x00,0x03,0x00,0x03,0x3c,0x43,0x3c,0xa3,0x3c,0xa3,0x3c,0x97,0x3c,0x8f,0xfc,0x8f,0xc2,0xa3,0x2a,0x0f,0xa0,0xff,0x0f,0xff,
    0xcf,0xff,0x0f,0xff,0xf3,0xff,0x00,0xff,0xff,0xfc,0xff,0xfc,0xff,0xff,0xff,0xff,0xff,0xff,0xff,0xff,0xff,0xff,0xff,0xfd,
    0xff,0xff,0xff,0xff,0xff,0xff,0xff,0xfd,0xff,0xfc,0xff,0xf7,0xff,0xf3,0xff,0xf3,0xfd,0x43,0xd2,0x29,0x2d,0xff,0xfc,0xff,
    0xf7,0xfd,0xf3,0xfc,0xdf,0xf7,0xdf,0xf3,0xff,0xff,0x0f,0xff,0xa0,0xff,0x3e,0x3f,0xff,0x9f,0xfe,0x87,0xfa,0x89,0xfa,0x88,
    0xff,0xf3,0xff,0xf3,0xff,0xf7,0xff,0xf7,0xff,0xfc,0xff,0xfc,0xff,0xfd,0xff,0xfc,0xff,0xcf,0xff,0xff,0xff,0xff,0xff,0xfe,
    0xff,0xfb,0xff,0xee,0xff,0xba,0xff,0xea,0xea,0x28,0xea,0x29,0xa8,0xa3,0xa8,0xa7,0xa2,0x8f,0x8a,0x3f,0x68,0xff,0xa3,0xfc,
    0xff,0xff,0xff,0xff,0xff,0xff,0xfc,0xff,0xf3,0x3f,0xf3,0x3f,0xf3,0x8f,0x02,0x8f,0xff,0xfc,0xff,0xfc,0xff,0xf6,0xff,0xf2,
    0xff,0xf3,0xff,0xdb,0xff,0xcb,0xff,0xcb,0xff,0xaa,0xfe,0xe8,0xff,0xa3,0xfe,0xa3,0xfb,0x8f,0xfe,0x8f,0xfa,0x8c,0xfe,0xa3,
    0x5f,0xc3,0xff,0x3f,0xfc,0xc3,0xf2,0x0c,0xf2,0x00,0x0c,0x02,0xff,0xc8,0xc3,0xf3,0xff,0xca,0xff,0xcb,0xff,0x2a,0xff,0x2b,
    0xff,0x2e,0xff,0x2b,0xff,0x2a,0xff,0x2b,0xcf,0xc3,0xcf,0x3f,0xcc,0xc3,0xf2,0x0c,0xf2,0x00,0x0c,0x02,0xff,0xc8,0xff,0xf3,
    0xff,0xf3,0xbf,0xf0,0xff,0xf3,0xbf,0xcf,0xff,0xce,0xbf,0xca,0xef,0xf2,0xbf,0xfc,0xff,0xfc,0xff,0xff,0x3f,0xff,0x02,0xaf,
    0x80,0x03,0x85,0x02,0x15,0x50,0x7d,0x44,0x02,0x80,0xfc,0x20,0xff,0xfc,0xff,0xff,0xff,0xff,0xff,0xff,0xaf,0x3f,0x00,0xcf,
    0x75,0x15,0x14,0x55,0xc5,0x55,0xb1,0x54,0xed,0x06,0xbb,0xaa,0x2e,0xea,0xff,0xba,0x43,0x8a,0x4e,0x80,0x0a,0x8a,0xa0,0x2a,
    0x2a,0xaa,0x82,0xaa,0xaa,0xaa,0x8a,0xaa,0xcf,0xc3,0xcf,0x3f,0xcc,0xeb,0xf2,0xaa,0xf2,0x28,0x0c,0x02,0xff,0xc8,0xc3,0xf3,
    0xf2,0xa0,0x3f,0xaa,0xce,0xea,0xfb,0xaa,0xee,0xe8,0xbb,0xaa,0x2a,0xae,0x0a,0x8a,0xfc,0xea,0xf2,0xaa,0xf2,0xaa,0xf2,0xa8,
    0xca,0xa3,0xca,0xa3,0xca,0xa3,0xca,0xa3,0xff,0x00,0xf0,0x7d,0xcd,0xf6,0x77,0xe7,0xf7,0xdf,0xdf,0xdf,0x7e,0x9a,0x6a,0x90,
    0x01,0xff,0x9d,0x3f,0xdf,0xdf,0xf7,0xcf,0xf7,0xa7,0xfd,0x93,0xa4,0x23,0x0a,0xa3,0xa8,0x0a,0xa6,0xa0,0xaa,0x0a,0xa8,0xaa,
    0x02,0xaa,0xaa,0xaa,0xaa,0xaa,0xaa,0xaa,0xaa,0x8a,0x00,0x2b,0xaa,0xaa,0xaa,0xaa,0xaa,0xaa,0xaa,0xaa,0xaa,0xaa,0xaa,0xaa,
    0xff,0xff,0xff,0xff,0xff,0xff,0xff,0xff,0xff,0xff,0xff,0xff,0xff,0xff,0xff,0xc0,0xff,0xff,0xff,0xff,0xff,0xff,0xff,0xff,
    0xf4,0xff,0xdc,0xff,0x3c,0xff,0xf8,0x3f,0xff,0x3f,0xff,0x3f,0xfc,0xfd,0xfc,0xfd,0xfc,0xfb,0xfc,0xf7,0xfc,0xf7,0xfc,0xf7,
    0xdf,0xf5,0x7f,0x5f,0xfd,0xff,0xf7,0xf9,0xf7,0xff,0xdf,0xff,0xdf,0xfe,0x7f,0xe7,0xbe,0xa3,0xea,0x8f,0xba,0x8f,0xea,0x3f,
    0x5a,0x3f,0xb4,0xfc,0xe8,0xf3,0xa3,0xf7,0xfc,0x7f,0xf7,0xff,0xcf,0xff,0x3f,0xff,0x0f,0xff,0x5f,0xff,0xf0,0xff,0xff,0xff,
    0xfa,0x83,0xff,0xa8,0xff,0xff,0xff,0xfb,0xf0,0x7e,0xcc,0x1b,0xc0,0x0e,0xa9,0x0a,0x7f,0xff,0xbf,0xff,0xbf,0xaa,0x00,0x00,
    0xff,0xff,0xff,0xff,0xff,0xff,0xff,0xff,0xa3,0xdd,0x8f,0xcc,0x3f,0xc8,0xff,0xd4,0xff,0xf0,0xff,0xf0,0xff,0xfc,0xff,0xfc,
    0x01,0xab,0x40,0x01,0x90,0x00,0x80,0x00,0xc0,0x55,0x05,0x55,0x15,0x55,0x95,0x55,0xea,0xaa,0xaa,0xaa,0x1a,0xaa,0x26,0xaa,
    0x28,0xa2,0x20,0x0a,0x00,0xaa,0x42,0xaa,0xff,0xfc,0xff,0xff,0xff,0xff,0xf0,0x00,0x0f,0xfc,0xff,0xf4,0xff,0xc7,0xf4,0x7f,
    0x2a,0xaa,0xaa,0xaa,0xaa,0xaa,0xaa,0xaa,0xaa,0xaa,0xaa,0xaa,0xaa,0xaa,0xbb,0xaa,0xff,0xff,0xff,0xff,0xfc,0x3f,0xf2,0x83,
    0xf2,0xac,0xfc,0x57,0xfd,0x2a,0xff,0x4a,0xff,0xff,0xff,0xff,0xfc,0x0f,0xc1,0xff,0x3f,0xfd,0x0f,0xfd,0xe0,0x00,0xa7,0xe6,
    0xff,0xff,0xff,0xff,0xd7,0xff,0x68,0xff,0xa0,0x0f,0x0b,0xe3,0xe6,0xa8,0xa6,0xa8,0xff,0xd2,0xff,0xfd,0xff,0xff,0xff,0xff,
    0xee,0xff,0xbb,0xbb,0xee,0xee,0xbb,0xba,0x9a,0xa9,0x0a,0xa9,0xf4,0x00,0xff,0xaa,0xee,0xaa,0xba,0xaa,0xaa,0xaa,0xaa,0xaa,
    0xa6,0xa2,0xa9,0x0a,0x00,0xaa,0xaa,0xaa,0xaa,0xaa,0xaa,0xaa,0xaa,0xaa,0xaa,0xaa,0xc3,0xff,0x7c,0x3f,0x7f,0xcf,0xff,0x60,
    0xff,0x7f,0xfd,0xff,0xf7,0xff,0xf7,0xff,0xff,0xff,0xff,0xff,0xff,0xff,0x1f,0xff,0xf0,0x01,0xff,0xfd,0xf5,0x53,0x5f,0x0e,
    0xfc,0xfb,0xd7,0xee,0x7f,0xfb,0xff,0xee,0xff,0xbb,0xfe,0xe5,0x55,0x5e,0xff,0xfb,0xff,0xea,0xfa,0xaa,0xaa,0xaa,0xaa,0xa8,
    0x0a,0xa0,0xf0,0x0f,0xff,0xff,0xff,0xff,0xff,0xff,0xff,0xff,0xf4,0x3f,0x4f,0xcf,0xff,0xf3,0xff,0xe3,0xff,0xa3,0xee,0xa3,
    0x64,0x01,0x2e,0xaa,0x1b,0xea,0x16,0x95,0x55,0x55,0x45,0x55,0x45,0x95,0x55,0x65,0xa9,0x41,0xa5,0x54,0x55,0x40,0x55,0x3c,
    0x54,0xff,0x54,0xfe,0x55,0x3a,0x55,0x2e,0x51,0x99,0x51,0x65,0x56,0x55,0x98,0x55,0x68,0x95,0x99,0x65,0x59,0x69,0xb9,0x5a,
    0x54,0xab,0x54,0xbf,0x55,0x3e,0x55,0x40,0x55,0x55,0x55,0x55,0x55,0x55,0x95,0x55,0x54,0xf3,0x94,0xff,0xa9,0xff,0xea,0x3f,
    0xfe,0x90,0xaa,0xff,0xaa,0xaf,0xa9,0x6a,0x51,0xaa,0x10,0x66,0x10,0x19,0x13,0x16,0x44,0x05,0x44,0x09,0x44,0x09,0x51,0x09,
    0xa5,0x55,0x55,0x50,0x95,0x00,0x50,0x3c,0x50,0xff,0x40,0xfe,0x40,0x3a,0x50,0x2e,0x50,0x25,0x44,0x25,0x78,0x95,0xae,0x65,
    0x69,0x95,0x9a,0x55,0x59,0x55,0xb9,0x55,0xff,0xff,0xff,0xff,0xff,0xf4,0xff,0x4f,0xfc,0xab,0xf6,0x5a,0xd9,0xa5,0xc6,0x95,
    0xff,0xff,0x50,0x00,0xff,0xfa,0xff,0xea,0xf9,0x6a,0x55,0x55,0x99,0x5a,0x66,0x66,0xff,0xff,0x7f,0xff,0x83,0xff,0xa8,0x3f,
    0xaa,0x8f,0x6a,0xa3,0x9a,0x94,0xa5,0x54,0x59,0x55,0x15,0x4a,0x54,0x3a,0x81,0xff,0xaf,0xea,0xff,0xaa,0xaf,0xaa,0x42,0xa5,
    0x55,0x99,0x95,0x66,0xa8,0x55,0xea,0x15,0xfe,0x80,0xaa,0xff,0x95,0xaf,0x00,0x1a,0x65,0x55,0x95,0x55,0x66,0x95,0x09,0x66,
    0x55,0x59,0xa5,0x55,0xe9,0x55,0xfa,0x95,0xd2,0xba,0xdc,0xa6,0xdf,0x25,0x6c,0xc5,0x25,0x55,0x3a,0xaa,0xaf,0xea,0x56,0xff,
    0xaa,0xbe,0xa9,0xfa,0xa6,0xa5,0xa6,0x90,0x66,0x85,0xa9,0x55,0xaa,0xaa,0xfe,0xea,0xaa,0x55,0x54,0x01,0x03,0xf1,0xff,0xf5,
    0x8f,0x55,0x55,0x55,0x55,0x55,0xa5,0x55,0x41,0xab,0x00,0x15,0xf0,0x80,0xca,0xa8,0x2a,0xa8,0xaa,0x80,0xaa,0x10,0xaa,0x20,
    0xfa,0x95,0x55,0x00,0x00,0x00,0x00,0x00,0x00,0x00,0x00,0x00,0x00,0x00,0x00,0x00,0x69,0x11,0x28,0x11,0x08,0x11,0x08,0x15,
    0x08,0x05,0x08,0x04,0x04,0x04,0x04,0x04,0x01,0x9a,0x00,0x65,0x00,0x95,0x00,0x50,0x00,0x0f,0x00,0xbf,0x0a,0xaa,0x55,0xaa,
    0xaa,0x86,0x69,0x41,0x55,0x68,0xaa,0xa9,0x6a,0x95,0x54,0x15,0x03,0xc1,0xff,0xfc,0x00,0x54,0xa9,0x55,0x55,0x55,0x05,0x55,
    0x50,0x05,0x44,0x44,0x01,0x11,0x00,0x40,0x05,0x01,0x45,0x05,0x55,0x2a,0x54,0xaa,0x52,0xa5,0x4a,0x55,0x15,0x55,0x55,0x79,
    0xff,0xd0,0xff,0x3f,0xfd,0xfe,0xfc,0xea,0xfc,0xa9,0xfc,0x16,0xfc,0xbf,0xfe,0xfe,0x03,0xff,0xa8,0xf0,0xaa,0x0e,0xa6,0xab,
    0x55,0xaa,0xa5,0x6a,0xa9,0x6a,0xa9,0x59,0x00,0x05,0x05,0x7b,0xed,0x55,0xbb,0x55,0xaa,0xa5,0xa6,0xaa,0x5a,0x9a,0x7e,0xa6,
    0xf6,0xea,0xf2,0xaa,0xf2,0xaa,0xf1,0xa9,0xfc,0x55,0xff,0x00,0xff,0xff,0xff,0xff,0xa5,0x55,0xa5,0x55,0x94,0x05,0x53,0xf1,
    0x0f,0xfc,0xff,0xff,0xff,0xff,0xff,0xff,0xfe,0xa5,0xfa,0xa5,0xaa,0xa9,0x6a,0xa5,0x55,0x54,0x15,0x03,0xc0,0xff,0xff,0xff,
    0x55,0xa9,0x55,0x55,0x15,0x55,0x55,0x55,0x55,0x55,0x55,0x6a,0x59,0x9a,0x06,0x66,0xaa,0x55,0x00,0x00,0x00,0x00,0x00,0x00,
    0x00,0x00,0x00,0x00,0x00,0x00,0x00,0x00,0x69,0x11,0x18,0x11,0x08,0x11,0x08,0x11,0x04,0x05,0x00,0x05,0x00,0x04,0x04,0x04,
    0x00,0x00,0xa9,0x55,0x55,0x55,0x05,0x55,0x50,0x05,0x44,0x44,0x01,0x11,0x00,0x40,0x04,0x01,0x44,0x05,0x55,0x2a,0x54,0xaa,
    0x52,0xa5,0x4a,0x55,0x15,0x55,0x55,0x79,0x00,0xff,0xe5,0x00,0xaa,0xae,0xa9,0xab,0x55,0xaa,0xa5,0x6a,0xa9,0x6a,0xa9,0x59,
    0x41,0xab,0x00,0x00,0xf0,0x80,0xca,0xa8,0x2a,0xa8,0xaa,0x80,0xaa,0x10,0xaa,0x20,0xa5,0x55,0x00,0x00,0x00,0x00,0x00,0x00,
    0x00,0x00,0x00,0x00,0x00,0x00,0x00,0x00,0x69,0x11,0x18,0x11,0x08,0x01,0x08,0x01,0x00,0x01,0x04,0x01,0x00,0x05,0x00,0x05,
    0x00,0x05,0xa9,0x55,0x55,0x55,0x05,0x55,0x50,0x05,0x44,0x44,0x01,0x11,0x00,0x40,0x00,0x01,0x44,0x05,0x55,0x2a,0x54,0xaa,
    0x52,0xa5,0x4a,0x55,0x15,0x55,0x55,0x79,0xfc,0xe8,0xff,0x02,0xff,0xca,0xff,0x09,0xfc,0x45,0xf2,0x91,0xf2,0x80,0xfc,0x3f,
    0xa9,0x00,0x95,0x40,0x55,0x51,0x55,0x54,0x45,0x55,0x45,0x55,0x51,0x55,0x04,0x54,0x01,0xff,0x00,0x7f,0x50,0x00,0x54,0x00,
    0x54,0x00,0x52,0xaa,0x4a,0xaa,0x2a,0xaa,0xff,0xc0,0xff,0xff,0xff,0xff,0xff,0xff,0xff,0xff,0xff,0xff,0xff,0xff,0xff,0xff,
    0x6a,0xa0,0x00,0x0d,0xff,0xff,0xff,0xff,0xff,0xff,0xff,0xff,0xff,0xff,0xff,0xff,0xfc,0xea,0xff,0x0a,0xff,0xc2,0xff,0x14,
    0xfc,0x54,0xf2,0x94,0xf2,0x83,0xfc,0x3f,0x80,0x00,0xa0,0x00,0xa9,0x00,0xaa,0xa4,0xaa,0xaa,0x2a,0xaa,0xc2,0xaa,0xfc,0x2a,
    0x01,0xff,0x00,0x7f,0x00,0x00,0x00,0x00,0x94,0x00,0xaa,0xaa,0xaa,0xaa,0xaa,0xaa,0x00,0x05,0x15,0x50,0x15,0x55,0x15,0x55,
    0x15,0x55,0x15,0x55,0x05,0x54,0x00,0x00,0x7f,0xaa,0x00,0xfe,0x00,0x03,0x00,0x54,0x01,0x55,0x01,0x55,0x01,0x55,0x01,0x55,
    0xa2,0xaa,0xa2,0xaa,0xea,0xaa,0x3e,0xaa,0x43,0xea,0x50,0x7e,0x50,0x07,0x50,0x00,0x01,0x55,0x00,0x55,0x00,0x00,0x00,0x00,
    0x94,0x00,0xaa,0xaa,0xaa,0xaa,0xaa,0xaa,0x50,0x00,0x40,0x02,0x00,0x0a,0x00,0xaa,0xaa,0xaa,0xaa,0xaa,0xaa,0xaa,0xa8,0x0a,
    0xff,0xff,0xff,0xff,0xff,0xff,0xff,0xff,0xff,0xff,0xff,0xff,0xff,0xff,0xfd,0x40,0xff,0xff,0xff,0xff,0xff,0xff,0xff,0xff,
    0xff,0xff,0xff,0xf4,0xff,0xc7,0xff,0x3f,0xff,0xc3,0xfd,0x33,0xf1,0xe3,0xcf,0x8f,0x3e,0x8f,0xfa,0x3f,0xea,0x3f,0xa8,0xff,
    0xff,0xff,0xff,0xff,0xff,0xfd,0xff,0xf3,0xff,0xcd,0xff,0xcd,0xff,0x18,0xff,0x18,0xf7,0xff,0x51,0xfa,0xcc,0x1d,0x4c,0x0f,
    0x05,0x03,0x00,0x03,0x00,0x02,0x00,0x00,0xe0,0x3f,0xaf,0x83,0xaa,0x64,0xa9,0xaa,0x6a,0x6a,0x69,0xaa,0x6a,0x6a,0xda,0xaa,
    0xfc,0xfe,0xf3,0xfe,0x03,0xfa,0xa2,0xaa,0xa1,0xaa,0x14,0x6a,0xfa,0x40,0xa9,0x4a,0xa8,0xff,0xa3,0xff,0xa3,0xff,0x8f,0xff,
    0x8f,0xff,0x3f,0xff,0x0f,0xff,0xa3,0xff,0xff,0x3f,0xff,0xca,0xff,0xf0,0xff,0xff,0xf5,0x55,0xf6,0xbf,0xfd,0x0a,0xff,0xf0,
    0x00,0x00,0xff,0xc0,0xab,0xff,0x02,0xaf,0x40,0x0a,0xfc,0x82,0xbc,0x90,0x2a,0x20,0xda,0xaa,0xb6,0xaa,0x36,0xaa,0x4f,0x6a,
    0x53,0xd6,0x54,0xbd,0x95,0x0b,0x29,0x50,0xa9,0x45,0xaa,0x4a,0xaa,0xa9,0xaa,0xaa,0xaa,0x95,0xaa,0xbf,0xda,0xab,0xf6,0xaa,
    0xc2,0x20,0xfc,0x22,0xfc,0x92,0xf2,0x42,0xc9,0x02,0xc9,0x09,0x34,0x05,0x34,0x25,0x3d,0xaa,0x4d,0xaa,0x4b,0x6a,0x53,0x6a,
    0x22,0xea,0x24,0xda,0x04,0xda,0x04,0xda,0xff,0xff,0xff,0xff,0xff,0xff,0xff,0xff,0xff,0xff,0xff,0xff,0xff,0xff,0xff,0xfd,
    0x24,0x95,0x24,0x95,0x24,0x95,0x24,0x95,0xc8,0x25,0xc9,0x25,0x32,0x09,0xe2,0x49,0xbf,0xf0,0xcf,0xc2,0xcf,0xca,0x3f,0x0e,
    0x00,0x7e,0x02,0x7c,0x9f,0x7c,0xde,0xb0,0x04,0xda,0x06,0xea,0x03,0x6a,0x1b,0x6a,0x1d,0xaa,0x0d,0xaa,0x2e,0xaa,0x76,0xaa,
    0xff,0xf2,0xff,0xf2,0xff,0xfc,0xff,0xff,0xff,0xff,0xff,0xff,0xff,0xff,0xff,0xff,0xa8,0x92,0x80,0x24,0x3f,0xc1,0xff,0xf2,
    0xff,0xf2,0xff,0xf2,0xff,0xfc,0xff,0xff,0x94,0x00,0x25,0x00,0x0a,0x50,0x00,0x95,0x00,0x95,0x40,0x25,0x90,0x0a,0x29,0x00,
    0xdd,0xc0,0x00,0x03,0x00,0x03,0x40,0x02,0x55,0x56,0x55,0x54,0xa5,0x55,0x0a,0x95,0x76,0xaa,0x6d,0xaa,0x4d,0xaa,0x4b,0xaa,
    0x53,0x6a,0x53,0x6a,0x13,0x6a,0x43,0x6a,0xc2,0x80,0xf0,0x90,0xf0,0x69,0xf3,0x02,0xf3,0x80,0xce,0x0e,0xce,0x3f,0xf0,0xff,
    0x00,0x00,0x00,0x00,0x00,0x00,0xa4,0x00,0x01,0x00,0x54,0x55,0xe9,0x00,0xff,0xff,0x09,0xaa,0x2d,0xaa,0x36,0xaa,0x1a,0xaa,
    0x01,0x55,0x3f,0x00,0xff,0xff,0xff,0xff,0xbf,0xf0,0xcf,0xc0,0xcf,0xca,0x3f,0x0e,0x00,0x7e,0x02,0x7c,0x9f,0x70,0xde,0x00,
    0xbf,0xf0,0xfc,0xc2,0xfc,0xca,0x3f,0x0e,0x00,0x7e,0x02,0x7c,0x9f,0x7c,0xde,0xb0,0xbb,0xaa,0xfe,0xea,0xfb,0xa6,0xee,0x99,
    0xba,0xa6,0xea,0x99,0xaa,0x66,0xea,0x99,0xaa,0x55,0x99,0x99,0x66,0x66,0x99,0x55,0x65,0x55,0x95,0x55,0x55,0xa5,0x96,0xf9,
    0x66,0x56,0x99,0x99,0x66,0x66,0x99,0x55,0x66,0x51,0x59,0x94,0x66,0x51,0x59,0x44,0xa9,0x56,0xa9,0x75,0xa6,0x7d,0xa8,0x7f,
    0xa6,0x7f,0xa8,0x7f,0xa6,0x1f,0xa8,0x0f,0x67,0xfe,0x9a,0xf9,0x66,0xa6,0x59,0x95,0xd5,0x55,0xf4,0x44,0xcd,0x13,0xff,0x44,
    0x55,0x51,0x55,0x47,0x55,0x5f,0x55,0x7f,0x57,0xff,0x5f,0xff,0x7c,0xff,0xff,0xff,0xd0,0x16,0xf0,0x45,0xf0,0x16,0xd0,0x05,
    0xd0,0x12,0xc0,0x09,0x41,0x12,0x08,0x49,0xfd,0x11,0x14,0x44,0xc0,0x00,0xfc,0x00,0xfe,0xaa,0x32,0xaa,0x0a,0xaa,0x02,0xaa,
    0x7f,0xfc,0x07,0xd0,0x00,0x02,0x03,0xf2,0xa3,0xf2,0xa8,0xca,0xaa,0x28,0xaa,0xa0,0x29,0x12,0xa4,0x4a,0xa1,0x1a,0x84,0x6a,
    0x91,0x2b,0x44,0xaa,0x12,0xab,0x4a,0xaa,0x90,0x2a,0xa8,0x00,0xaa,0x90,0xee,0xaa,0xbb,0xaa,0xee,0xee,0xbb,0xbb,0xff,0xee,
    0xa8,0x00,0x00,0x02,0x00,0x6a,0xaa,0xaa,0xaa,0xab,0xaa,0xee,0xbb,0xbb,0xee,0xfe,0xaa,0x66,0x99,0x99,0x66,0x65,0x99,0x99,
    0x66,0x66,0x9a,0xa9,0x6a,0xfa,0x9b,0xfe,0xaa,0x66,0xa9,0xb9,0xa6,0x7e,0xa9,0xbf,0xa6,0x6f,0xa9,0x9f,0xa6,0x67,0xa9,0x19,
    0x66,0x51,0x99,0x57,0x65,0x5f,0x99,0x7f,0x55,0xff,0x5f,0xfd,0x7c,0xfc,0xff,0xf4,0x01,0x26,0x00,0x49,0x00,0x16,0x00,0x09,
    0x00,0x16,0x00,0x09,0x00,0x16,0x08,0x09,0x66,0x65,0x99,0x99,0xf6,0x65,0xfd,0x54,0x76,0xaa,0x9a,0xaa,0x56,0xaa,0x55,0xaa,
    0x7f,0x10,0x44,0x40,0x11,0xf2,0x47,0xf6,0xa9,0xda,0xaa,0x6a,0xaa,0xa9,0xaa,0xa5,0xa5,0x5a,0xaa,0x55,0xaa,0xa5,0xee,0xaa,
    0xbb,0xaa,0xee,0xee,0xbb,0xbb,0xff,0xee,0xa9,0x55,0x55,0x56,0x55,0xaa,0xaa,0xaa,0xaa,0xab,0xaa,0xee,0xbb,0xbb,0xee,0xfe,
    0xa9,0x10,0xa8,0x10,0xa6,0x54,0xa8,0x15,0xa6,0x15,0xa8,0x05,0xa6,0x05,0xa8,0x41,0x01,0xf4,0x01,0xf4,0x00,0x50,0x00,0x00,
    0x40,0x44,0x50,0x44,0x54,0x41,0x55,0x00,0x00,0x01,0x00,0x05,0x00,0x15,0x00,0x55,0x01,0x55,0x05,0x55,0x15,0x54,0x55,0x51,
    0xaa,0x00,0xe9,0x40,0xaa,0x04,0xea,0x81,0xba,0x90,0xee,0xa0,0xba,0xa8,0xee,0xaa,0x14,0x00,0x00,0x00,0x00,0x00,0xc0,0x00,
    0xfc,0x00,0x32,0xaa,0x02,0xaa,0x00,0x2a,0x05,0x44,0x00,0x00,0x00,0x00,0x00,0x00,0x03,0xf2,0xa3,0xf2,0xa8,0xc0,0xa0,0x00,
    0xff,0xf0,0xff,0xfc,0xff,0xff,0xff,0xff,0xff,0xff,0xff,0xff,0xff,0xfe,0xff,0xe3,0x05,0x00,0x04,0x10,0x02,0x10,0xc0,0x84,
    0xc0,0x20,0xf0,0x0a,0xf4,0x02,0x3d,0x00,0xff,0xcd,0xfb,0x77,0xed,0xdc,0xf7,0x73,0x8d,0xcc,0xb7,0x33,0xee,0xdc,0xfb,0x77,
    0xce,0x40,0x33,0x88,0xcc,0xe2,0x33,0x38,0xcc,0xce,0x33,0x33,0xcc,0xce,0x33,0x3b,0x00,0x00,0x80,0x00,0x20,0x00,0x88,0x00,
    0x22,0x00,0x88,0x80,0xe2,0x20,0xf8,0x80,0xfc,0xdc,0xfb,0x73,0xfc,0xce,0xff,0x7b,0xfe,0xcf,0xff,0xbb,0xff,0xef,0xff,0xff,
    0x05,0x50,0x05,0x40,0x04,0x03,0x00,0x0f,0x00,0x4f,0x01,0xcf,0x03,0xf5,0x00,0x00,0xff,0xb8,0xfe,0xce,0xe3,0x77,0xcd,0xdd,
    0xb3,0x33,0xfe,0xcc,0xff,0xb3,0xfe,0xcc,0x85,0x00,0x24,0x10,0x4a,0x91,0x62,0xa6,0x88,0x88,0xe2,0x22,0x38,0x88,0xce,0x22,
    0x00,0x00,0x01,0x40,0xa8,0x42,0xaa,0x0a,0xaa,0x8a,0x22,0xaa,0x88,0xaa,0x22,0x2a,0x00,0x20,0xa4,0xa0,0xaa,0xa0,0xaa,0x80,
    0xaa,0x40,0xaa,0x02,0xa8,0x08,0x00,0x21,0xff,0x73,0xfe,0xdc,0xfb,0x73,0xfc,0xce,0xfb,0x73,0xfc,0xcf,0xfb,0x3f,0xfe,0xff,
    0x33,0x88,0xcc,0xe0,0xbb,0xb4,0xff,0xfd,0xff,0xff,0xff,0xff,0xff,0xff,0xff,0xff,0x88,0xa0,0x22,0x00,0x00,0x00,0x00,0x00,
    0x40,0x00,0xd0,0x00,0xf4,0x00,0xfd,0x00,0xff,0xaa,0xfa,0x00,0xe0,0x55,0x81,0x55,0xa0,0x01,0xfa,0x00,0xff,0x80,0xfe,0x40,
    0x85,0x00,0x24,0x10,0x4a,0x91,0x40,0xaa,0x00,0x05,0x00,0x01,0x00,0x01,0x00,0x00,0x00,0x00,0x01,0x40,0xa8,0x42,0xaa,0x0a,
    0x2a,0x8a,0x52,0xaa,0x54,0xaa,0x05,0x2a,0xfe,0x50,0xfe,0x50,0xf8,0x50,0xf8,0x42,0xf8,0x42,0xf8,0x0b,0xf8,0x2f,0xfa,0xbf,
    0x00,0x02,0x00,0x28,0xaa,0xb4,0xff,0xfd,0xff,0xff,0xff,0xff,0xff,0xff,0xff,0xff,0x80,0x20,0x2a,0xa0,0x00,0x00,0x00,0x00,
    0x40,0x00,0xd0,0x00,0xf4,0x00,0xfd,0x00,0x00,0x00,0x00,0x00,0x10,0x00,0x30,0x00,0x70,0x00,0xf0,0x00,0xf0,0x00,0xd0,0x00,
    0x1f,0xff,0x3f,0xff,0xff,0xff,0x1f,0xff,0x7f,0xff,0x5f,0xff,0x05,0xff,0x00,0x7f,0xff,0xd1,0xff,0x05,0xfd,0x55,0xf4,0x55,
    0xf1,0x54,0xd5,0x50,0x45,0x00,0x44,0x00,0x01,0x5f,0xf7,0xff,0xf7,0xff,0xf7,0xff,0xf7,0xff,0xf7,0xff,0xf7,0xff,0x45,0xff,
    0xdf,0xf7,0xdf,0xf7,0xdf,0xf7,0xdf,0xf5,0xdf,0xf4,0xdf,0xd0,0xdf,0x40,0xd5,0x00,0x00,0x0f,0x00,0x07,0x00,0x03,0x00,0x01,
    0x04,0x00,0x11,0x00,0x04,0x41,0xf0,0x03,0x40,0x00,0xd0,0x1f,0xf3,0x7f,0xff,0xff,0xff,0xff,0xff,0xff,0xff,0xff,0xff,0xff,
    0xfc,0xcf,0xff,0xff,0xff,0xff,0xff,0xff,0xff,0xff,0xff,0xff,0xff,0xff,0xff,0xff,0xff,0xff,0xff,0xff,0xff,0xff,0xf1,0xff,
    0xf4,0x1f,0xf4,0x41,0xfc,0x10,0xfd,0x14,0xff,0xff,0xff,0xff,0xff,0xff,0xff,0xff,0xff,0xff,0xff,0xfc,0x7f,0xf4,0x17,0xf0,
    0xff,0xfd,0xff,0xf5,0xff,0x44,0xfd,0x10,0xf4,0x50,0x45,0x40,0x15,0x41,0x45,0x03,0x3f,0xff,0x3f,0xff,0x7f,0xff,0xff,0xff,
    0xff,0xff,0xff,0xff,0xff,0xff,0xff,0xff,0xff,0x05,0xff,0x05,0xff,0x41,0xff,0xc1,0xff,0xd0,0xff,0xd0,0xff,0xf4,0xff,0xf4,
    0x11,0x03,0x44,0x03,0x00,0x07,0x00,0x0f,0x00,0x1f,0x00,0x1f,0x00,0x0f,0x00,0x0f,0x01,0x40,0x01,0x50,0x10,0x94,0x44,0xa5,
    0x50,0xaa,0x44,0x2a,0x51,0x00,0x57,0x00,0x00,0x05,0x04,0x01,0x01,0x01,0x41,0x00,0x54,0x00,0x20,0x00,0x00,0x00,0x00,0x00,
    0x55,0x51,0x15,0x44,0x15,0x51,0x05,0x54,0xc5,0x51,0xc4,0x44,0x51,0x00,0x44,0x00,0x00,0x00,0x00,0x00,0x00,0x00,0x00,0x01,
    0x00,0x01,0x00,0x03,0x00,0x01,0x00,0x00,0xff,0xfd,0xff,0xfd,0xff,0xfd,0xff,0xfd,0xff,0xff,0xff,0xff,0xff,0xff,0xff,0xff,
    0x54,0x00,0x50,0x00,0x40,0x00,0x00,0x00,0x40,0x00,0x40,0x00,0xc0,0x01,0x00,0x03,0x00,0x00,0x00,0x00,0x00,0x00,0x00,0x00,
    0x05,0x00,0x7f,0xd0,0xff,0xfd,0xff,0xff,0x00,0x00,0x00,0x00,0x00,0x00,0x00,0x00,0x00,0x01,0x01,0xfc,0x5f,0xff,0xff,0xff,
    0x7f,0xff,0x3f,0xff,0x3f,0xff,0x7f,0xff,0xff,0xff,0xff,0xff,0xff,0xff,0xff,0xff,0xdd,0x00,0x70,0x40,0xdd,0x11,0x77,0x44,
    0xdd,0xdd,0xf7,0x77,0xdd,0xdd,0x77,0x77,0x00,0x07,0x01,0x1d,0x04,0x77,0x1d,0xdd,0x37,0x77,0xdd,0xdf,0x77,0x77,0xdd,0xdd,
    0xf3,0x00,0xfd,0xdc,0xff,0x77,0xf7,0xff,0xdd,0xdf,0xf7,0x7f,0xff,0xff,0x77,0xff,0x30,0x00,0xcc,0xc0,0x77,0x77,0xdd,0xdd,
    0x77,0x77,0xdf,0xdd,0xff,0xff,0xff,0xff,0x00,0x00,0x0c,0x0d,0x73,0x37,0xdd,0xdd,0xff,0xf7,0xdf,0xfd,0x77,0xff,0xff,0xff,
    0x73,0x37,0xdd,0xdf,0x77,0xff,0xff,0xdd,0xff,0x77,0xff,0xff,0xff,0xf7,0xdf,0xdd,0xff,0xff,0xff,0xff,0xff,0xff,0x3f,0xff,
    0x8f,0xff,0xa1,0xfc,0xa0,0x03,0x85,0x1a,0xff,0xff,0xff,0xff,0xff,0xff,0xff,0xff,0xff,0xff,0x03,0xff,0xf8,0xff,0xfa,0x3f,
    0x95,0x4a,0x15,0x42,0x15,0x52,0x85,0x52,0x51,0x52,0x84,0x51,0x51,0x11,0x04,0x01,0xa9,0x41,0x96,0x4a,0x6a,0x56,0xa9,0x52,
    0xa9,0x52,0xa5,0x51,0x55,0x54,0x55,0x40,0x81,0x54,0x55,0x51,0xaa,0x51,0xa9,0x45,0xa4,0x01,0x97,0xc4,0x4f,0xd6,0x2c,0xca,
    0x00,0x01,0x00,0x05,0x00,0x11,0x00,0x44,0x41,0x11,0x30,0x44,0x3c,0x01,0x7f,0xc0,0x51,0x14,0x44,0x54,0x10,0x10,0x44,0x00,
    0x01,0x00,0x40,0x04,0x00,0x15,0x1c,0x6e,0xa9,0x04,0x15,0x41,0x55,0x43,0x50,0x0f,0x45,0x4f,0x05,0x4f,0x01,0x4f,0x04,0x3f,
    0xa4,0x00,0xa8,0x00,0xa9,0x00,0xa4,0x00,0x00,0x04,0xf1,0x54,0xcb,0x95,0xce,0xe4,0x13,0xff,0x00,0xff,0x05,0x3f,0x15,0x8f,
    0x56,0xa3,0x5a,0xa4,0x0a,0xa0,0x54,0x44,0x55,0x00,0x50,0x00,0x40,0x00,0x20,0x00,0xd0,0x02,0xc4,0x05,0xf2,0x90,0xfc,0x03,
    0x05,0x3f,0x14,0xff,0x14,0xff,0x94,0xff,0x53,0xff,0x0f,0xff,0x3f,0xff,0xff,0xff,0x2b,0xa1,0x2e,0xd5,0x2a,0x91,0x49,0x44,
    0x91,0x11,0xa4,0x04,0xa8,0x40,0xa0,0x50,0x55,0x51,0x55,0x51,0x55,0x40,0x55,0x00,0x15,0x03,0x40,0x0f,0x00,0xff,0x1f,0xff,
    0xff,0xff,0xff,0xff,0xff,0xff,0x3f,0xff,0x8f,0xff,0xa3,0xff,0xa0,0x70,0x85,0x0f,0xff,0xff,0xff,0xff,0xff,0xff,0xff,0xff,
    0xff,0xff,0xff,0xff,0x0f,0xff,0xe0,0xff,0x95,0x4a,0x15,0x42,0x15,0x52,0x85,0x51,0x51,0x51,0x84,0x51,0x51,0x11,0x04,0x01,
    0xa9,0x01,0xaa,0x4a,0xaa,0x02,0x54,0x12,0x59,0x42,0x55,0x12,0x55,0x41,0x54,0x51,0x00,0x01,0x00,0x05,0x00,0x15,0x00,0x54,
    0x41,0x51,0x00,0x54,0x34,0x01,0x7d,0x00,0x55,0x10,0x54,0x41,0x10,0x00,0x44,0x00,0x01,0x00,0x40,0x14,0x00,0x55,0x7c,0xee,
    0xff,0xff,0xff,0xf4,0xff,0xda,0xff,0xcf,0xff,0x3e,0xff,0x3a,0xd4,0x2a,0x3e,0x4a,0x45,0x53,0x11,0x53,0x44,0x43,0x11,0x07,
    0x00,0x1f,0x40,0xff,0xff,0xff,0xff,0xff,0xc0,0x03,0xc6,0x40,0xc9,0x90,0x2a,0x50,0x29,0x41,0xc5,0x06,0xf0,0x32,0xff,0xfc,
    0xff,0xff,0x03,0xc0,0x54,0x29,0x54,0x28,0x44,0x00,0x10,0xc0,0x84,0xff,0x03,0xff,0xf0,0xff,0x08,0x3f,0x41,0x3f,0x10,0x3f,
    0x03,0xff,0x3f,0xff,0xff,0xff,0xff,0xff,0x81,0x54,0x55,0x51,0xaa,0x51,0xa9,0x45,0xa5,0x01,0x94,0x44,0x45,0x56,0x56,0xca,
    0x81,0x54,0x55,0x51,0xaa,0x51,0xa9,0x45,0xa5,0x01,0x94,0x44,0x45,0x56,0x15,0x4a,0x14,0x2a,0x42,0xa9,0x5a,0xa1,0x2a,0xa5,
    0x2a,0x85,0x2a,0x14,0x50,0x50,0x45,0x40,0xa6,0x7f,0xa8,0xff,0xa8,0xc3,0xaa,0x7c,0xa8,0xf8,0xa8,0xf8,0xa3,0xe8,0x63,0xa8,
    0xff,0xff,0xff,0xff,0xff,0xff,0xff,0xff,0x1f,0xff,0xa3,0xff,0xa8,0xff,0xaa,0x3f,0xa3,0x35,0xa0,0x50,0xaa,0x8f,0xaa,0x8f,
    0xaa,0x60,0xaa,0x42,0xaa,0x2a,0x6a,0x20,0x0a,0xa8,0xfa,0x97,0xfa,0xaf,0xaa,0xab,0x0a,0xaa,0x90,0x0a,0x2a,0x20,0xaa,0x9a,
    0xaa,0x7f,0x2a,0x4f,0xc9,0x4f,0xe1,0x4f,0xa1,0x7f,0xa1,0x3f,0xa4,0xff,0x53,0xff,0xff,0xf3,0xff,0xdf,0xff,0xcf,0xff,0xcf,
    0xff,0x6f,0xff,0x2f,0xff,0x20,0xff,0x4f,0xe8,0xfa,0xe8,0xfe,0xa8,0xfe,0xaa,0x50,0xe5,0xfe,0x0f,0xfa,0xff,0xaa,0xfa,0xaa,
    0x17,0xfe,0x8a,0xfa,0x8a,0xaa,0x85,0xaa,0x22,0x55,0x88,0x2a,0x8a,0x80,0x2a,0xaa,0xfd,0xff,0xf7,0xea,0xf2,0xaa,0xfc,0x00,
    0xff,0xf1,0xff,0xf1,0xff,0xf1,0xff,0xf1,0xaa,0xa0,0xaa,0x86,0xaa,0x85,0xaa,0x95,0x2a,0x15,0x2a,0x15,0x4a,0x05,0x50,0x45,
    0xa6,0x7f,0xa8,0xff,0xa8,0xff,0xaa,0x4f,0xaa,0xa0,0xaa,0xaa,0xab,0xfa,0x6b,0xf0,0xaa,0xcf,0xa6,0x8f,0xa6,0x3e,0xa9,0x2e,
    0xa8,0xaa,0x83,0xa9,0x3f,0xaa,0x3e,0x9a,0x2a,0x4f,0x2a,0x4f,0x49,0x53,0x89,0x53,0x85,0x53,0x71,0x53,0xfc,0x4f,0xbd,0x0f,
    0x80,0x06,0xaa,0xa0,0xaa,0xa9,0xaa,0xaa,0xaa,0xaa,0xaa,0xa1,0xaa,0xa1,0xaa,0xa8,0xaa,0x3f,0xaa,0x3f,0x0a,0x3f,0x40,0xff,
    0x53,0xff,0x54,0xff,0x54,0xff,0x99,0x3f,0x19,0xab,0x09,0xab,0x49,0xaa,0xd2,0xaa,0xf2,0xaa,0xf6,0xaa,0xf2,0xa9,0xfc,0xaa,
    0xee,0xea,0xfb,0xaa,0xee,0xaa,0xbb,0xaa,0xe9,0x6a,0xa6,0xaa,0x9e,0xaa,0x9e,0xa8,0xfc,0x8a,0xfd,0x92,0xf0,0xa4,0xf2,0x2a,
    0xca,0x8a,0x7a,0x0a,0xfe,0x21,0xfa,0x2a,0xaa,0x81,0xa0,0x1a,0xaa,0xaa,0xaa,0xaa,0xaa,0x69,0xaa,0x42,0xaa,0x2a,0x6a,0x20,
    0xff,0xff,0xff,0xff,0xff,0xff,0xff,0xff,0xff,0xff,0xff,0xff,0xff,0xff,0xff,0xd1,0x42,0xa4,0xaa,0x40,0xa8,0x02,0xaa,0x06,
    0xaa,0x8a,0xaa,0xa9,0xaa,0xa9,0xaa,0xa4,0x23,0xff,0xa0,0x1f,0x8f,0xf0,0x5f,0xfe,0x3f,0xf6,0x2f,0xe9,0x2a,0xa8,0x1a,0xa8,
    0xff,0xff,0xff,0xff,0x7f,0xff,0x87,0xff,0xa8,0xff,0xaa,0x3f,0xaa,0x8f,0xa2,0x8f,0xff,0x7e,0xf5,0x3e,0xd8,0x2a,0x7f,0x1a,
    0x3e,0x8a,0xca,0xa2,0xf2,0xaa,0xc0,0x6a,0x7c,0x00,0x01,0x43,0x85,0x3c,0x84,0xf8,0xa2,0xe8,0xaf,0xa3,0xaa,0x93,0xa5,0x4f,
    0xd6,0xaa,0xdc,0xaa,0x1f,0x6a,0x2d,0x2a,0x64,0x2a,0xd9,0x2a,0xc8,0xbe,0xb5,0xfe,0xaa,0xaa,0xaa,0xaa,0xaa,0xaa,0xaa,0x41,
    0xa8,0xfc,0xa3,0xf3,0xa1,0x55,0xa1,0x6a,0xaa,0x92,0xaa,0x52,0xaa,0x52,0xa5,0x51,0x55,0x54,0x15,0x46,0x55,0x4e,0x95,0x1b,
    0x16,0xa5,0x85,0x51,0x45,0x40,0x50,0x15,0x01,0x55,0xa1,0x55,0xa1,0x55,0x88,0x95,0x52,0x8f,0x45,0x3f,0x00,0xff,0x54,0xff,
    0x54,0xff,0x54,0xff,0x54,0xff,0x58,0xff,0x3e,0x4a,0x7e,0xaa,0xc6,0xa9,0xf4,0x29,0xfc,0xa4,0xf7,0xa3,0xf2,0x8f,0xfc,0x3f,
    0x55,0x4d,0x55,0x37,0x54,0x3b,0x53,0x1f,0x0f,0xcf,0xff,0xcf,0xff,0xf7,0xff,0xf3,0x84,0xaa,0x01,0x2a,0xcc,0x6a,0xcf,0x2a,
    0x47,0x8a,0x23,0x86,0x47,0x81,0xfe,0x3c,0x5a,0x95,0x15,0x45,0x15,0x00,0x40,0x55,0x05,0x55,0x85,0x55,0x91,0x55,0xa1,0x95,
    0x95,0x6e,0x54,0xba,0x52,0xee,0x0b,0x7b,0xee,0xde,0x7b,0xbb,0xde,0xe6,0xbb,0xb4,0xa8,0x80,0xb9,0x3f,0xec,0xcf,0xb3,0xd1,
    0xe3,0xc8,0xb3,0xd1,0xcc,0xff,0x3d,0x2a,0xaa,0x3f,0x1a,0x3f,0xca,0x4f,0xe2,0x4f,0xe2,0x4f,0xe1,0x3f,0x84,0xff,0x03,0xff,
    0xff,0xc0,0xff,0xff,0xff,0xff,0xff,0xff,0xff,0xff,0xff,0xff,0xff,0xff,0x3f,0xff,0x5a,0x95,0x15,0x45,0x15,0x00,0x40,0x55,
    0x05,0x55,0x85,0x55,0x81,0x55,0x84,0x95,0x94,0x06,0x53,0xf1,0x4f,0xfc,0x3d,0x12,0x3c,0xce,0x3d,0x1e,0xcf,0xf8,0xb2,0xa1,
    0x18,0xaa,0x39,0x2a,0xec,0x2a,0x31,0x2a,0x21,0x5a,0x33,0x16,0xcf,0xf1,0x3f,0xfc,0xe4,0x03,0xb7,0x13,0xe0,0x53,0x85,0x53,
    0x15,0x4f,0x55,0x4f,0x55,0x53,0x55,0x68,0xf2,0xfe,0xf2,0xfa,0xf2,0xaa,0xf5,0xaa,0xfc,0xaa,0xfc,0xa9,0xfb,0x15,0xfb,0x00,
    0xa1,0x5a,0x94,0x56,0x94,0x55,0x94,0x55,0x51,0x40,0x40,0x3b,0x2b,0xee,0xff,0xfb,0x13,0x01,0xcf,0xc0,0xff,0xf0,0xff,0xf0,
    0xff,0xf0,0xf3,0xf0,0xcc,0xf0,0xc9,0x34,0xc5,0x40,0xf1,0x55,0xfc,0x55,0xff,0x00,0xff,0xda,0xff,0xc1,0xff,0xca,0xff,0xca,
    0x13,0x01,0xcf,0xc4,0xff,0xc4,0xff,0x14,0xff,0x14,0xff,0x14,0xff,0x15,0xff,0xc5,0xff,0xc5,0xff,0xc1,0xff,0x30,0xff,0x38,
    0xff,0xda,0xff,0xc1,0xff,0xca,0xff,0xca,0xff,0xff,0xff,0xff,0xff,0xff,0xff,0xff,0xff,0xf3,0xd3,0xcc,0x78,0xc9,0x24,0xc5,
    0xf0,0x15,0xfc,0x15,0xfc,0x15,0xfc,0x15,0xfc,0x15,0xfc,0x15,0x3c,0x05,0x41,0x05,0x24,0xc5,0x14,0xf1,0x54,0xf0,0x55,0x0a,
    0x54,0x2a,0x41,0xa9,0xa5,0x01,0x54,0xfc,0x54,0x05,0x55,0x51,0x55,0x51,0x01,0x54,0x54,0x00,0x55,0x20,0x55,0x2a,0x55,0x46,
    0xff,0xff,0xff,0xff,0xff,0xff,0xff,0xff,0xff,0xff,0xd3,0xfd,0x78,0xf6,0x24,0xf3,0xf0,0x15,0xc4,0x15,0xc5,0x15,0x15,0x15,
    0x15,0x15,0x05,0x15,0x45,0x45,0x81,0x45,0x41,0x45,0x4c,0x51,0x4f,0x11,0x4f,0xc4,0x53,0x40,0x55,0x20,0x55,0x2a,0x55,0x46,
    0xca,0x91,0x09,0x51,0x85,0x51,0x71,0x05,0x31,0x55,0xe1,0x55,0xe8,0x15,0xfa,0x80,0x52,0xa5,0x5a,0x55,0x49,0x55,0x45,0x44,
    0x54,0x31,0x55,0x21,0x50,0xa8,0x0d,0xaa,0xff,0xff,0xff,0xff,0xff,0xff,0xff,0xff,0xff,0xff,0xff,0xff,0xff,0xff,0xd0,0x3f,
    0xff,0xff,0xff,0xf2,0xff,0xce,0xff,0x3e,0xfc,0xfe,0xf3,0xfa,0xc3,0xe9,0x13,0xa5,0x2a,0x83,0xa5,0x54,0x95,0x54,0x55,0x55,
    0x55,0x55,0x55,0x55,0x55,0x55,0x55,0x56,0xff,0xff,0xff,0xff,0xff,0xff,0x3f,0xff,0x3f,0xff,0x4f,0xff,0x93,0xff,0x63,0xff,
    0x4a,0x95,0x4a,0x95,0x4a,0x55,0x4a,0x55,0x2a,0x95,0x2a,0x95,0x25,0x65,0x15,0x55,0x55,0x55,0x55,0x56,0x55,0x55,0x55,0x56,
    0x55,0x55,0x55,0x56,0x55,0x55,0x15,0x55,0x94,0xff,0x64,0xff,0x94,0xff,0x54,0xff,0x94,0xff,0x53,0xff,0x53,0xff,0x53,0xff,
    0x15,0x54,0x05,0x54,0x11,0x51,0x14,0x05,0xc9,0x55,0xa2,0x54,0xa8,0x54,0xaa,0x42,0x55,0x55,0x55,0x55,0x50,0x55,0x00,0x15,
    0x00,0x05,0x00,0x05,0x00,0x01,0x00,0x01,0x53,0xff,0x53,0xff,0x54,0xff,0x54,0x7f,0x55,0x0f,0x55,0x33,0x55,0x49,0x5a,0x48,
    0x80,0x00,0x80,0x01,0x80,0x05,0x10,0x05,0x10,0x05,0x10,0x00,0x10,0x05,0x40,0x05,0x19,0x48,0x55,0x43,0x55,0x43,0x55,0x4f,
    0x55,0x0f,0x55,0x0f,0x15,0x03,0x44,0xa8,0x0f,0xff,0xff,0xc1,0xff,0xcc,0xff,0xce,0xff,0xf2,0xff,0xf6,0xff,0xfc,0xff,0xff,
    0x40,0x05,0x00,0x15,0x00,0x15,0x01,0x55,0x55,0x55,0x95,0x54,0x25,0x43,0x40,0x3f,0x40,0x28,0x4a,0x80,0x42,0x8f,0x3c,0x0f,
    0x3f,0xff,0xff,0xff,0xff,0xff,0xff,0xff,0xf2,0x94,0xfc,0xa5,0xff,0x15,0xff,0xc5,0xff,0xc1,0xdf,0xf0,0x73,0xf3,0x30,0xdf,
    0x51,0x54,0x55,0x55,0x05,0x55,0x90,0x15,0x4f,0xc5,0x3f,0xf0,0x3f,0xfc,0xff,0xfd,0x55,0x25,0x54,0x25,0x54,0x39,0x53,0x39,
    0x50,0xba,0x10,0xbe,0x54,0xae,0x44,0x69,0xb2,0x0f,0xe8,0x01,0xa8,0x05,0xaa,0x20,0x29,0xa8,0x29,0xa2,0x0a,0xa6,0xca,0xa6,
    0xcc,0x54,0xfc,0x54,0x15,0x55,0xc5,0x54,0xc5,0x57,0xa1,0x53,0xa8,0x0a,0xaa,0xaa,0xcf,0xfd,0xfc,0x05,0x15,0x54,0xc5,0x14,
    0xc0,0x84,0xa2,0xa2,0xaa,0xaa,0xaa,0xaa,0x30,0x55,0x31,0x15,0xf8,0x15,0xe8,0x45,0xaa,0x05,0xaa,0xa1,0xaa,0xa8,0xaa,0xaa,
    0x00,0xaa,0x54,0x0a,0x54,0x52,0x41,0x50,0x01,0x06,0x00,0x5a,0x55,0x55,0xa9,0x55,0xaa,0xaa,0xaa,0xaa,0x82,0xaa,0x3c,0xaa,
    0xf8,0xaa,0x94,0x6a,0x52,0x80,0x50,0x3f,0xaa,0xaa,0xaa,0xa5,0xaa,0x5a,0xa9,0xaa,0xa6,0xaa,0xa2,0xaa,0x00,0x2a,0xff,0xc0,
    0x95,0x68,0x6a,0x94,0xaa,0xa9,0xaa,0xaa,0xaa,0xaa,0xaa,0x80,0xa0,0x3f,0x0f,0xff,0x31,0x55,0x41,0x55,0x55,0x50,0x55,0x4f,
    0x04,0x29,0xf1,0x55,0xf1,0x55,0xcc,0x55,0x51,0x54,0x55,0x55,0x05,0x55,0x90,0x15,0x4f,0xc5,0x3f,0xf0,0x3f,0xfc,0xcf,0xfc,
    0x30,0x05,0xf2,0x85,0xe8,0x15,0xa8,0x05,0x2a,0x20,0x29,0xa8,0x09,0xa2,0xca,0xa6,0xfc,0x54,0x54,0x54,0x55,0x55,0x15,0x55,
    0xc5,0x54,0xc5,0x57,0xa1,0x53,0xa8,0x0a,0xfd,0x55,0x55,0x55,0x55,0x55,0x15,0x54,0xc5,0x14,0xc0,0x84,0xa2,0xa2,0xaa,0xaa,
    0xff,0xff,0xff,0xfa,0xff,0xa5,0xfe,0x55,0xf9,0x55,0xe6,0x95,0xe7,0xa5,0x9f,0xb5,0xaa,0xab,0x55,0x56,0x5f,0x55,0x7d,0x56,
    0xb5,0x6b,0x9a,0xbf,0x67,0xbf,0x56,0xaa,0xff,0xff,0xbf,0xff,0x6b,0xff,0x56,0xff,0x55,0xbf,0xd5,0x6f,0xd5,0x6f,0x55,0x5b,
    0x9a,0xa5,0x55,0x56,0x55,0xaf,0x6b,0xff,0xbf,0xff,0xbf,0xff,0xff,0xff,0xff,0xff,0x55,0x55,0xaa,0x55,0xff,0xea,0xff,0xff,
    0xff,0xff,0xff,0xff,0xff,0xff,0xff,0xff,0x55,0x5b,0x55,0x56,0x95,0x56,0xea,0x56,0xff,0xa6,0xff,0xfa,0xff,0xfe,0xff,0xfe,
    0xbf,0xff,0xbf,0xff,0xef,0xff,0xef,0xff,0xfb,0xff,0xfe,0xff,0xff,0xaf,0xff,0xfa,0xff,0xff,0xff,0xff,0xff,0xff,0xff,0xff,
    0xe5,0x6f,0xbf,0xfb,0xff,0xf7,0xd5,0x5e,0xff,0xfb,0xff,0xfb,0xff,0xef,0xff,0xef,0xff,0xbf,0xfe,0xff,0xeb,0xff,0xbf,0xff,
    0xff,0xff,0xff,0xfc,0xff,0xc1,0xff,0x15,0xfc,0x45,0xf1,0x51,0xf1,0x54,0xc4,0x55,0xc0,0x00,0x15,0x55,0x57,0xd5,0x5f,0x55,
    0x4d,0x55,0x45,0x55,0x51,0x50,0x55,0x05,0xff,0xff,0x0f,0xff,0x50,0xff,0x55,0x3f,0x55,0x4f,0x45,0x53,0x15,0x53,0x55,0x54,
    0xff,0xff,0xff,0xff,0xfb,0xfe,0xf3,0xa0,0xf0,0x0a,0xf0,0x2a,0xff,0xc3,0xff,0xff,0xfa,0xaa,0xe8,0x02,0x02,0xaa,0xaa,0xaa,
    0xaa,0xab,0xaa,0xaa,0xea,0xab,0xfa,0xaa,0x55,0x40,0x05,0x55,0xa0,0x55,0x2a,0x80,0x4f,0xaa,0x5f,0xfe,0x53,0xff,0x54,0xff,
    0xff,0xff,0x40,0xff,0x55,0x40,0x55,0x55,0x80,0x00,0xaa,0xaa,0xfe,0xaa,0xef,0xef,0xfa,0xaa,0xfa,0x01,0x01,0x5d,0x55,0x57,
    0x01,0x5d,0x85,0x77,0x85,0x5d,0x85,0x77,0x55,0x3f,0x55,0x4b,0x05,0x50,0xf0,0x55,0xff,0x01,0xff,0xfc,0xff,0xff,0xff,0xff,
    0xcf,0xcf,0xcf,0xce,0xef,0xe8,0x00,0x01,0x55,0x54,0x00,0x03,0xff,0xff,0xff,0xff,0xff,0xff,0xff,0xff,0xff,0xff,0x8f,0xff,
    0xf3,0xff,0xf3,0xff,0xfc,0xff,0xfc,0xff,0xff,0x3f,0xff,0x3f,0xfc,0xaf,0xfc,0xcf,0xfc,0xc3,0xff,0xff,0x0f,0xff,0x50,0xff,
    0xff,0xff,0xff,0xff,0xfb,0xfe,0xf3,0xa0,0xf2,0x0a,0xfc,0x00,0xff,0xff,0xff,0xff,0xfa,0xaa,0xe8,0x02,0x02,0xaa,0xaa,0xaa,
    0xaa,0xab,0xaa,0xaa,0x0a,0xab,0xfa,0xaa,0xff,0xda,0xff,0xca,0x03,0x2a,0xa8,0x2a,0xaa,0x4a,0xea,0xa2,0xea,0xa4,0xaa,0xa8,
    0xaa,0x9f,0xaa,0xa3,0xaa,0xa3,0xaa,0xa3,0xaa,0xa3,0xaa,0xa3,0xaa,0xa7,0xaa,0x40,0xaa,0xaa,0xaa,0xaa,0xaa,0xaa,0xaa,0xaa,
    0x2a,0xa0,0xc0,0x0b,0xff,0xff,0xff,0xff,0x8a,0xbe,0x8a,0xaa,0x2a,0xaa,0x2a,0xaa,0x6a,0xaa,0x6a,0xaa,0x6a,0xaa,0x2a,0xaa,
    0x2a,0xaa,0x2a,0xaa,0x8a,0xaa,0x8a,0xa8,0xa2,0xa8,0xa2,0xa6,0xa2,0xa2,0xa0,0x02,0x83,0xff,0xa8,0xff,0xaa,0x3f,0xaa,0x8f,
    0xaa,0x8f,0xaa,0xa7,0xaa,0xa3,0xaa,0xa3,0x2a,0xaa,0x5a,0xaa,0xa1,0xaa,0xaa,0x2a,0xaa,0x8a,0xaa,0xa2,0xaa,0xa8,0xaa,0xa8,
    0xaa,0xaa,0xaa,0xaa,0xaa,0xaa,0xaa,0xaa,0xaa,0xaa,0xaa,0xaa,0xaa,0xa8,0xaa,0xa3,0xaa,0xaa,0xaa,0xaa,0xaa,0xaa,0xaa,0xaa,
    0x00,0x1a,0xaa,0x60,0xeb,0xaa,0xfe,0xea,0xaa,0xa3,0xaa,0xa3,0xaa,0x8f,0xaa,0x8f,0xaa,0x3f,0xa0,0xff,0x0b,0xff,0xa3,0xff,
    0xff,0x6a,0xff,0x2a,0xfd,0xaa,0xfc,0xaa,0xf6,0xaa,0xf2,0xaa,0xf2,0xaa,0xda,0xaa,0xae,0xee,0xbb,0xba,0xae,0xee,0xab,0xba,
    0xaa,0xaa,0xaa,0xaa,0xaa,0xaa,0xaa,0xaa,0xfc,0xbf,0xf6,0xbf,0xf2,0xab,0xda,0xaa,0xca,0xaa,0xca,0xaa,0x6a,0xaa,0x2a,0xaa,
    0xfb,0xba,0xee,0xea,0xaa,0xaa,0xaa,0xaa,0xaa,0xaa,0xaa,0xaa,0xaa,0xaa,0xaa,0xaa,0xa8,0xff,0xa8,0xff,0xaa,0x3f,0xaa,0x3f,
    0xaa,0x3f,0xaa,0x3f,0xaa,0x3f,0xaa,0x3f,0xca,0xaa,0xca,0xaa,0xca,0xaa,0xca,0xaa,0xf6,0xaa,0xf2,0xaa,0xf2,0xaa,0xfd,0xaa,
    0x2a,0xaa,0x2a,0xaa,0xca,0xaa,0xca,0xaa,0xf2,0xaa,0xf2,0xaa,0xfc,0xaa,0xff,0x0a,0xaa,0x3f,0xaa,0x3f,0xa8,0xff,0xa8,0xff,
    0xa7,0xff,0xa3,0xff,0x8f,0xff,0x3f,0xff,0xaa,0xa8,0xaa,0xa3,0xaa,0x8f,0xa8,0x3f,0x83,0xff,0x3f,0xff,0xff,0xff,0xff,0xff,
    0x44,0x43,0x11,0x10,0x84,0x04,0xe5,0x55,0xfd,0x5a,0xba,0xaa,0xaa,0xaa,0xaa,0xaa,0xff,0x6a,0xff,0xca,0xff,0xca,0xff,0xf2,
    0xff,0xfd,0xff,0xff,0xff,0xff,0xff,0xff,0x6a,0xaa,0xaa,0xaa,0xaa,0xa8,0xa9,0xa2,0xa9,0x9a,0xa8,0x6a,0xa8,0xaa,0xaa,0x00,
    0x29,0x6a,0x0a,0xaa,0xa0,0xaa,0xa9,0x2a,0xa9,0x81,0xa9,0x22,0xaa,0x68,0xaa,0x28,0x9a,0xa6,0x9a,0x9a,0xa5,0x6a,0xa6,0xaa,
    0x00,0x1a,0xaa,0x60,0xeb,0xaa,0xfe,0xea,0xff,0x69,0xff,0x28,0xfd,0xa8,0xfc,0xa2,0xf6,0xa2,0xf2,0xa2,0xf2,0xa2,0xda,0xa2,
    0xa8,0xff,0xa8,0xff,0xa9,0x3f,0xaa,0x3f,0xaa,0x3f,0xaa,0x3f,0xaa,0x3f,0xa9,0x3f,0xa8,0xaa,0x02,0xa8,0xaa,0xa9,0xaa,0xaa,
    0xaa,0xaa,0x2a,0xaa,0x81,0xaa,0xaa,0x00,0xaa,0x2a,0xaa,0x2a,0xaa,0x2a,0x09,0xaa,0xa0,0x0a,0xa8,0x9a,0x28,0xa6,0x69,0xa4,
    0x2a,0x9a,0x80,0x6a,0xaa,0xaa,0xaa,0xaa,0xaa,0xaa,0xaa,0x00,0xa8,0xaa,0xaa,0xa9,0xa9,0x3f,0xa4,0x3f,0x80,0xff,0xa8,0xff,
    0xa7,0xff,0x63,0xff,0x8f,0xff,0x3f,0xff,0x00,0x00,0xff,0xf5,0xfd,0x00,0xd0,0x00,0x00,0x00,0x00,0x00,0x1f,0xf3,0xff,0xc3,
    0x01,0x55,0x00,0x14,0x00,0x02,0x00,0x03,0x0a,0x8b,0xaa,0x84,0xf0,0x8f,0xcf,0x2b,0x40,0x01,0x3f,0xf0,0xff,0xfe,0xff,0xff,
    0xcf,0x3f,0x1f,0x40,0xef,0xbf,0x3f,0xe3,0x51,0x55,0x45,0x55,0x15,0x00,0x80,0x00,0x80,0x0a,0x60,0xaf,0xe2,0xbf,0xb2,0xb5,
    0x55,0x55,0x00,0x00,0x00,0x07,0x00,0x00,0x80,0x00,0xe8,0x54,0xfa,0x3f,0x7e,0x4f,0xff,0xcf,0xff,0x3f,0xff,0x1f,0xff,0x00,
    0xff,0x03,0xff,0x30,0xff,0xce,0xff,0xcb,0xff,0x2a,0xff,0x2f,0xf7,0x24,0x03,0x2f,0xcf,0x2f,0x3f,0x8b,0xee,0x8b,0xba,0xa2,
    0xff,0xfa,0x40,0x07,0xc0,0x0c,0x00,0x53,0x05,0x53,0xc0,0x0f,0xff,0xff,0xff,0xff,0xf8,0x9c,0xf8,0xbf,0x78,0xbf,0xf8,0xbc,
    0xf8,0xaf,0xe2,0xab,0xe2,0xae,0x82,0xab,0xff,0x8f,0xff,0xa3,0xff,0xa3,0xf0,0x03,0x1f,0xe3,0xf5,0x43,0xee,0xa3,0xbb,0x8f,
    0xff,0xf2,0xff,0xfc,0xff,0xff,0xff,0xff,0xff,0xff,0xff,0xff,0xff,0xff,0xff,0xfc,0xaa,0xa0,0x6a,0x80,0xc0,0x2a,0xff,0xaa,
    0xfc,0xaa,0xfc,0x2a,0x0c,0x02,0xf2,0xa0,0xaf,0xfa,0x1a,0xa4,0xa0,0x00,0xaa,0xaa,0xaa,0xaa,0xaa,0xaa,0xaa,0xaa,0x00,0x00,
    0x10,0xae,0x80,0x2a,0x2a,0x0a,0xaa,0x80,0xaa,0x8f,0xaa,0x0f,0x00,0xa3,0xaa,0xa3,0xee,0x8f,0xaa,0x3f,0xa0,0xff,0x0f,0xff,
    0xff,0xff,0xff,0xff,0xff,0xff,0xff,0xff,0xff,0xff,0xff,0xff,0xff,0xff,0xff,0xff,0xff,0xf0,0xff,0xc5,0xff,0xc0,0xff,0xff,
    0xff,0xff,0xff,0xff,0xf0,0x00,0x0f,0xfd,0x7f,0xfd,0x57,0x75,0x00,0x15,0xff,0xc1,0xff,0xff,0xff,0xff,0x50,0xff,0x55,0x43,
    0x55,0x54,0x55,0x00,0x00,0x3f,0x00,0x0f,0xff,0xff,0xff,0xff,0xff,0xff,0xff,0xff,0xff,0xff,0xff,0xfc,0xff,0xf3,0xff,0xc7,
    0x3f,0xff,0x53,0xff,0x54,0xff,0x00,0xff,0xff,0xff,0xff,0xff,0x0f,0xff,0x51,0xff,0xff,0x15,0xff,0x00,0xff,0xff,0xff,0xff,
    0xff,0xfd,0xff,0xf0,0xff,0xd0,0xff,0xff,0x54,0x7f,0x55,0x3f,0xf0,0x3f,0x7f,0xff,0x0f,0xff,0x03,0xff,0xff,0xff,0xff,0xff,
    0xff,0xfc,0xff,0xf3,0xff,0xf3,0xff,0xf3,0xff,0xfc,0xff,0xff,0xff,0xff,0xff,0xff,0xff,0xff,0xff,0xff,0xff,0xff,0xfd,0x07,
    0xf7,0xe9,0xf3,0xf8,0xdf,0xf8,0xcf,0xe8,0xff,0xfc,0xff,0xff,0xff,0xff,0xff,0xff,0xff,0xff,0xff,0xfc,0xff,0xf1,0xff,0x45,
    0x05,0x54,0x15,0x55,0xc1,0x55,0xc4,0x55,0x15,0x55,0x55,0x55,0x45,0x55,0x1b,0xe5,0xf4,0x2a,0xff,0xca,0xff,0xf2,0xff,0xfc,
    0xff,0xfc,0xff,0xff,0xff,0xff,0xff,0xff,0x3c,0x55,0x81,0x54,0xa0,0x44,0x05,0x10,0x55,0x44,0x15,0x00,0xc0,0x09,0xff,0xc6,
    0xfc,0x55,0xc1,0x41,0x15,0x28,0x50,0xa8,0x54,0x08,0x14,0x50,0x01,0x49,0x21,0x46,0xff,0xfc,0xff,0xd2,0xfd,0x2a,0xf7,0xfa,
    0xf3,0xe8,0xf2,0xa8,0xfc,0xa3,0xff,0x0f,0xa8,0x19,0xa3,0x15,0x8f,0x15,0x3f,0x29,0xfc,0xfa,0xff,0x00,0xff,0xff,0xff,0xff,
    0xff,0xfb,0xff,0xee,0xff,0xfa,0xff,0xe9,0xff,0xa7,0xee,0x5f,0xb5,0xbf,0xda,0xfd,0xbf,0xff,0x9f,0xff,0x5f,0xff,0xbd,0x0f,
    0xd3,0xe0,0x7f,0xea,0x3f,0xaa,0xbe,0x82,0xff,0xff,0xff,0xfc,0xff,0xc0,0xff,0x25,0xff,0x15,0xff,0xc5,0xff,0xf0,0xff,0xff,
    0x0f,0xfc,0x93,0xff,0x54,0x3f,0x15,0x40,0x55,0x55,0x55,0x55,0x55,0x55,0x01,0x55,0xfc,0x05,0xff,0xf0,0xff,0xfc,0xff,0xfc,
    0xff,0xfc,0xff,0xf4,0xff,0xd9,0xff,0xc6,0x55,0x51,0x15,0x54,0x05,0x54,0x50,0x14,0x05,0x54,0xa0,0x03,0xab,0xde,0xaa,0x9a,
    0xbb,0xff,0xee,0xff,0x9a,0xff,0xe5,0xbf,0xfd,0x6f,0xff,0x5b,0xff,0xda,0xff,0xe9,0xff,0xcf,0xfc,0xbf,0xf2,0xee,0xfa,0x2b,
    0xc8,0xad,0xfa,0xad,0x3e,0xbf,0xfe,0xff,0xfe,0xbf,0xbf,0xff,0xdf,0xff,0x55,0x7f,0x54,0x03,0x55,0xdc,0x57,0x75,0x05,0xd5,
    0xff,0xff,0xff,0xff,0xff,0xff,0xfc,0x3f,0xff,0xcb,0x3f,0xfc,0x4f,0xaf,0x53,0xfe,0xff,0xff,0xff,0xff,0xff,0xff,0xff,0xff,
    0xff,0xff,0xff,0xff,0xbf,0xff,0xef,0xff,0xff,0xff,0xbf,0xff,0xff,0xff,0xff,0xff,0xff,0xff,0xff,0xbf,0xfb,0xef,0xff,0xff,
    0xa1,0x50,0xe1,0x4f,0xe5,0x4f,0xf5,0x4e,0xd1,0x0e,0xdd,0xcf,0xff,0x3f,0xff,0x3f,0xff,0xff,0xff,0xff,0x0f,0xff,0xe3,0xff,
    0xe3,0xff,0x8f,0xfc,0x8f,0xc1,0x3f,0x17,0xff,0xff,0xff,0xff,0xff,0xff,0xff,0xff,0xff,0xff,0x0f,0xff,0xd0,0xff,0x75,0x3f,
    0xfc,0xfb,0xff,0x2e,0xff,0xcb,0xff,0xfc,0xff,0xff,0xff,0xff,0xff,0xff,0xff,0xff,0x3c,0x55,0x3c,0x55,0xff,0x15,0xff,0x05,
    0xfc,0x51,0x3c,0x48,0x00,0x1e,0x15,0x40,0xdd,0x4f,0x55,0x4f,0x55,0x53,0x55,0x53,0x55,0x53,0x14,0x4f,0x01,0x3f,0x55,0x3f,
    0xa8,0x90,0xa0,0xca,0xa0,0x6b,0x8a,0xbf,0x5a,0xff,0x2b,0xfa,0xab,0xa4,0xae,0x82,0x2a,0x02,0xa8,0x08,0xa0,0xa0,0x0f,0x03,
    0xff,0xc7,0xff,0x1d,0xfc,0xd3,0xfc,0x51,0x75,0x5f,0x5f,0xff,0xff,0xff,0xff,0xff,0xff,0xfd,0x7f,0xd7,0xd5,0x7f,0x7f,0xf5,
    0xf1,0x45,0xf4,0x51,0xf4,0x54,0xdc,0x54,0x7c,0x55,0xf4,0x55,0x51,0x57,0xf1,0x5f,0xf0,0x14,0xcf,0xc1,0xcd,0x54,0xf1,0x55,
    0xfc,0x55,0xff,0x05,0xff,0xf0,0xff,0xff,0xd5,0x5f,0x03,0xf4,0x50,0x00,0x54,0x3f,0x43,0xff,0x4f,0xff,0x3f,0xff,0xff,0xff,
    0x45,0x77,0x15,0x5d,0x15,0x55,0xc5,0x55,0xf1,0x55,0xf1,0x57,0xfc,0x3f,0xff,0xc0,0x4f,0xff,0xcf,0xff,0x4f,0xff,0x4f,0xff,
    0x3f,0xff,0xcf,0xff,0xcf,0xff,0x3f,0xff,0xff,0xff,0xff,0xff,0xff,0xff,0xff,0xff,0xff,0xef,0xfe,0xef,0xfe,0xff,0xee,0xfb,
    0xff,0xe0,0xff,0xff,0xff,0xfd,0xff,0xc5,0xfc,0x35,0xc3,0xdd,0x15,0xf5,0x57,0x55,0xf2,0xff,0x2b,0x2f,0xba,0xcb,0xfa,0xbe,
    0x2a,0xaf,0x63,0x3b,0x4b,0xf3,0x4f,0xfe,0xee,0xb3,0xe3,0xbf,0xeb,0xbf,0xc8,0xaf,0xca,0xac,0xf2,0xa8,0xfd,0xeb,0xff,0x7d,
    0xe5,0x50,0xf1,0x4f,0xfd,0x4f,0x35,0x4e,0xfc,0x0e,0xff,0x0f,0xff,0x3f,0xff,0x3f,0x15,0x55,0x55,0x55,0x55,0x54,0x55,0x53,
    0x15,0x0f,0xc5,0x3f,0x45,0x3c,0xf1,0x41,0x54,0xff,0x53,0xff,0x0f,0xff,0xf3,0xff,0xcc,0x3f,0x34,0xcf,0x14,0xcf,0x40,0x4f,
    0x55,0x4f,0x55,0x4f,0x55,0x3f,0x55,0x3f,0x14,0xff,0x14,0xff,0x13,0xff,0xcf,0xff,0x42,0xaa,0xf0,0xaa,0x3c,0x2a,0x0c,0x2a,
    0x40,0x28,0xa4,0x29,0xaa,0xa8,0xaa,0x81,0xa8,0xff,0xa8,0xff,0xaa,0x3f,0x06,0x3f,0xf2,0x3f,0x32,0x3f,0x00,0x3f,0x11,0x00,
    0xaa,0xaa,0xaa,0xaa,0xaa,0xaa,0xaa,0xa8,0xaa,0x81,0xaa,0x21,0xa8,0xa1,0xa2,0x84,0xa8,0x14,0xa0,0x51,0x05,0x11,0x51,0x14,
    0x11,0x15,0x11,0x44,0x14,0x51,0x45,0x12,0x44,0xfa,0x13,0xea,0x0b,0xa8,0x4a,0x83,0x20,0x6f,0x0f,0x2f,0x3f,0x2a,0x3f,0x2a,
    0x02,0x84,0x8a,0x85,0xa2,0xa0,0xc2,0x0f,0xf4,0xff,0xa8,0xff,0xfa,0x3f,0xae,0x83,0xbb,0x84,0xee,0x84,0xba,0xa1,0xea,0xa8,
    0xaa,0xaa,0xaa,0xa6,0xa9,0x99,0x66,0x66,0x45,0x4a,0x51,0x08,0x14,0x24,0x40,0x13,0x15,0x13,0x50,0x4f,0x54,0x4f,0x50,0x3f,
    0x3c,0xaa,0x42,0xaa,0x2a,0x55,0x25,0x55,0xc5,0x40,0xf1,0x15,0xfc,0x2f,0xff,0xc6,0xaa,0xa4,0xaa,0xa9,0xaa,0xa4,0x55,0xa3,
    0x05,0x53,0x50,0x54,0x95,0x14,0xa9,0x44,0xff,0xff,0x3f,0xff,0x0f,0xff,0xd3,0xff,0xcc,0xff,0xf3,0x7f,0xf3,0x3f,0xf7,0x3f,
    0x14,0xc0,0xc3,0xfd,0xff,0xff,0xff,0xff,0xff,0xff,0xff,0xff,0xff,0xff,0xff,0xff,0xc7,0x3f,0xdc,0xff,0x73,0xff,0xff,0xff,
    0xff,0xff,0xff,0xff,0xff,0xff,0xff,0xff,0x4a,0x80,0xf8,0xf9,0x32,0x82,0x09,0x14,0x44,0x45,0x25,0x13,0x11,0x4e,0x11,0x2a,
    0x28,0xff,0x08,0xff,0x91,0x3f,0x40,0x3f,0x3f,0x3f,0xee,0x8f,0xbb,0x87,0xae,0x51,0xaa,0xa8,0xaa,0xa8,0xaa,0xa1,0xaa,0xa0,
    0xaa,0x84,0xaa,0x01,0xa8,0x81,0xa3,0x84,0x54,0x2a,0x14,0x0a,0x15,0x31,0x45,0x3e,0x50,0x3c,0x15,0x4c,0x41,0x41,0x54,0x01,
    0xa9,0xe4,0x9b,0xf9,0xab,0xfe,0xaa,0xff,0xab,0xbf,0x6a,0xef,0x6a,0xbb,0x5a,0xa6,0xc2,0x84,0xaa,0x85,0xaa,0xa0,0x0a,0x0f,
    0xf0,0xff,0xff,0xff,0xff,0xff,0xff,0xff,0xba,0x81,0xea,0xa0,0xaa,0xa1,0xaa,0xa8,0xaa,0xaa,0xaa,0xa6,0xa9,0x99,0x66,0x66,
    0x66,0xa7,0x59,0x99,0x16,0x77,0xc5,0x7d,0xf1,0x9f,0xff,0x27,0xff,0xf3,0xff,0xff,0xff,0xff,0xff,0xbf,0xef,0x7f,0xef,0x4f,
    0xbb,0x30,0xb6,0x3b,0xb6,0x2e,0x99,0x1a,0xee,0x98,0xaa,0x88,0xaa,0x85,0x6a,0x60,0x6a,0x65,0x2a,0x10,0xaa,0x05,0xa9,0x90,
    0x98,0x2a,0x09,0x2a,0x50,0x2a,0x15,0x2a,0x40,0x28,0x15,0x29,0x40,0x68,0x14,0x69,0xa9,0x95,0xa8,0x41,0xa8,0x54,0xa2,0x05,
    0xa1,0x50,0x84,0x05,0x91,0x50,0x28,0x00,0x40,0xaa,0x50,0xaa,0x04,0xaa,0x50,0xaa,0x04,0x6a,0x50,0x2a,0x04,0x2a,0x50,0x2a,
    0xa9,0xab,0xa9,0xaa,0xa2,0xaa,0x8a,0x80,0x80,0x3f,0x8f,0xff,0x3f,0xff,0x3f,0xff,0xaa,0x80,0xaa,0xa6,0xaa,0xa9,0xaa,0xa6,
    0xaa,0xa9,0xaa,0xa6,0xa9,0x99,0x66,0x65,0x01,0x2a,0x55,0x28,0x95,0x24,0x55,0x13,0x55,0x13,0x54,0x4f,0x54,0x4f,0x50,0x3f,
    0x72,0xee,0xf0,0xea,0x3c,0xee,0x3c,0xea,0x70,0xe8,0xb4,0xed,0xba,0xec,0xba,0xed,0xba,0xef,0xba,0xef,0xba,0xef,0xba,0xef,
    0xbb,0xbb,0xbb,0xbb,0xbb,0x77,0xb7,0x7b,0xb7,0xb7,0xb7,0x77,0xbf,0x77,0xbe,0x7b,0x7d,0xbb,0x3d,0x7b,0x3d,0x78,0x3d,0xb8,
    0x80,0x3f,0x01,0x3f,0x54,0x4f,0x55,0x0f,0x54,0x13,0x01,0x43,0x15,0x51,0xc5,0x40,0x7d,0xbc,0x7c,0xbd,0x7d,0xbc,0x3c,0xbc,
    0x3c,0x7c,0x4c,0x7c,0x4e,0x7d,0x4e,0x7d,0xec,0xc4,0xe4,0xd4,0xc5,0xe0,0x82,0xe1,0x42,0xc1,0x10,0xd1,0x24,0x91,0x19,0x91,
    0xce,0x7d,0xce,0x3e,0xe8,0xbf,0xd8,0xaf,0xd8,0x6a,0x58,0x55,0x1a,0x15,0x16,0x80,0x1a,0x0c,0x46,0x0c,0x91,0x8c,0x94,0x88,
    0x54,0x98,0x58,0x54,0x62,0x43,0x09,0x4f,0x16,0xaa,0x85,0x6a,0xa1,0x55,0xa8,0x00,0xa9,0xf3,0x55,0xfc,0x80,0x03,0xff,0xff,
    0xa5,0x4f,0x55,0x3f,0x50,0xff,0x03,0xff,0xfc,0xff,0x03,0xff,0xff,0xff,0xff,0xff,0xee,0x80,0xaa,0x90,0xaa,0xa0,0x6a,0xa4,
    0x6a,0xaa,0x2a,0xaa,0xaa,0xaa,0xaa,0xaa,0x02,0xaa,0x00,0xaa,0x00,0x2a,0x00,0x2a,0x40,0x28,0xa4,0x28,0xaa,0xa8,0xaa,0xa9,
    0xa8,0xff,0xa8,0xff,0xaa,0x3f,0x06,0x3f,0x02,0x3f,0x02,0x3f,0x0a,0x0f,0x6a,0x20,0xff,0xca,0xff,0xcb,0xc0,0xb3,0x3f,0xc2,
    0x2f,0xa2,0xc8,0x02,0xd7,0x54,0x7f,0xf5,0xff,0xfd,0xff,0xfd,0xff,0xf6,0xff,0xf6,0xff,0xf1,0xff,0xfc,0xff,0xfc,0xff,0xff,
    0xff,0xfd,0xff,0xd5,0xff,0x55,0xfe,0x55,0x69,0x55,0x55,0x54,0x55,0x54,0x15,0x50,0x2a,0xaa,0x40,0x0a,0x4a,0xa0,0x40,0x50,
    0x11,0x45,0x51,0x46,0x45,0x16,0x05,0x15,0xc0,0x01,0xfc,0x05,0xff,0x14,0xff,0xc1,0xff,0xc5,0xff,0x21,0xfc,0xa8,0xfc,0xaa,
    0x55,0x55,0x55,0x55,0x55,0x54,0x01,0x52,0x54,0x0a,0x00,0xca,0x53,0xf0,0x53,0xff,0x3f,0xff,0x3f,0xff,0x8f,0xff,0x8f,0xff,
    0x8f,0xff,0x3f,0xff,0x3f,0xff,0xff,0xff,0x2a,0xaa,0x40,0x0a,0x4a,0xa0,0x40,0xaa,0x11,0x40,0x51,0x55,0x45,0x55,0x05,0x55,
    0xaa,0x0b,0x80,0x2a,0x2a,0xaa,0x0a,0xaa,0x4a,0xaa,0x52,0xa8,0x54,0x0a,0x54,0xa8,0xe0,0x3f,0xfe,0x8f,0xaa,0x8f,0xa0,0x3f,
    0x00,0xff,0x0f,0xff,0x3f,0xff,0xff,0xff,0x00,0x15,0x40,0x00,0x55,0x40,0x55,0x05,0x44,0x5f,0x11,0x7f,0x11,0xff,0x06,0xfe,
    0x42,0xa8,0x00,0x23,0x15,0x0b,0xa9,0x4f,0xf5,0x53,0xe5,0x53,0x95,0x44,0x55,0x44,0xc6,0xf9,0xc6,0xa5,0xc5,0xa5,0x01,0x55,
    0x81,0x55,0x80,0x55,0x13,0x15,0x52,0x80,0x55,0x44,0x55,0x44,0x55,0x53,0x55,0x53,0x55,0x4f,0x55,0x3f,0x50,0xff,0x0f,0xff,
    0xee,0xaa,0xbb,0xaa,0x2e,0xaa,0x2a,0xaa,0xca,0xaa,0xc2,0xa0,0x82,0xa8,0xaa,0xa8,0xa8,0xaa,0xaa,0xaa,0xaa,0xa8,0xa0,0xa8,
    0x0f,0xa3,0xbf,0xa3,0x3e,0x8f,0x3a,0x80,0xf2,0xa8,0xf2,0xa0,0xf2,0x80,0xfc,0x02,0xff,0x0a,0xff,0xc0,0xff,0xc5,0xff,0x3d,
    0xff,0x05,0xff,0x20,0xfc,0xa8,0x3c,0xa8,0x33,0xa3,0x43,0xe3,0x43,0xa3,0x42,0xa3,0xff,0x35,0xff,0x15,0xff,0xc0,0xff,0xff,
    0xff,0xff,0xff,0xff,0xff,0xff,0xff,0xff,0x3c,0xa3,0x3c,0xa3,0xf0,0x24,0xc5,0x44,0xc5,0x54,0x3f,0x54,0x15,0x53,0xc0,0x0f,
    0xfc,0xa0,0xff,0x4f,0xff,0x2a,0xfc,0xaa,0xfc,0xaa,0xf1,0x6a,0xf1,0x56,0xf1,0x55,0xfe,0x01,0xff,0xe4,0xff,0xfa,0xaf,0xfa,
    0xaa,0xaa,0xaa,0xaa,0xaa,0xa9,0x5a,0xa6,0xaa,0xaa,0x05,0xaa,0x40,0x05,0xa4,0x00,0xa9,0x14,0xa6,0x45,0x99,0x45,0x55,0x51,
    0xaa,0x95,0xa9,0x55,0x55,0x55,0x55,0x55,0x15,0x55,0x05,0x50,0x45,0x55,0x45,0x55,0xf1,0x55,0xfc,0x55,0xfc,0x55,0xff,0x15,
    0xff,0xc1,0xff,0xfc,0xff,0xff,0xff,0xff,0x55,0x59,0x55,0x55,0x55,0x55,0x55,0x55,0x55,0x55,0x05,0x55,0xf0,0x15,0xff,0xc0,
    0x55,0x51,0x51,0x45,0x54,0x15,0x55,0x54,0x55,0x51,0x55,0x4b,0x54,0x2a,0x02,0xaa,0x45,0x55,0x16,0xd5,0x1b,0x96,0x6f,0x99,
    0xbe,0xa6,0xea,0xaa,0xaa,0xba,0xab,0xfa,0xff,0xff,0xff,0xf0,0xff,0xcf,0xff,0x3f,0xfc,0xff,0xfc,0xff,0xf3,0xff,0xf3,0xff,
    0x00,0xff,0xff,0x0f,0xff,0xf3,0xff,0xfc,0xff,0xf8,0xff,0xa9,0xfe,0xa5,0xfa,0x95,0xf3,0xff,0xcf,0xff,0xcf,0xff,0xcf,0xff,
    0xcf,0xfe,0xcf,0xfe,0x3f,0xfe,0x3f,0xfa,0xea,0x54,0xe9,0x54,0xa9,0x53,0xa5,0x53,0xa5,0x4f,0xa5,0x4f,0x95,0x3f,0x95,0x0f,
    0x2f,0xfa,0x2f,0xaa,0x2a,0xaa,0x2a,0xa9,0x2a,0xa9,0x2a,0xa5,0xca,0xa5,0xca,0xa5,0x95,0x30,0x54,0x4d,0x54,0xf0,0x54,0x08,
    0x54,0xa8,0x54,0xaa,0x54,0xaa,0x55,0x2a,0xca,0x95,0xf2,0x95,0xf2,0x55,0xf1,0x55,0xfc,0x55,0xfc,0x55,0xff,0x15,0xff,0xc5,
    0x55,0x2a,0x55,0x2a,0x55,0x4a,0x55,0x45,0x55,0x51,0x55,0x54,0x55,0x55,0x55,0x55,0xff,0xf1,0xff,0xfc,0xff,0xff,0xff,0xff,
    0xff,0xff,0xff,0xff,0xff,0xff,0xff,0xff,0x55,0x55,0x55,0x55,0x15,0x55,0xc1,0x55,0xfc,0x15,0xff,0xc0,0xff,0xff,0xff,0xff,
    0x55,0x55,0x55,0x55,0x55,0x55,0x55,0x55,0x55,0x54,0x55,0x42,0x00,0x1a,0xff,0x4e,0xfc,0xaa,0xff,0x2a,0xff,0x2a,0xff,0xc5,
    0xff,0xf1,0xff,0xfc,0xff,0xff,0xff,0xd0,0xff,0xff,0xff,0xff,0xff,0xf4,0xff,0xde,0xff,0x7a,0xfd,0xfa,0xfc,0xea,0xf7,0xea,
    0xf0,0xab,0x4a,0xa8,0xaa,0x82,0xa9,0xaa,0x9a,0xaa,0xaa,0xa9,0xaa,0x95,0xa9,0x54,0xf3,0xaa,0xdf,0xaa,0xcf,0xa9,0xca,0xa5,
    0xf2,0xa5,0xf2,0x95,0xfc,0x14,0xff,0xc3,0x95,0x43,0x54,0x3f,0x53,0xff,0x4f,0xff,0x3f,0xff,0x3f,0xff,0xff,0xff,0xff,0xff,
    0xff,0xff,0xff,0xff,0xff,0xff,0xff,0xff,0xff,0xf4,0xff,0xca,0xff,0x2a,0xfc,0xaa,0xd2,0xaa,0x24,0x2a,0xaa,0xa5,0xaa,0x95,
    0xaa,0xaa,0x2a,0x2a,0x4a,0xaa,0x81,0xaa,0xaa,0xa8,0x96,0xaa,0x6a,0xaa,0xaa,0xaa,0xaa,0xaa,0x8a,0x2a,0xa0,0xa9,0xaa,0xa5,
    0xff,0xff,0xff,0xfd,0xff,0xf2,0xff,0xf1,0xff,0xf0,0xff,0xf1,0xff,0xc5,0xff,0xc6,0xd3,0xff,0x28,0x3f,0x55,0x40,0x15,0x55,
    0x55,0x55,0x55,0x55,0x95,0x55,0x65,0x00,0xff,0xff,0x43,0xff,0xa4,0x7f,0x90,0xd0,0x53,0x94,0x57,0x55,0x55,0x50,0x55,0x45,
    0x90,0xf1,0x5c,0xc5,0x8f,0x95,0x8f,0x50,0x93,0x51,0x95,0x54,0x95,0x55,0x99,0x55,0x54,0x5a,0x41,0x6a,0x31,0xa8,0x76,0xa1,
    0x56,0x07,0x00,0x5f,0x55,0x6e,0x55,0x7d,0xfd,0xd7,0xe5,0xd3,0x57,0xe3,0xff,0xf3,0xff,0x98,0x7d,0x48,0x75,0x13,0xf4,0x0f,
    0xa6,0x66,0xa9,0x99,0xa6,0x65,0x29,0x95,0x6a,0x50,0xca,0x4f,0xf0,0x3f,0xff,0xff,0xff,0xff,0xff,0xaa,0xfa,0xaa,0xea,0xaa,
    0xea,0xa9,0xe9,0xaa,0xf6,0x6a,0xff,0xff,0xff,0xff,0xab,0xff,0xaa,0xff,0xa6,0xff,0x99,0xff,0x67,0xff,0xbf,0xff,0xbf,0xff,
    0xff,0xff,0xff,0xff,0xff,0xff,0xfe,0xaf,0xfa,0xab,0xfa,0xa7,0xaa,0x9b,0xfa,0x67,0xfa,0xab,0xea,0xab,0xe9,0x9b,0xe6,0x6f,
    0xf9,0xbf,0xff,0xff,0xff,0xff,0xff,0xff,0xff,0xff,0xff,0xff,0xfa,0xbe,0xea,0x9a,0xea,0x66,0xf9,0x9a,0xfe,0xab,0xff,0xff,
    0xfe,0xff,0xea,0xff,0xaa,0xff,0xaa,0x7f,0xa9,0xbf,0xa6,0x7f,0xd9,0xff,0xff,0xff,0xfe,0xff,0xff,0xef,0xfb,0xbb,0xee,0xee,
    0xfb,0xbb,0xfe,0xee,0xbb,0xbb,0xfe,0xff,0xfb,0xff,0xee,0xef,0xbb,0xbe,0xee,0xef,0xbb,0xbf,0xef,0xfb,0xfe,0xff,0xff,0xff,
    0x54,0x5a,0x41,0x6a,0x31,0xa8,0x75,0xa1,0x56,0x07,0x00,0x5f,0x55,0x6e,0x55,0x7d,0xfe,0xff,0xff,0xfb,0xef,0xbf,0xfe,0xee,
    0xff,0xbb,0xfe,0xef,0xff,0xbb,0xfe,0xef,0xfb,0xbb,0xbe,0xee,0xfb,0xbf,0xee,0xef,0xfb,0xbe,0xef,0xfb,0xff,0xbf,0xff,0xff,
    0xef,0xff,0xfe,0xff,0xbb,0xfb,0xfe,0xee,0xfb,0xbb,0xee,0xee,0xff,0xbf,0xfb,0xff,0xff,0xff,0xff,0xff,0xfb,0xfe,0xee,0xff,
    0xbb,0xbf,0xef,0xfb,0xbb,0xbf,0xfe,0xff,0xff,0xf7,0xff,0xf2,0xff,0xfc,0xff,0xfc,0xff,0xfc,0xff,0xf2,0xff,0xf2,0xff,0xfc,
    0xea,0xaa,0x35,0x55,0xf4,0x01,0xf0,0x00,0x1a,0xaa,0xaa,0xaa,0xaa,0xaa,0xaa,0x55,0x99,0x55,0x55,0x55,0x50,0x05,0x00,0x0c,
    0x94,0x1f,0xa9,0x3f,0x95,0x50,0x55,0x55,0x55,0x55,0x55,0x55,0x55,0x55,0x15,0x45,0x01,0x51,0x00,0x51,0x40,0x55,0x50,0x15,
    0x55,0x55,0x15,0x55,0x26,0x65,0x19,0x99,0x2a,0xa5,0x1a,0x99,0xca,0xa6,0xc6,0xa9,0x55,0x55,0x55,0x55,0x55,0x55,0x55,0x55,
    0x55,0x55,0x55,0x55,0x55,0x55,0x55,0x55,0xff,0xfb,0xfe,0xee,0xfb,0xbb,0x00,0xee,0xaa,0x3f,0x5a,0x4f,0xa9,0x03,0xaa,0xa8,
    0xbb,0xff,0xee,0xff,0xbb,0xff,0x2e,0xff,0x3b,0xff,0x4f,0xff,0x4f,0xff,0x3f,0xff,0xa9,0x95,0x95,0x55,0x50,0x05,0x00,0xfc,
    0x04,0xf7,0x1d,0x0d,0x37,0x7b,0x1d,0xee,0x55,0x55,0x59,0x95,0x77,0x65,0xdd,0xd9,0x77,0x75,0xee,0xd9,0xbb,0x75,0xee,0xd9,
    0xff,0xef,0xff,0xbb,0xff,0xef,0xff,0xfb,0xff,0xee,0xfb,0xbb,0x2e,0xef,0x4f,0xbb,0x07,0x7b,0x01,0xdd,0x00,0x07,0x50,0x0f,
    0xaa,0x95,0xaa,0xa9,0x6a,0xa5,0x55,0x55,0xbb,0x75,0xdd,0xdd,0x77,0x77,0xd9,0xdd,0xc7,0x77,0x55,0xdd,0x55,0x66,0x55,0x55,
    0xc2,0xaa,0xf2,0xaf,0xfc,0xbe,0xff,0x0f,0xff,0x12,0xff,0x24,0xfb,0x85,0xee,0xe0,0x99,0x55,0x66,0x65,0x99,0x95,0x42,0x65,
    0x11,0x55,0x51,0x50,0x45,0x40,0x55,0x40,0xfb,0xbf,0xee,0xef,0xfb,0xbf,0xef,0xff,0xbb,0xfb,0xee,0xee,0xfb,0xbb,0xfe,0xee,
    0x55,0x50,0x15,0x54,0x45,0x6f,0x50,0xf5,0x0f,0x05,0xff,0xf0,0xff,0xff,0xff,0xff,0x00,0x30,0x00,0xc8,0x53,0x36,0xd6,0xdb,
    0x7b,0x2e,0x01,0xfb,0xff,0xfe,0xff,0xff,0xc7,0xff,0x3b,0xff,0xee,0xff,0xbb,0xbf,0xee,0xff,0xbb,0xff,0xef,0xff,0xff,0xff,
    0xfb,0xbb,0xee,0xae,0xbb,0xa9,0xfe,0xe6,0xff,0xbb,0xff,0xee,0xff,0xff,0x3f,0xff,0xbb,0xbf,0xaa,0xef,0x9a,0xbb,0x66,0x6e,
    0x99,0xab,0xe6,0x6e,0xbb,0xbb,0xee,0xee,0xee,0xff,0xbb,0xbf,0xe6,0xef,0x99,0xbb,0xe6,0xef,0xb9,0xbb,0xee,0xef,0xfb,0xbf,
    0x55,0x55,0x55,0x55,0x55,0x66,0x55,0xdd,0x07,0x77,0x1d,0xee,0x37,0xbb,0x1e,0xee,0x55,0x11,0x54,0x44,0x55,0x11,0x99,0x84,
    0x67,0x51,0xdd,0xc5,0xbb,0x71,0xed,0xd5,0x07,0xbb,0x01,0xee,0xc3,0x7b,0xc0,0xee,0xc1,0x79,0x55,0x55,0x55,0x55,0x55,0x55,
    0xbb,0xb5,0xee,0xdc,0x7b,0x70,0x5d,0xc4,0x57,0x51,0x65,0x52,0x99,0x91,0x66,0x45,0x00,0x00,0x00,0x00,0x40,0x07,0x95,0x07,
    0x65,0x5f,0x00,0xff,0xff,0xff,0xff,0xff,0xc7,0xee,0x3b,0xbb,0xee,0xee,0xb9,0x9b,0xee,0x6e,0xfb,0xbb,0xff,0xff,0xff,0xff,
    0xff,0xfb,0xfe,0xee,0xfb,0xba,0xfe,0xa6,0xfb,0x99,0xfe,0xe6,0xff,0xbb,0xff,0xfe,0xbf,0xc5,0xef,0xf0,0xbb,0xff,0x6e,0xff,
    0x9b,0xff,0x6e,0xff,0xbb,0xff,0xff,0xff,0xff,0xff,0xfb,0xbf,0xee,0xef,0xbb,0xbb,0xfe,0xef,0xff,0xbb,0xfe,0xef,0xfb,0xbf,
    0xa9,0x23,0xa5,0x13,0x55,0x4f,0x51,0x1b,0x45,0x26,0x70,0x9b,0x7c,0x6e,0x93,0xbb,0xfc,0x69,0xf2,0xa6,0xca,0x8a,0xca,0x1a,
    0xc8,0x2a,0xc0,0x66,0x2a,0x99,0x5a,0xaa,0xaa,0x5a,0xa8,0xee,0xa3,0xba,0xa2,0x56,0xa8,0x01,0x69,0x10,0xaa,0x45,0xa6,0xa0,
    0xaa,0xaa,0xaa,0xaa,0xaa,0x9a,0xaa,0xa6,0x56,0xa2,0x01,0x46,0x50,0x55,0x01,0x55,0x19,0xa9,0x42,0xa8,0x50,0x01,0x54,0x05,
    0x55,0x55,0x15,0x55,0xf0,0x15,0x00,0x00,0xa9,0x23,0xa5,0x13,0x55,0x4f,0x51,0x3f,0x45,0x3f,0x44,0xff,0x50,0xff,0x93,0xff,
    0xff,0xff,0xff,0xff,0xff,0xff,0xff,0xff,0xff,0xff,0xff,0xff,0xff,0xff,0xff,0xf4,0xff,0xff,0xff,0xff,0xff,0xff,0xff,0xff,
    0xff,0xfd,0xff,0xfc,0xff,0x0c,0x3c,0xa4,0xff,0xff,0xff,0xff,0xff,0xff,0xfd,0x3f,0xf7,0xcf,0xf3,0xcc,0xdf,0x82,0xcf,0xa2,
    0xff,0xca,0xff,0x2a,0xf4,0xac,0xca,0xf1,0x2b,0x16,0xb1,0x5a,0xc1,0x6a,0x04,0x5a,0x8c,0x93,0xa0,0x0d,0x28,0xe5,0x54,0x24,
    0xaa,0x83,0xa9,0x3f,0xa3,0xfe,0x8f,0xaa,0x60,0x29,0x8a,0x85,0x3a,0xa1,0xf8,0x61,0xa8,0x18,0xa8,0x08,0xa9,0x08,0xaa,0xa8,
    0xcf,0xa4,0xcf,0xa8,0xce,0xa9,0xce,0xa9,0xf2,0xa9,0xf2,0xa5,0xf6,0xa9,0xcd,0x0a,0x11,0x15,0x00,0x03,0x00,0x3f,0x4f,0xfa,
    0x4a,0xaa,0x4a,0xaa,0x2a,0xaa,0xaa,0x83,0x3e,0xaa,0xfa,0xaa,0xaa,0xa9,0xaa,0x90,0xa8,0x05,0x83,0x15,0x1f,0x00,0x1d,0xaa,
    0xaa,0xa8,0xaa,0x81,0x00,0x11,0x55,0xa8,0x6a,0xa8,0x64,0x18,0x0a,0xa1,0xaa,0xa1,0xcf,0xaa,0xcf,0xa8,0xce,0xa1,0xc6,0xa0,
    0xf1,0x55,0xfc,0x15,0xff,0xc0,0xff,0xc4,0xa8,0x24,0x02,0xaa,0x5a,0xaa,0x6a,0xaa,0xaa,0x50,0x55,0x0f,0x00,0x07,0x00,0x01,
    0x02,0xaa,0xaa,0xaa,0xaa,0xaf,0x95,0x7f,0x40,0x07,0xc0,0x01,0x40,0x14,0x00,0x55,0xaa,0xa4,0xaa,0xa5,0xea,0x94,0xfe,0x91,
    0xfe,0x45,0x79,0x45,0x15,0x14,0x40,0x11,0x51,0xa5,0x06,0x95,0x16,0x55,0x55,0x55,0x51,0x55,0x45,0x54,0x15,0x54,0x55,0x50,
    0xff,0xc4,0xff,0xf1,0xff,0xf1,0xff,0xfc,0xff,0xfc,0xff,0xf0,0xff,0xcb,0xff,0xc6,0x00,0x00,0x00,0x00,0x80,0x05,0x25,0x69,
    0x00,0x00,0xa0,0x04,0xfa,0x41,0xe9,0x54,0x05,0x55,0x55,0x40,0x50,0x00,0x00,0x00,0x00,0x00,0x0b,0xfc,0x1f,0xfc,0x3f,0xfc,
    0x00,0x01,0x00,0x54,0x05,0xaa,0x16,0xfe,0x1b,0xfe,0x6b,0xfa,0x5a,0xa9,0x00,0x05,0x55,0x55,0x15,0x55,0x45,0x55,0x85,0x45,
    0x91,0x15,0x50,0x44,0x50,0x10,0x40,0x0f,0xff,0xff,0xff,0xff,0xff,0xff,0xff,0xff,0xff,0xff,0xf4,0x3f,0xdf,0xcf,0xcd,0x8f,
    0xff,0xff,0xff,0xff,0xff,0xfd,0xff,0xfc,0xff,0xfc,0xff,0xfc,0xff,0x0c,0x3c,0x03,0xff,0xff,0x43,0xfc,0xfc,0x03,0xd6,0xa0,
    0xda,0xaa,0xda,0xaa,0xda,0xaa,0xda,0xaa,0x3d,0x8f,0xf6,0x93,0xda,0xa4,0x6a,0xaa,0xaa,0xaa,0xaa,0xaa,0xaa,0xaa,0xa8,0x2a,
    0xff,0xd3,0xf4,0x3c,0x0f,0xf6,0xbf,0x5a,0x95,0xaa,0xaa,0xaa,0xaa,0xaa,0xaa,0xaa,0xff,0xff,0xff,0xff,0x7f,0xff,0x3f,0xff,
    0x3f,0xff,0x3f,0xff,0x3f,0xff,0x3f,0xff,0x8c,0xfd,0xa0,0xe5,0x28,0xa6,0x54,0x24,0xaa,0x83,0xa9,0x3f,0xa3,0xfe,0x8f,0xaa,
    0x4f,0xff,0x63,0xff,0xa8,0xff,0x90,0xff,0x4e,0x3f,0x3a,0x3f,0x28,0xff,0x23,0xff,0xa8,0x24,0x02,0xaa,0x5a,0xaa,0x6a,0xaa,
    0xaa,0x50,0x55,0x0f,0x00,0x07,0x01,0x51,0x02,0xaa,0xaa,0xaa,0xaa,0xaf,0x95,0x7f,0x40,0x07,0xc0,0x01,0x45,0x50,0x15,0x55,
    0xff,0xf1,0xff,0xff,0xff,0xff,0xff,0xfc,0xff,0xfc,0xff,0xf0,0xff,0xcb,0xff,0xc6,0x55,0x54,0x00,0x05,0x19,0x00,0x6f,0x84,
    0x02,0x51,0xa0,0x04,0xfa,0x41,0xe9,0x54,0x55,0x55,0x55,0x54,0x00,0x00,0x00,0x00,0x00,0x00,0x0b,0xfc,0x3f,0xfc,0x3f,0xfc,
    0xaa,0x90,0xa9,0x01,0x04,0x41,0xa0,0x41,0x08,0x80,0xa9,0x20,0x91,0x2a,0x64,0x42,0x55,0x01,0x55,0x45,0x55,0x45,0x51,0x24,
    0x4c,0xa0,0x06,0x82,0xaa,0x2a,0xa0,0xfa,0x0d,0x55,0xff,0xff,0x3f,0xff,0x3f,0xff,0x17,0xff,0x4d,0x55,0x4f,0xff,0x93,0xff,
    0xff,0xff,0xff,0xff,0xff,0xff,0xff,0xff,0xff,0xff,0xf0,0x0f,0xce,0x90,0xce,0x7f,0xff,0xff,0xff,0xff,0xff,0xff,0xff,0xff,
    0xff,0xff,0xff,0xd0,0x00,0x2a,0xa9,0xaa,0xff,0x03,0xfc,0xf4,0xf3,0xe1,0xf3,0x81,0xce,0x40,0x4e,0x00,0x39,0x00,0x28,0x06,
    0xff,0xff,0xff,0xff,0x3f,0xff,0x3f,0xff,0x3f,0xff,0x4f,0xff,0x4f,0xff,0x00,0xfc,0xca,0x4a,0xf2,0x51,0xf1,0x94,0xfc,0x64,
    0xff,0x14,0xff,0xc3,0xff,0xf3,0xff,0x40,0xf8,0xaa,0xa8,0xaa,0x12,0xaa,0xee,0xea,0xfb,0xaa,0xfe,0xaa,0xfb,0xaa,0x06,0xaa,
    0xa9,0xaa,0xaa,0xaa,0xaa,0xaa,0xaa,0x9a,0xaf,0x76,0xbf,0x7d,0x6e,0x7f,0x6a,0x3f,0x85,0x02,0xaa,0x45,0xa8,0x11,0xaa,0xa4,
    0xaa,0xa8,0xaa,0x81,0xa8,0x24,0xaa,0xa8,0xd0,0xdf,0x2f,0xdf,0x6a,0x9b,0xc1,0x6a,0xfc,0x0a,0xff,0xf0,0xff,0xfc,0xff,0xfc,
    0x7d,0xaa,0xde,0x2a,0xdb,0x6a,0x9a,0x4a,0x6a,0x4a,0x29,0x6a,0xc1,0xaa,0xfb,0xaa,0xaa,0x0d,0x9a,0x32,0xa6,0x06,0xa9,0x1a,
    0xaa,0x6a,0xaa,0xaa,0xaa,0xa8,0xaa,0xa4,0xaa,0xa8,0xaa,0xa4,0xa9,0x41,0xa4,0x15,0x81,0x15,0x1d,0x15,0x4f,0x45,0x53,0xc5,
    0xff,0xff,0xff,0xff,0xff,0xff,0xff,0xfc,0xff,0xc2,0xff,0x2a,0xfc,0xaa,0xf6,0xaa,0x3e,0xea,0x3f,0xaa,0x0f,0xea,0xa2,0xda,
    0x08,0x2a,0xa9,0x05,0x91,0x50,0x64,0x53,0xaa,0xa1,0xaa,0x91,0x86,0x45,0xa9,0x14,0x94,0x52,0x41,0x0a,0x00,0xeb,0x54,0xfe,
    0x50,0xc5,0x45,0x15,0x25,0x66,0xa9,0x99,0x2a,0x66,0x82,0x99,0xa0,0xa4,0x95,0x01,0xca,0x4a,0xf2,0x51,0xf1,0x94,0xfc,0x64,
    0xff,0x14,0xf6,0xc3,0xdf,0xf3,0xff,0x50,0xd4,0x7d,0x7f,0x9f,0x66,0x9b,0x90,0xa6,0x7f,0x4e,0xee,0xf5,0xfd,0xfc,0xff,0x5c,
    0xdd,0xaa,0x76,0x2a,0x99,0x1a,0x9e,0x4a,0xae,0x4a,0x39,0x6a,0xc1,0xaa,0xfb,0xaa,0xa6,0x85,0xa6,0xaa,0xaa,0xaa,0xaa,0xaa,
    0x6a,0xaa,0xaa,0xa9,0xaa,0xa1,0xaa,0x92,0xaa,0x46,0xa4,0x1a,0x01,0xaa,0xaa,0xaa,0xaa,0x4a,0xa7,0xc0,0x93,0xc5,0x04,0xc5,
    0xff,0xff,0xff,0xff,0xff,0xff,0xff,0xff,0xff,0xf4,0xff,0x47,0xf4,0x6e,0x42,0xbb,0xff,0xff,0xff,0xd0,0xf4,0x3f,0x4a,0xff,
    0xaa,0xbf,0xac,0xaa,0xe0,0xaa,0xa1,0xaa,0xff,0xff,0x01,0xff,0xfa,0x07,0xfe,0xa8,0xea,0xaa,0xb2,0xaa,0x82,0xaa,0x86,0xaa,
    0xff,0xff,0xff,0xff,0xff,0xff,0x3f,0xff,0x87,0xff,0xa0,0xff,0xa9,0x0f,0xa6,0xa0,0xfc,0x04,0xf1,0x42,0xf0,0x18,0xc9,0x50,
    0xc5,0x0f,0xf0,0x4f,0xca,0x4a,0xc5,0x52,0x0a,0xee,0x27,0xbb,0x9e,0xee,0x1e,0xba,0x0b,0xea,0xf1,0xaa,0xaf,0x1a,0xaa,0xaa,
    0xea,0xaa,0xaa,0xaa,0xa9,0x01,0xaa,0x01,0xaa,0x02,0xaa,0x86,0xaa,0xaa,0xaa,0xaa,0xaa,0xaa,0xaa,0xaa,0xaa,0xaa,0xaa,0xaa,
    0xaa,0xaa,0xaa,0xaa,0xaa,0xa4,0xaa,0xaa,0xa8,0x2a,0x9a,0x80,0xa2,0xaa,0xa8,0x2a,0xa0,0x10,0x4f,0xc5,0xfe,0x85,0xaa,0x25,
    0x80,0xff,0x95,0x3f,0x00,0x3f,0x69,0x4f,0x55,0x4f,0x01,0x4f,0xa4,0x3f,0x54,0xff,0xf1,0x52,0xfc,0x00,0xff,0xf1,0xff,0xf2,
    0xff,0xca,0xff,0xca,0xff,0xca,0xff,0xca,0xaa,0xaa,0xaa,0xaa,0x6a,0xaa,0xaa,0xaa,0xaa,0xaa,0xaa,0xaa,0xaa,0xaa,0xaa,0xaa,
    0xaa,0xaa,0xaa,0xaa,0xaa,0xaa,0xaa,0xaa,0xaa,0xaa,0xaa,0xaa,0xa4,0x2a,0x4f,0xd2,0xaa,0x21,0xa8,0x44,0xa5,0x59,0xaa,0x66,
    0xaa,0x99,0xaa,0x66,0xaa,0x99,0xaa,0x66,0x53,0xff,0x0f,0xff,0x3f,0xff,0x3f,0xff,0x8f,0xff,0x4f,0xff,0x8f,0xff,0x4f,0xff,
    0x8f,0xff,0x4f,0xff,0x90,0x3f,0x61,0x8f,0x91,0x4f,0x61,0x8f,0x91,0x4f,0x61,0x3f,0x91,0x3f,0x44,0xff,0x84,0xff,0x13,0xff,
    0x0f,0xff,0x7f,0xff,0xff,0xff,0xff,0xff,0xff,0x0f,0xfc,0x51,0xfc,0x14,0xf2,0x42,0xf0,0x18,0xca,0x42,0xc5,0x5a,0xc5,0x58,
    0xf4,0x6e,0x82,0xbb,0x0a,0xee,0x27,0xbb,0x9e,0xee,0x1b,0xba,0x2e,0xe8,0xbb,0x83,0xc0,0xff,0x19,0x3f,0x80,0x1f,0x1a,0x4f,
    0x55,0x4f,0x01,0x4f,0x68,0x3f,0x55,0x3f,0xf1,0x54,0xfc,0x02,0xff,0xf2,0xff,0xf3,0xff,0xca,0xff,0xca,0xff,0xca,0xff,0xca,
    0x54,0xff,0x50,0xff,0x43,0xff,0x3f,0xff,0x3f,0xff,0x3f,0xff,0x8f,0xff,0x4f,0xff,0xff,0xff,0xff,0xff,0xff,0xff,0xff,0xd0,
    0xf4,0x3f,0x4a,0xff,0xaa,0xbf,0xaa,0xaa,0xff,0xff,0xff,0xff,0xff,0xff,0x01,0xff,0xfa,0x07,0xfe,0xa8,0xea,0xaa,0xaa,0xaa,
    0xe0,0xaa,0xaa,0xaa,0xea,0xaa,0xaa,0xaa,0xa8,0xa8,0xaa,0x02,0x2a,0xaa,0x8a,0x5a,0x82,0xaa,0xaa,0xaa,0xaa,0xaa,0xaa,0xaa,
    0xaa,0xaa,0xaa,0xaa,0xa0,0xaa,0x8f,0x0a,0xff,0xff,0xff,0xff,0xff,0xff,0xff,0xfc,0xff,0xc2,0xff,0x2a,0xfc,0xaa,0xfc,0xa8,
    0xff,0xff,0xff,0xff,0xff,0xff,0xff,0xff,0xff,0xff,0x0f,0xff,0xa0,0xff,0x0a,0x03,0xf2,0xa0,0xf2,0xa8,0x00,0xaa,0xa0,0x2a,
    0xa8,0x02,0xa8,0x80,0x22,0x0a,0x80,0x8e,0x88,0x2a,0x22,0x82,0x02,0xa8,0xa8,0x2a,0xbe,0x82,0xab,0xa2,0x0a,0xa8,0xe0,0xa8,
    0xa0,0xaa,0xaa,0xaa,0x2a,0xa0,0x00,0x00,0xa0,0x0a,0xa0,0xae,0x88,0x0a,0x22,0x33,0x3f,0xff,0x3f,0xff,0xff,0xff,0xff,0xff,
    0x3f,0xff,0x8f,0xff,0x8f,0xff,0xa3,0xff,0xa8,0x2e,0xaa,0xba,0x2a,0xa8,0x82,0x80,0x20,0x3e,0x88,0xba,0x00,0xa8,0x2a,0x23,
    0x0a,0x0a,0x2e,0x80,0x3a,0x0a,0x28,0xfa,0x03,0xea,0x2a,0xa8,0xaa,0x82,0xa8,0x2a,0xf8,0x2a,0xa8,0x20,0x08,0x0b,0xa0,0x3e,
    0x80,0xaa,0x02,0xaa,0x0a,0xa0,0x2a,0x85,0x08,0x82,0x02,0x0c,0x80,0x80,0xa8,0x02,0xaa,0x08,0xaa,0x82,0x2a,0x88,0x42,0x22,
    0xa3,0xff,0xa3,0xff,0x23,0xff,0x08,0xff,0x28,0xff,0x28,0xff,0xa3,0xff,0xa3,0xff,0xff,0x22,0xff,0xc2,0xff,0xca,0xff,0xca,
    0xff,0xca,0xff,0xf2,0xff,0xf2,0xff,0xfc,0x00,0xb8,0xf8,0x28,0xea,0x80,0xaa,0xaa,0x0a,0xaa,0x00,0xaa,0x28,0x00,0x02,0xa2,
    0xa0,0x15,0x8a,0x15,0x2a,0x85,0xaa,0x05,0xa8,0xa1,0x02,0xa8,0x28,0xa8,0x2a,0x01,0xa0,0x88,0xaa,0x02,0xaa,0xa0,0x0a,0xe8,
    0xa0,0xa8,0xa8,0x00,0x80,0x05,0x01,0x55,0x8a,0xaa,0x20,0xaa,0x2a,0x02,0xaa,0xa8,0x02,0x80,0x14,0x3f,0x53,0xff,0x0f,0xff,
    0x02,0x20,0xa8,0x83,0xa8,0x3f,0x03,0xff,0xff,0xff,0xff,0xff,0xff,0xff,0xff,0xff,0xc5,0x50,0xf0,0x0f,0xff,0xff,0xff,0xff,
    0xff,0xff,0xff,0xff,0xff,0xff,0xff,0xff,0xa8,0x2e,0xaa,0xba,0x2a,0xa8,0x82,0x80,0x20,0x00,0x88,0x00,0x00,0x00,0x2a,0x00,
    0x00,0x00,0x00,0x00,0x00,0x00,0x00,0x00,0x00,0x00,0x00,0x00,0x00,0x00,0x00,0x00,0x00,0x2a,0x00,0x20,0x00,0x0f,0x00,0xbe,
    0x02,0xa0,0x0a,0x85,0x2a,0x1f,0x2a,0x3d,0x55,0x55,0x55,0x54,0x55,0x52,0x40,0x42,0x3f,0x14,0xff,0x14,0xff,0x6a,0x54,0xa9,
    0xff,0xff,0xff,0xfc,0xff,0xfc,0xff,0xc1,0xfc,0x3f,0xf6,0xff,0xf2,0xd5,0xda,0x7a,0x00,0xc5,0xac,0xf0,0x5e,0x3e,0xff,0x3e,
    0xff,0x8a,0xea,0xa0,0xaa,0xaa,0x5a,0xaa,0x42,0x81,0x2a,0xaa,0xaa,0xaa,0x2a,0xa4,0xa5,0x00,0x00,0x05,0x80,0x55,0x01,0x55,
    0xaa,0xaa,0xaa,0xaa,0xa0,0x2a,0x0f,0x41,0x03,0x0a,0x51,0x29,0x54,0x25,0x54,0xa0,0x65,0x6a,0x99,0x1a,0x65,0x44,0x98,0x10,
    0x63,0xc8,0x53,0xf2,0x54,0xf2,0x10,0x04,0xca,0x7e,0xca,0xaa,0xc6,0xaa,0x7d,0xaa,0x3e,0xaa,0x2a,0xaa,0xc2,0xaa,0xfc,0x2a,
    0xa6,0xa8,0xa9,0xa4,0xaa,0x01,0xaa,0xa1,0xaa,0xa8,0xaa,0xa5,0xaa,0xa7,0xa5,0x67,0x86,0x95,0x85,0x55,0x21,0x54,0x4b,0x02,
    0x20,0xaa,0x29,0x00,0xc7,0xff,0xf0,0x3f,0x52,0x8f,0x4a,0x3f,0x2a,0x03,0xa0,0x54,0x05,0x54,0x7f,0x94,0xff,0xf8,0xff,0xff,
    0xc3,0xf2,0xc8,0xfd,0x6a,0x3d,0x2a,0xa6,0xaa,0xaa,0xaa,0xab,0xaa,0xaf,0x2a,0xbf,0xff,0xc2,0xff,0xfc,0xff,0xff,0xff,0xff,
    0xff,0xff,0xff,0xff,0xff,0xff,0xff,0xff,0x9f,0xd9,0x1f,0xc3,0xc1,0xc3,0xfd,0x00,0xff,0xf3,0xff,0xd3,0xff,0x60,0xfc,0xa0,
    0x03,0xc0,0x8c,0x65,0xcc,0xb9,0x01,0x65,0xf1,0x55,0x00,0x54,0xa0,0x0a,0xa2,0xaa,0x7f,0xff,0x40,0x0f,0x53,0xcf,0x58,0x3f,
    0x08,0xff,0xaa,0x3f,0xa8,0x3f,0x92,0x8f,0xa0,0x00,0xaa,0xaa,0x62,0xaf,0x4a,0xff,0x0b,0xff,0x4f,0xff,0xcf,0xff,0xf3,0xff,
    0x15,0x4f,0xaa,0x8f,0xff,0x8f,0xff,0xf3,0xff,0xfc,0xff,0xfc,0xff,0xfc,0x43,0xff,0x9f,0xd9,0x1f,0xc3,0xc1,0xc3,0xfd,0x0c,
    0xff,0xf2,0xff,0xd3,0xff,0x43,0xfc,0xa3,0x01,0x00,0x86,0x54,0xcb,0x96,0x06,0x56,0x15,0x50,0x15,0x40,0x05,0x0c,0x20,0x82,
    0xf3,0xff,0xcf,0xff,0x0f,0xff,0x80,0xff,0x92,0x3f,0x90,0x8f,0x94,0x8f,0x4a,0x0f,0x8a,0xa9,0x0a,0xa0,0x21,0x42,0x28,0x2f,
    0x03,0xff,0x3f,0xff,0x8f,0xff,0xa3,0xfe,0x1b,0x30,0x2b,0x2c,0x29,0x78,0x28,0xee,0xc3,0xb2,0xfe,0xe2,0xfb,0xb8,0xee,0xec,
    0xa0,0x00,0xaa,0xaa,0x6a,0xaf,0x8a,0xff,0x8b,0xff,0x2f,0xff,0x3f,0xff,0xff,0xff,0xaa,0x68,0xa9,0xa8,0xaa,0xa3,0xaa,0x83,
    0x28,0x33,0x03,0xd0,0xff,0x42,0xfc,0x8a,0x1d,0x00,0xf6,0x54,0x0b,0x96,0x46,0x56,0x15,0x50,0x15,0x40,0x05,0x0c,0x20,0x82,
    0x0a,0xa9,0xca,0xa0,0xf1,0x42,0xfc,0x2f,0x3f,0xff,0x3f,0xff,0x8f,0xff,0xa3,0xfe,0x1b,0x20,0x0b,0xcc,0x82,0xc8,0xfc,0x2e,
    0xfb,0xb2,0xfe,0xe2,0xfb,0xb8,0xee,0xec,0x15,0x4f,0xaa,0x8f,0xff,0x8f,0xff,0xf3,0xff,0xfc,0xff,0xfc,0xff,0xfc,0x03,0xff,
    0xaa,0x68,0xa9,0xa9,0xaa,0xa3,0xaa,0x83,0x28,0x33,0x03,0xf3,0xff,0x43,0xfc,0xa3,0x52,0x8f,0x4a,0x4f,0x2a,0x0f,0xa0,0x53,
    0x05,0x54,0x7f,0x94,0xff,0xf8,0xff,0xff,0xff,0xf4,0xff,0xf3,0xff,0xdf,0xff,0x7f,0xfd,0xfd,0xfd,0xc1,0xff,0x40,0xff,0x10,
    0xc5,0x50,0x05,0x51,0xf4,0x54,0xd5,0x15,0x55,0x55,0x55,0x15,0x55,0x15,0x54,0x54,0x43,0x00,0x3f,0xfd,0xff,0xff,0xff,0xff,
    0xff,0xff,0xff,0xff,0xff,0xff,0xff,0xff,0xff,0xf4,0xff,0xfc,0xff,0x54,0xfd,0xff,0xf7,0xfd,0xf7,0x05,0xf1,0x01,0xf1,0x01,
    0xc5,0x50,0x4d,0x51,0x35,0x54,0xd5,0x55,0x55,0x55,0x55,0x55,0x55,0x05,0x50,0xd0,0xf1,0x41,0xfc,0x54,0xff,0xc3,0xff,0xff,
    0xff,0xff,0xff,0xff,0xff,0xff,0xff,0xff,0x4f,0xff,0xd3,0xff,0x4f,0xff,0x3f,0xff,0xff,0xff,0xff,0xff,0x07,0xff,0x7c,0x03,
    0x40,0xa4,0x32,0x58,0xc9,0xa9,0x06,0xa9,0x52,0x94,0x09,0x63,0x56,0x0f,0x00,0xff,0xc5,0x00,0xc3,0xd5,0x3f,0xd5,0xff,0x55,
    0x7d,0x55,0x55,0x55,0x55,0x55,0x55,0x55,0x3f,0xff,0x43,0xf4,0x54,0x0d,0x50,0x55,0x55,0x54,0x55,0x53,0x55,0x50,0x55,0x55,
    0x45,0x51,0x4d,0x51,0x35,0x54,0xd5,0x55,0x55,0x55,0x55,0x05,0x54,0x55,0x53,0x00,0x55,0x55,0x51,0x54,0x05,0x50,0x55,0x55,
    0x54,0x05,0x55,0x10,0x50,0x54,0x1a,0x55,0xff,0xff,0xff,0xfc,0xff,0xfc,0xff,0xf1,0xff,0xc7,0xff,0x10,0xff,0x10,0xff,0xc4,
    0x41,0x55,0x7d,0x55,0xf5,0x55,0xf5,0x55,0xd5,0x54,0x75,0x54,0x1d,0x54,0x05,0x50,0x41,0x1c,0x14,0xff,0xc3,0xff,0xff,0xff,
    0xff,0xff,0xff,0xff,0xff,0xff,0xff,0xff,0xff,0xff,0xff,0xff,0xff,0xff,0xff,0xff,0xff,0xff,0xff,0xc3,0xff,0xc8,0xff,0xc8,
    0xff,0xca,0xff,0xca,0xff,0xf2,0xff,0xf1,0xff,0xf1,0xff,0xfc,0xff,0xfc,0xff,0xfc,0x0c,0x50,0x0c,0x51,0x8c,0x45,0x84,0x15,
    0x04,0x54,0x04,0x54,0x41,0x53,0x51,0x51,0xff,0xff,0xff,0x03,0xc1,0xd4,0x35,0x43,0x54,0x3f,0x53,0xff,0x0f,0xfc,0xff,0xf2,
    0xff,0xff,0xff,0xff,0xff,0xff,0xff,0xff,0xff,0xff,0x0f,0xff,0xa3,0xff,0x8f,0xff,0x54,0x45,0x54,0x45,0x10,0x45,0x11,0x14,
    0xc1,0x14,0xc1,0x11,0xc1,0x55,0xc5,0x50,0x0f,0xca,0x50,0x2a,0x55,0x48,0x00,0x01,0xc1,0x4a,0x15,0x18,0x50,0x40,0x05,0x56,
    0x8f,0xff,0x3f,0xff,0x00,0x7f,0xaa,0x3f,0xa1,0xff,0x3f,0xff,0x00,0xff,0xaa,0x3f,0xff,0xff,0xff,0xff,0xff,0xff,0xff,0xf0,
    0xff,0x1f,0xfd,0x57,0xfc,0x40,0xfc,0x40,0xf3,0x55,0xcd,0x55,0x3d,0x55,0xf5,0x55,0xd5,0x54,0xd5,0x50,0x75,0x42,0x15,0x4c,
    0x4c,0x40,0x01,0x55,0x55,0x54,0x95,0x43,0x24,0x3f,0x25,0x3f,0x65,0x3f,0xa5,0x3f,0x55,0x50,0x54,0x0f,0x03,0xff,0xff,0xff,
    0xff,0xff,0xff,0xff,0xff,0xff,0xff,0xff,0x00,0x7f,0xff,0xff,0xff,0xff,0xff,0xff,0xff,0xff,0xff,0xff,0xff,0xff,0xff,0xff,
    0xff,0x50,0xff,0x14,0xff,0xc5,0xff,0xfc,0xff,0xff,0xff,0xff,0xff,0xff,0xff,0xff,0x05,0x3c,0x05,0x7f,0x54,0xff,0x03,0xff,
    0xff,0xff,0xff,0xff,0xff,0xff,0xff,0xff,0xff,0xf2,0xff,0xf0,0xff,0xfc,0xff,0xf7,0xff,0xf0,0xff,0xca,0xff,0x2a,0xfd,0xa4,
    0x2f,0x6a,0xff,0x60,0xff,0x00,0xff,0xcc,0x7f,0xf0,0x87,0xfe,0xa9,0xff,0x68,0xff,0xfd,0x90,0xfc,0x90,0xfd,0xa4,0xff,0x2a,
    0xff,0xd2,0xfd,0x7c,0xf7,0xc3,0xf3,0xfc,0x1a,0x7f,0x0a,0x3f,0x2a,0x3f,0xa8,0xff,0x87,0xff,0x3f,0xff,0xcf,0xff,0x03,0xff,
    0xff,0xff,0xff,0xff,0xff,0xff,0x7f,0xff,0xc7,0xff,0xfc,0x7f,0xff,0xcf,0xff,0xf3,0xff,0xfd,0xbb,0xfc,0xef,0xff,0xbf,0xff,
    0xff,0xf1,0xff,0xcf,0xbf,0xcf,0xef,0xf7,0xff,0xff,0xff,0xff,0xff,0xff,0xff,0xff,0x5f,0xff,0xa5,0xff,0xae,0x3f,0xbb,0x8f,
    0xdf,0xff,0xcf,0xfe,0xcf,0xff,0xcf,0xff,0xcf,0xff,0xf3,0xc3,0xfc,0x3c,0xff,0xff,0xff,0xff,0xff,0xff,0xff,0xff,0x03,0xff,
    0xfd,0x00,0xff,0xff,0xf0,0x3f,0x4f,0xc0,0xee,0xcf,0xbb,0xf3,0xff,0xf3,0xff,0xf3,0xff,0x0f,0xfc,0xff,0xfc,0xff,0x33,0xff,
    0xf0,0xfc,0xff,0xf3,0xff,0xdf,0xff,0x3f,0xfd,0xff,0xfc,0xff,0xfd,0xff,0xff,0x41,0xbb,0xba,0xee,0xee,0xff,0xfb,0xff,0xff,
    0xdf,0xff,0xdf,0xff,0xf7,0xff,0xf3,0xff,0x83,0xff,0x8f,0xff,0x8f,0xff,0xf7,0xff,0xf3,0xff,0xfd,0xff,0xfc,0xff,0xfc,0xff,
    0x03,0xdf,0xff,0xf3,0xff,0xfd,0xff,0xff,0xff,0xff,0xff,0xff,0xff,0xff,0xff,0xff,0xff,0xff,0xff,0xff,0x3f,0xff,0xcf,0xff,
    0xdf,0xfc,0xf3,0xc7,0xfc,0x3f,0xff,0xff,0xc4,0x3f,0xcf,0xcf,0x3f,0xf0,0x3f,0xff,0xff,0xff,0xff,0xff,0xff,0xff,0xff,0xff,
    0x2f,0xef,0xff,0x6f,0xff,0x6a,0xff,0xca,0xff,0xf1,0x0f,0xfe,0xa3,0xff,0xa8,0xff,0xa9,0xaa,0xa8,0xea,0xa8,0xfe,0xa2,0xff,
    0x0b,0xff,0xaf,0xfa,0xff,0xfe,0xff,0xff,0xff,0xff,0xff,0xff,0xff,0xff,0xff,0xff,0xff,0xff,0x3f,0xfc,0x3f,0xf3,0x8f,0xcf,
    0x00,0xff,0xff,0x0f,0xff,0xcf,0xff,0xf3,0xff,0xf3,0xff,0xb3,0xfe,0xe3,0xbb,0x8f,0xcf,0xcf,0x8f,0x3b,0xa3,0x2e,0xa8,0xbb,
    0xa8,0xaa,0xa8,0xaa,0xa2,0xaa,0xa2,0xaa,0xaa,0xaa,0xaa,0xab,0xaa,0xaf,0xaa,0xff,0xae,0xff,0xbb,0xfe,0xc2,0xaa,0x02,0xaa,
    0xff,0x3f,0xff,0x3f,0xff,0x8f,0xfe,0x8f,0xea,0x8f,0xaa,0x8f,0xaa,0x3f,0xa8,0x3f,0x03,0xff,0xff,0xff,0xff,0xff,0xff,0xff,
    0xff,0xff,0x03,0xff,0xbc,0x3f,0xee,0xcf,0xbb,0xcf,0xee,0xcf,0xbb,0x3f,0xee,0x3f,0xb8,0xff,0xf3,0xff,0x0f,0xff,0xff,0xff,
    0xf4,0x02,0xff,0xfc,0xff,0xff,0xff,0xf4,0xf4,0x0a,0xca,0xaa,0xf3,0xe4,0xfc,0xb1,0xff,0xff,0xff,0xff,0x1f,0xff,0xe0,0x7f,
    0xbf,0xc7,0x6f,0xfd,0x95,0xfc,0xef,0xc7,0xff,0x0e,0xff,0xf0,0xff,0xff,0xff,0xff,0xff,0xff,0xff,0xff,0xff,0xff,0xff,0xff,
    0xd3,0x57,0xbc,0x01,0x00,0xc3,0xff,0x00,0xff,0xff,0xff,0xff,0xff,0xff,0xff,0xff,0xcf,0xe5,0xcf,0xea,0xce,0xea,0x3b,0xa8,
    0x40,0x07,0xff,0xff,0xff,0xff,0xff,0xff,0xbb,0x98,0xe0,0xde,0xb0,0xb7,0xae,0xfd,0x47,0xff,0xfd,0x00,0xff,0xff,0xff,0xff,
    0x3b,0x3f,0x2f,0x7f,0xfc,0xff,0x47,0xff,0x9f,0xff,0x7f,0xff,0xff,0xff,0xff,0xff,0xd0,0x3f,0x3f,0xc3,0xfe,0xec,0xfb,0xbb,
    0xee,0xee,0xfb,0xbb,0xee,0xee,0xbb,0xbb,0x03,0xff,0xfc,0x3f,0xff,0xcf,0xff,0xcf,0xff,0xf3,0xff,0xf3,0xee,0xf3,0xbb,0xb3,
    0xcf,0xcf,0x8f,0x3b,0x8f,0x2e,0xa3,0xbb,0xa8,0xaa,0xa8,0xaa,0xa2,0xaa,0xa2,0xaa,0xee,0xcf,0xbb,0x8f,0xee,0xcf,0xab,0x8f,
    0xaa,0x3f,0xaa,0x3f,0xaa,0x3f,0xaa,0x3f,0xff,0x3f,0xff,0x3f,0xff,0xcf,0xff,0xcf,0xaa,0x8f,0xaa,0x8f,0xaa,0x3f,0xa8,0x3f,
    0x83,0xff,0x3f,0xff,0xff,0xff,0xff,0xff,0xff,0xff,0x00,0x3f,0xbf,0xcf,0xee,0xcf,0xf4,0x02,0xff,0xfc,0xff,0xff,0xff,0x40,
    0xf0,0xaa,0xca,0xaa,0xf3,0xe4,0xfc,0x31,0xff,0xde,0xff,0xf3,0xff,0xfd,0xff,0xff,0xff,0xff,0xff,0xff,0xff,0xff,0xff,0xff,
    0xd3,0x43,0xb3,0x00,0x00,0x50,0xff,0x17,0xff,0xc0,0xff,0xff,0xff,0xff,0xff,0xff,0x4f,0xe5,0xcf,0xea,0xce,0xea,0x2b,0xa8,
    0x00,0x07,0xff,0xff,0xff,0xff,0xff,0xff,0xbb,0x98,0xe0,0xde,0xb0,0xb7,0xbf,0xfd,0x7f,0x40,0xd0,0x7f,0xff,0xff,0xff,0xff,
    0x1b,0xf7,0x0f,0xcf,0xff,0xdf,0x70,0x7f,0x1f,0xff,0xff,0xff,0xff,0xff,0xff,0xff,0xff,0xff,0xff,0xff,0xff,0xff,0xff,0xff,
    0xfd,0x1f,0xf7,0x67,0xdf,0xa3,0xcd,0xa3,0x7d,0xa9,0x3d,0xa8,0x3e,0xa8,0xf6,0xa2,0xf6,0x88,0xf6,0x22,0xf4,0x88,0xf6,0x23,
    0xff,0xff,0xff,0xff,0xff,0xff,0xff,0xff,0xf4,0x00,0x0f,0xff,0xff,0xfd,0xff,0x56,0xff,0xff,0xff,0xff,0xff,0xff,0xff,0xff,
    0x1f,0xff,0xe5,0xff,0x58,0x7f,0x20,0x3f,0xff,0xff,0xff,0xff,0xff,0xff,0xff,0xff,0xff,0xff,0xff,0xfc,0xff,0xf3,0xff,0xcf,
    0xff,0xf3,0xff,0x07,0xfc,0xa0,0xf7,0xbb,0xc3,0xee,0x3c,0xf9,0xfc,0xfd,0xfd,0x37,0xd5,0xa8,0x6a,0xa2,0xa8,0x88,0x22,0x20,
    0x88,0x80,0x22,0x03,0x08,0x0f,0x20,0x0f,0x80,0x7f,0x01,0xff,0x07,0xff,0x3f,0xff,0xff,0xff,0xff,0xff,0xff,0xff,0xff,0xff,
    0xff,0x2d,0xff,0xca,0xff,0xf2,0xff,0xfd,0xff,0xff,0xff,0xff,0xff,0xff,0xff,0xff,0x80,0x3f,0x00,0x3f,0x80,0x3f,0x64,0x3f,
    0x90,0x1f,0x02,0x0f,0x08,0x0f,0x22,0x07,0xbe,0x88,0x8f,0xe2,0xa3,0xf0,0x88,0x06,0x8a,0xff,0x8b,0xff,0x00,0x3f,0xff,0xd0,
    0x88,0x83,0x22,0x03,0x88,0x81,0xaa,0x20,0x6a,0x88,0xf6,0xa2,0xff,0xd8,0x0f,0xfd,0xfc,0xd8,0xfc,0xda,0xfc,0xea,0xfc,0x68,
    0xfc,0x63,0xff,0x0f,0xff,0xff,0xff,0xff,0xf4,0x14,0xff,0xff,0xff,0xff,0xff,0xff,0xff,0xff,0xff,0xff,0xff,0xff,0xff,0xff,
    0xf0,0x0f,0x0f,0xbe,0xfe,0xbe,0x96,0xaa,0x7f,0xea,0xe0,0x1a,0x8f,0xce,0x30,0xf3,0xf0,0xfb,0xff,0xfb,0xcf,0xfb,0x3f,0xfb,
    0x8f,0xce,0xe0,0x3a,0xff,0xea,0xfb,0xba,0xf0,0x0f,0x0f,0xbe,0xfe,0xbe,0x96,0xaa,0x7f,0xea,0xe0,0x1a,0x85,0x4e,0x1f,0x43,
    0x5f,0x43,0x55,0x03,0x74,0x03,0x10,0x03,0x80,0x0e,0xe0,0x3a,0xff,0xea,0xfb,0xba,0xff,0xff,0xff,0xf0,0xff,0xcf,0xff,0x3d,
    0xff,0x3d,0xfc,0xf5,0xfc,0xf5,0xf3,0xf5,0xff,0xff,0x15,0x6f,0x45,0x55,0x11,0x57,0x11,0x5f,0x44,0x57,0x44,0x55,0x51,0x17,
    0xff,0xdf,0xff,0xff,0xff,0x7d,0xfd,0x75,0xfd,0x55,0xf5,0x55,0xf0,0x03,0xcf,0xff,0xff,0xff,0xff,0xff,0xf7,0xff,0x57,0xff,
    0x55,0x54,0x00,0x00,0xf4,0xe0,0xf2,0xfd,0xf3,0xc1,0xcf,0x3c,0xcf,0x38,0x3c,0xfa,0x1c,0xfa,0x43,0xfa,0x3f,0x55,0xfd,0xfe,
    0x51,0x45,0x54,0x45,0x54,0x51,0x15,0x11,0x15,0x14,0x81,0x44,0xa8,0x40,0xaa,0x0f,0x5b,0xff,0xff,0xff,0x7f,0xff,0x7f,0xff,
    0x5f,0xff,0x0f,0xff,0xf0,0xff,0xe8,0x00,0xff,0xff,0xff,0xff,0xff,0xff,0xff,0xff,0xff,0xff,0xff,0xff,0xff,0xff,0x7f,0xff,
    0xc0,0x7f,0xff,0xc3,0xff,0x50,0x55,0x40,0x55,0x11,0x50,0x45,0x05,0x15,0x50,0x55,0xff,0xc1,0xfe,0xa8,0xaa,0xa8,0xaa,0x81,
    0x40,0x01,0xa0,0x43,0xa0,0x43,0x84,0x53,0x45,0x5d,0x15,0x7f,0x55,0x7d,0x5f,0x7f,0xdf,0xff,0xff,0xff,0xff,0xff,0xff,0xff,
    0xff,0xff,0xff,0xfd,0xfd,0xdd,0xff,0xd5,0xff,0x75,0xff,0x55,0xff,0xd4,0xff,0xd4,0x4f,0x3a,0x4f,0x36,0x3f,0x36,0x3d,0x39,
    0x3c,0xea,0xfc,0xa0,0xfc,0x05,0xf5,0x54,0xff,0xf4,0xff,0xf4,0xff,0xfc,0xff,0xff,0xff,0xff,0xff,0xff,0xff,0xff,0xff,0xff,
    0x50,0x0d,0x0f,0xcd,0xff,0xf0,0xff,0xff,0xff,0xff,0xff,0xff,0xff,0xff,0xff,0xff,0x00,0x55,0x05,0x01,0xfd,0x54,0xd5,0x55,
    0xff,0xf5,0xff,0x55,0xff,0xff,0xff,0xff,0x55,0xf1,0x55,0x7c,0x05,0x5c,0x50,0x17,0x55,0x40,0x57,0xff,0xff,0xff,0xff,0xff,
    0xf0,0x00,0x83,0xfd,0x3f,0xf5,0xff,0xd5,0x55,0x50,0xff,0xfc,0xff,0x1f,0xfc,0x47,0xf1,0x37,0xc4,0xf7,0x03,0xd7,0x0f,0x5d,
    0x01,0x74,0x55,0x51,0x00,0x04,0x40,0x01,0xff,0xc7,0xff,0xca,0xff,0xc2,0xff,0xc2,0xff,0x3a,0xfd,0xfa,0xfc,0xea,0xfc,0xaa,
    0xff,0xff,0xff,0xff,0xff,0xfc,0xff,0xf7,0xff,0xc7,0xff,0x73,0xff,0x7c,0xff,0xd2,0xfc,0x9a,0xd3,0x20,0x7c,0xca,0x78,0x30,
    0x23,0x8e,0x8f,0x89,0x3c,0x85,0x87,0x84,0xff,0xf3,0xff,0xf7,0xff,0xfc,0xff,0xff,0xff,0xff,0xff,0xff,0xff,0xff,0xff,0xff,
    0xfc,0x9a,0xff,0x20,0xff,0xca,0xff,0xf0,0xff,0xce,0xff,0xc9,0xff,0x15,0xc3,0x14,0xff,0xc3,0xff,0x38,0xf0,0xde,0xcf,0x3a,
    0xc7,0xc2,0xf0,0xe2,0xff,0xaf,0xff,0x3f,0x3c,0xc2,0xdc,0xf2,0x38,0xf2,0x28,0xca,0xa8,0x28,0xf3,0x88,0xcd,0xc0,0x8f,0xc1,
    0xff,0x3f,0xff,0x2f,0xff,0xc2,0xff,0xfc,0xff,0xff,0xff,0xff,0xff,0xfc,0xff,0xf1,0xff,0x00,0xf8,0xaa,0xa0,0xaa,0x0a,0x00,
    0xc6,0xa1,0xf0,0xaa,0xff,0x2a,0x3c,0x0a,0x00,0x00,0x00,0x00,0x80,0x02,0x8f,0x2a,0x35,0xca,0x35,0xc8,0x8f,0x23,0x4f,0x23,
    0x0f,0xff,0x8f,0xff,0xa3,0xff,0xa3,0xff,0x03,0xff,0xf3,0xff,0x5c,0x0f,0x5c,0x50,0xa8,0xa5,0x00,0x81,0xa8,0x3c,0xa8,0xd7,
    0x00,0xd7,0x50,0x3c,0x4f,0xc2,0x4f,0xff,0x4a,0x0f,0x2a,0xab,0xaa,0xaa,0xea,0xa8,0xea,0xab,0x2a,0xa8,0x82,0xa1,0xe8,0x0c,
    0xf1,0x55,0x0e,0x55,0x02,0x55,0xfc,0x55,0xd7,0x15,0xd7,0x15,0x3c,0x01,0x40,0xf8,0xfc,0xab,0xff,0x2a,0xff,0xca,0xff,0xf0,
    0xff,0xfe,0x3f,0xff,0x3f,0xfe,0x3f,0xf0,0x13,0xe8,0xca,0xa0,0xaa,0x85,0xa8,0x10,0x00,0x0f,0xa8,0xff,0xaa,0x3f,0x0a,0x3f,
    0x53,0xff,0x4f,0xff,0x3f,0xff,0xff,0xff,0xff,0xff,0xff,0xff,0xff,0xff,0xff,0xff,0xff,0xc6,0xee,0x1d,0xb8,0x65,0xa8,0x15,
    0x00,0xa9,0xf3,0xe8,0xcf,0xe3,0xcb,0xa8,0x52,0x3f,0x54,0x3f,0x54,0xff,0x54,0xff,0x43,0xff,0x3f,0xff,0xff,0xff,0xff,0xff,
    0xfa,0xa8,0xaa,0xa8,0xaa,0xaa,0xaa,0xaa,0xaa,0x2a,0xa0,0xaa,0xaa,0x8a,0xaa,0x29,0xa9,0x55,0xfe,0x55,0xfe,0x55,0xf8,0x15,
    0xa3,0xc4,0x53,0xf0,0x52,0xf2,0x50,0xa3,0x3f,0xff,0x4f,0xff,0x4f,0xff,0x0f,0xff,0xb3,0xff,0xf3,0xff,0xf0,0xff,0xe3,0x3f,
    0x4e,0x02,0x3f,0x88,0x3f,0x88,0x0e,0x2c,0xa0,0x02,0xa8,0x2a,0xaa,0x0a,0x0a,0x30,0x8f,0x3f,0x3f,0x3f,0xbe,0x3f,0xa0,0xff,
    0x0f,0xff,0x3f,0xff,0x3f,0xff,0xff,0xff,0xfd,0xff,0xff,0x7f,0xf5,0x57,0xf7,0xfd,0xfd,0xff,0xff,0x7f,0xff,0xdf,0xff,0xf7,
    0xff,0xa8,0xff,0xfa,0xff,0xfe,0x5f,0xff,0xf5,0xff,0xff,0x5f,0xff,0xf5,0xff,0xff,0x3f,0xf7,0x8f,0xf7,0xa3,0xf7,0xa9,0xf5,
    0xe8,0xfd,0xfa,0x3d,0xfa,0x9d,0x7e,0x8f,0xe3,0xff,0xe8,0xff,0xe8,0x0f,0xe8,0x30,0xfa,0x2c,0xfa,0x0b,0xf8,0x2b,0x02,0xff,
    0xff,0xff,0xff,0xff,0xff,0xff,0xff,0xc3,0x3c,0x33,0xc0,0xa3,0xff,0xe0,0xff,0xf8,0xff,0xff,0x5f,0xff,0xf5,0xff,0xff,0x5c,
    0xff,0xf2,0xff,0xf2,0xff,0xca,0xff,0xca,0xdf,0xa0,0xf7,0xa8,0xc0,0xa0,0x2a,0x0a,0xbf,0xa2,0xff,0xa2,0xfa,0xa8,0xaa,0xa8,
    0xaa,0xab,0x0a,0xaa,0x80,0x82,0xa0,0xa0,0xa8,0xa3,0xa2,0xa0,0xa2,0xab,0xa0,0x2a,0xff,0xfc,0xff,0xfe,0xaf,0xff,0x2b,0xfe,
    0xca,0xbb,0x32,0xae,0x7c,0xbb,0x04,0xae,0xff,0xff,0x3f,0xff,0x3f,0xff,0x3f,0xff,0x8f,0xff,0x8f,0xff,0x8f,0xff,0x3f,0xff,
    0xff,0xea,0xff,0xff,0xff,0xa0,0xff,0xff,0xff,0xff,0xff,0xff,0xff,0xff,0xff,0xff,0xaa,0x08,0xff,0xff,0xa8,0x52,0xff,0xff,
    0xfa,0x03,0xff,0xff,0xfe,0xa5,0xff,0xff,0x2a,0x00,0xf8,0x80,0xa0,0x2a,0xff,0xff,0x5f,0xfd,0xff,0xff,0x0d,0x5f,0xff,0xf0,
    0x00,0x08,0xaa,0xa0,0xaa,0xaa,0xf5,0x5f,0x5f,0xf5,0xff,0xff,0x00,0x00,0x17,0xf3,0x3f,0xff,0x3f,0xff,0x83,0xff,0xa8,0xff,
    0x7a,0x3f,0xdf,0x8f,0x3f,0xe3,0xc0,0xfb,0xff,0xff,0xff,0xfc,0xff,0xf2,0xff,0xf2,0xff,0xfc,0xff,0xfc,0xff,0xfc,0xff,0xff,
    0x00,0x07,0xa2,0xbf,0x8a,0xff,0x0b,0xf0,0x2f,0x0a,0x2c,0xab,0x22,0xaf,0x0a,0xbb,0xff,0xfc,0xff,0xff,0x0a,0x82,0xff,0xff,
    0xc2,0xf8,0xf2,0xba,0xf8,0xaa,0xf8,0xa8,0xff,0x0c,0xff,0xf0,0xff,0xff,0xff,0xff,0xff,0xff,0x3f,0xff,0x3f,0xff,0xff,0xff,
    0xfd,0xff,0xff,0x55,0xfd,0xff,0xff,0x7f,0xff,0xdf,0xff,0xf7,0xff,0xfd,0xff,0xff,0xff,0xa8,0xff,0xfa,0x57,0xfe,0xfd,0x7f,
    0xff,0x5f,0xff,0xf7,0xff,0xfd,0x7f,0xff,0x3f,0xf7,0x8f,0xf7,0xa3,0xf7,0xa9,0xf5,0xe8,0xfd,0xfa,0x3d,0x7a,0x9d,0x5e,0x8f,
    0xdf,0xff,0xf5,0xff,0xff,0x57,0xff,0xfc,0xff,0xf2,0xff,0xf2,0xff,0xca,0xff,0xca,0xff,0xca,0xff,0xf2,0xff,0xf0,0xff,0xff,
    0xff,0xff,0xff,0xff,0xff,0xff,0xff,0xff,0xaa,0x08,0xa8,0x50,0xa8,0x52,0x00,0x4a,0xff,0x03,0xff,0xc0,0xff,0xca,0xff,0xf2,
    0x2a,0x00,0x08,0x80,0xa0,0x2a,0xea,0xab,0x5f,0xfd,0xf7,0xf7,0x0d,0x5f,0xa3,0xf0,0xff,0xfc,0xf0,0x00,0x0a,0x83,0x0b,0xf8,
    0xc2,0xf8,0xf2,0xba,0xf8,0xaa,0xf8,0xa8,0xaa,0x02,0xa8,0xa2,0xaa,0x20,0xae,0x08,0xfc,0x08,0xa8,0xa2,0xa1,0x00,0x05,0x50,
    0xaa,0x2a,0xaa,0xaa,0x02,0x8a,0x00,0xa8,0x03,0x02,0x00,0x2a,0xaa,0x1f,0x00,0xb5,0x3f,0xff,0x3f,0xff,0x3f,0xff,0xff,0xff,
    0x3c,0x00,0x82,0xaa,0xaa,0xaa,0xff,0xff,0x3f,0xf7,0x8f,0xf7,0xa3,0xf7,0xa9,0xf5,0xe8,0xf5,0xfa,0x3d,0xfa,0x9d,0xfe,0x8f,
    0x3f,0xf7,0x8f,0xf7,0xa3,0xf7,0xa9,0xf5,0xe8,0xfd,0xfa,0x3d,0x7a,0x9c,0x5e,0x8f,0xf0,0xf0,0xf2,0x15,0xc8,0x50,0xc8,0x50,
    0xc2,0x14,0xcc,0x05,0xc7,0xc0,0xcf,0x72,0x0f,0xf3,0x53,0xc3,0x54,0x0f,0x14,0x8f,0x14,0x8f,0x52,0x8f,0x08,0x0f,0x83,0xcf,
    0xcf,0x4c,0xc5,0x5f,0xc5,0x4f,0xc5,0x4f,0xf1,0x3f,0xf0,0xff,0xf0,0xc0,0x7d,0x05,0xcd,0xf7,0xcd,0xf7,0xf3,0x7c,0xf3,0x3c,
    0xfc,0x01,0xff,0x35,0xfc,0xd5,0xfc,0xd5,0x3c,0x45,0xcf,0x0d,0xf0,0x37,0x31,0x3d,0x45,0x37,0x45,0x3d,0x15,0x37,0x35,0x1d,
    0x12,0x84,0x00,0x44,0x71,0x05,0x51,0x55,0x51,0x55,0x51,0x55,0x54,0x55,0x54,0x55,0xcf,0xff,0x3f,0xff,0xff,0xff,0xff,0xff,
    0x3f,0xff,0x3f,0xff,0x4f,0xff,0x4f,0xff,0x3d,0x15,0xf7,0x45,0xfd,0x45,0xf7,0x41,0xdd,0x51,0x05,0x50,0xf0,0x0f,0xff,0xff,
    0x55,0x51,0x57,0x74,0x55,0xdd,0x55,0x77,0x55,0x5d,0x15,0x54,0xc0,0x0f,0xff,0xff,0x53,0xff,0x54,0xff,0x15,0x3f,0x15,0x3f,
    0x50,0xff,0x3f,0xff,0xff,0xff,0xff,0xff,0xf0,0xf0,0xf2,0x15,0xc8,0x50,0xc8,0x40,0xc8,0x40,0xca,0x10,0xc0,0x85,0xc7,0x00,
    0x0f,0xf3,0x53,0xc3,0x54,0x0f,0x14,0x8f,0x14,0x8f,0x54,0x0f,0x53,0x4f,0x0d,0x4f,0x4f,0x0f,0x0c,0x53,0x00,0x50,0x55,0x55,
    0x55,0x55,0x55,0x54,0x55,0x54,0x55,0x55,0xcf,0xff,0x0f,0xff,0x4f,0xff,0x53,0xff,0x53,0xff,0x54,0xff,0x55,0x3f,0x15,0x3f,
    0x55,0x4f,0x45,0x53,0xd5,0x53,0x75,0x43,0xd0,0x3f,0x4f,0xff,0x3f,0xff,0xff,0xff,0xff,0xcf,0xff,0x3f,0xff,0x2a,0xfc,0xaa,
    0xfc,0xaa,0xf2,0xaa,0xf0,0xa2,0xf2,0x0a,0x3c,0xf3,0x33,0xfc,0xca,0xbc,0x2a,0xac,0xaa,0xa8,0xaa,0xa3,0xaa,0xa3,0xa2,0x83,
    0xf2,0xa0,0xf2,0x15,0xc8,0x50,0xc8,0x50,0xca,0x15,0xc0,0x85,0xcf,0x00,0xc1,0xf2,0x08,0x23,0x52,0xa3,0x54,0x8f,0x54,0x8f,
    0x54,0x8f,0x52,0x0f,0x00,0xcf,0x8f,0x0f,0xca,0xa0,0x4a,0x2a,0xea,0xaa,0x80,0x06,0x00,0x00,0xc0,0x00,0x00,0x00,0x00,0x00,
    0x1c,0xa8,0xa5,0xa8,0xaa,0xaa,0xaa,0xa5,0x00,0x55,0x30,0x01,0x00,0x54,0x01,0x55,0x41,0x50,0x15,0x55,0x40,0x55,0x54,0x55,
    0x6a,0x95,0x86,0xa8,0x1a,0x80,0xa9,0x00,0x15,0x55,0x55,0x40,0x50,0x01,0x00,0x05,0x40,0x15,0x00,0x15,0x01,0xa5,0x0a,0xa5,
    0xff,0xff,0xff,0xaf,0xfe,0x5b,0xf9,0xe7,0xf9,0xa0,0xfe,0x5a,0x3f,0xa2,0xc3,0xf4,0xea,0xff,0x95,0xbf,0x7a,0x6f,0x69,0x64,
    0x15,0x47,0x55,0x2d,0x4c,0x6f,0x32,0x9a,0xff,0xff,0xff,0xff,0xff,0x0f,0xfc,0xe3,0xfc,0xa0,0xff,0x0a,0xff,0xf2,0xff,0xf4,
    0xff,0xff,0xc0,0xff,0x3a,0x3f,0x29,0x3f,0x15,0x3f,0x50,0xd0,0x4f,0x1f,0x3c,0xb7,0xff,0xff,0xff,0xff,0xff,0xff,0xff,0xff,
    0xff,0xff,0xff,0xff,0x03,0xff,0x88,0xff,0xff,0xfc,0xff,0xc3,0xff,0x3f,0xff,0x3a,0xfc,0xea,0xfc,0xa8,0xfc,0xa5,0xf2,0xa0,
    0x0f,0xf1,0xf0,0xcd,0xff,0x0f,0xaa,0x1e,0x94,0x14,0x51,0x40,0x01,0x55,0x44,0x05,0xf1,0xbf,0xca,0x6a,0x1a,0xaa,0x2a,0xaa,
    0x22,0xaa,0x14,0xa9,0x44,0xa0,0x50,0xa4,0xa6,0x3f,0xa6,0x3f,0xa8,0xff,0xa8,0xff,0x90,0xff,0x00,0x3f,0x00,0x3f,0x0a,0x3f,
    0xc0,0x65,0xc0,0x01,0xc9,0x00,0xca,0xa9,0xca,0xa0,0xca,0x80,0xc2,0xa5,0xc0,0x15,0x45,0x30,0x50,0xff,0x57,0xf0,0x53,0x05,
    0x0c,0x05,0x01,0x01,0x41,0x44,0x10,0x40,0x00,0x28,0x3f,0x2a,0x0f,0x24,0x50,0xc0,0x50,0x00,0x40,0x72,0x41,0x52,0x45,0x42,
    0xaa,0x3f,0x82,0x4f,0x0a,0x8f,0x02,0x93,0x2a,0x93,0xaa,0x03,0x80,0x03,0xa4,0x03,0xc0,0x01,0xca,0xa9,0xf2,0x95,0xf2,0x40,
    0xf1,0x3f,0xfc,0xff,0xff,0xff,0xff,0xff,0x50,0x02,0x50,0x0a,0x0f,0x2a,0xfc,0x68,0xfc,0x60,0xfc,0x40,0xfc,0x40,0xfc,0x5a,
    0x00,0x02,0x4c,0x05,0x4f,0x05,0x4f,0xc1,0x03,0xfc,0x03,0xff,0x03,0xff,0x13,0xff,0x90,0x93,0xaa,0x53,0xaa,0x4f,0x55,0x4f,
    0x15,0x3f,0xc4,0xff,0xc8,0xff,0x72,0x3f,0xff,0xff,0xff,0xaf,0xfe,0x5b,0xf9,0xe7,0xf9,0xa0,0xfe,0x5a,0xff,0xa2,0xff,0xf4,
    0xea,0xff,0x95,0xbf,0x7a,0x6f,0x69,0x6f,0x15,0x6f,0x55,0x90,0x4a,0x1f,0x3c,0xb7,0xff,0xff,0xff,0xff,0xff,0xff,0xff,0xff,
    0xff,0xff,0xff,0xfd,0xff,0xf7,0xff,0xcf,0xff,0xff,0xff,0xff,0xff,0xff,0xff,0xd0,0xf5,0x2f,0x48,0xfa,0xe2,0xa5,0x86,0x55,
    0xff,0xeb,0xfd,0x9e,0xe6,0x69,0x09,0x41,0x90,0x16,0x55,0x55,0x55,0x55,0x55,0x55,0x9d,0xff,0xe6,0x7f,0x69,0xef,0x9a,0xbb,
    0x6a,0xee,0x9d,0x7b,0x50,0xf6,0x09,0x3f,0xff,0x3a,0xff,0x25,0xff,0x15,0xff,0xc5,0xff,0xc4,0xff,0xf0,0xff,0xf3,0xff,0xdf,
    0x45,0x55,0x45,0x50,0x51,0x0f,0x40,0x4c,0xca,0x50,0x3e,0x95,0xfa,0xa9,0xea,0xaa,0x55,0x54,0x05,0x54,0xc0,0x55,0xf0,0x15,
    0x05,0x55,0x55,0x55,0x55,0x55,0x55,0x55,0xc5,0x3f,0x15,0x3f,0x15,0x3c,0x45,0x32,0x50,0x05,0x55,0x05,0x40,0xa0,0x53,0xea,
    0xff,0x70,0xff,0x60,0xff,0xd8,0xff,0xf6,0xff,0xfd,0xff,0xff,0xff,0xff,0xff,0xff,0xaa,0xaa,0x2a,0xaa,0x2a,0xa8,0xaa,0x81,
    0x40,0x55,0xff,0x05,0xff,0xc0,0xff,0xc8,0xff,0xca,0xff,0xf2,0xff,0xfc,0xff,0x3f,0xff,0x0f,0xff,0x30,0xff,0x30,0x00,0x14,
    0x15,0x55,0xc5,0x54,0xc1,0x72,0xfc,0xc3,0xff,0x0f,0xf4,0xfe,0x4f,0xfa,0x20,0xea,0x25,0x2a,0xc9,0x6a,0xda,0x80,0xf4,0x3f,
    0xff,0xff,0xff,0xff,0xff,0xff,0xff,0xff,0x15,0x55,0xc5,0x54,0xc1,0x72,0xfc,0xc3,0xff,0x0e,0xff,0x7e,0xf5,0xfa,0xdf,0xea,
    0xcc,0x2a,0xc9,0x4a,0xf2,0x18,0xfc,0x03,0xff,0xff,0xff,0xff,0xff,0xff,0xff,0xff,0xa8,0x00,0x83,0xf2,0x3f,0xfc,0xff,0x3f,
    0xff,0x0f,0xff,0x30,0xff,0x30,0x00,0x14,0x15,0x55,0xc5,0x54,0xc1,0x42,0xfc,0x13,0xff,0x0e,0xfc,0xfa,0xf2,0x0e,0xf2,0x42,
    0x00,0x55,0x15,0x00,0x85,0x51,0xa0,0x05,0xa9,0x55,0xaa,0xa1,0xaa,0xa1,0xaa,0x85,0xff,0xff,0xff,0xff,0xff,0xff,0xff,0xff,
    0xff,0xff,0xff,0xff,0xfc,0x00,0xf3,0xff,0xff,0xff,0xff,0xff,0xff,0xff,0xff,0xff,0xff,0xff,0xff,0xff,0xfc,0x3f,0x03,0x3f,
    0xff,0xff,0xff,0xc0,0xfc,0x3c,0x33,0xf8,0xcf,0xe3,0xee,0xa3,0xbe,0xa8,0xfa,0x80,0xfc,0x3f,0xff,0xcb,0xff,0xcc,0xff,0xf0,
    0xff,0xff,0xff,0xff,0xff,0xff,0xff,0xff,0xfe,0x8f,0xff,0xf0,0xff,0xa8,0xff,0xea,0x3f,0xea,0xcf,0xfa,0xc2,0xff,0xce,0xfe,
    0xff,0xff,0xff,0xff,0x20,0xff,0x0c,0xff,0xb3,0xff,0xa3,0xff,0xa8,0xff,0xea,0x3f,0xff,0xfc,0xff,0xfc,0xff,0xf3,0xff,0xf3,
    0xff,0xf3,0xff,0xf3,0xff,0xf3,0xff,0xf3,0xfa,0x8f,0xfa,0x8f,0xee,0x80,0xfa,0x2c,0xee,0xb3,0xfa,0xa0,0xea,0xa3,0xea,0xa3,
    0x3c,0xff,0x00,0xff,0x54,0x3f,0x55,0x7f,0x55,0x4f,0x55,0x4f,0x55,0x6e,0x55,0x5e,0xba,0x3f,0xea,0x8f,0xba,0x80,0xaa,0xbc,
    0xaa,0xa3,0xaa,0x8f,0xaa,0x8f,0xaa,0x0f,0xff,0xf3,0xff,0xc0,0xff,0xcf,0xff,0xf2,0xff,0xfc,0xff,0xff,0xff,0xff,0xff,0xff,
    0xea,0xa3,0xfa,0x8f,0xba,0x8d,0xfa,0x3d,0x3e,0x30,0xce,0x3c,0xcf,0xbd,0xf0,0xff,0xaa,0x0f,0xa8,0x13,0x01,0x53,0x55,0x53,
    0x55,0x54,0x55,0x54,0x55,0x50,0x55,0x4f,0x54,0xc3,0xd4,0xb0,0x74,0xc0,0xd5,0xb0,0xf5,0x00,0x00,0x30,0x4d,0x40,0x4f,0x5d,
    0xb1,0x55,0x31,0x55,0xec,0x05,0x0c,0x50,0x38,0x55,0x0c,0x55,0x31,0x55,0x55,0x55,0xff,0xff,0xff,0xff,0xc0,0xff,0x3f,0x01,
    0xcb,0xd0,0xf2,0x95,0xfc,0x15,0xf0,0x54,0xff,0xf1,0xff,0xfc,0xff,0xfc,0x03,0xf3,0x7c,0x30,0x15,0xcd,0x15,0x55,0x00,0x55,
    0x03,0xd5,0x50,0xf4,0xd3,0x01,0x4f,0xcd,0x4f,0x13,0x3c,0xf4,0x3c,0xd5,0x3c,0x55,0x4f,0xff,0x4f,0xfc,0x0f,0xf1,0x53,0xc7,
    0x53,0x38,0x54,0xc3,0x54,0x33,0x13,0xf2,0x15,0x3f,0x04,0x3f,0xfd,0x4f,0xd5,0x53,0x15,0x63,0xc0,0xbc,0x85,0x0c,0x3f,0xf0,
    0xce,0x53,0xce,0x0c,0xf0,0xff,0xff,0xff,0xff,0xff,0xff,0xff,0xff,0xff,0xff,0xff,0xcf,0x00,0xcf,0xff,0x3f,0xff,0xff,0xff,
    0xff,0xff,0xff,0xff,0xff,0xff,0xff,0xff,0x43,0xfc,0x53,0xff,0x13,0xff,0x03,0xff,0xe3,0xff,0xf8,0xff,0xa8,0xff,0x03,0xff,
    0xf7,0x75,0x5d,0xd5,0x55,0x55,0x55,0x55,0x55,0x55,0x05,0x55,0xc1,0x54,0x55,0x00,0x55,0x52,0x55,0x54,0x55,0x05,0x50,0xc5,
    0x03,0xd5,0x55,0x55,0x15,0x55,0xc5,0x55,0xff,0x01,0xfc,0x15,0x03,0x00,0x8f,0x3c,0x8d,0xf7,0x8f,0xce,0x03,0xc7,0x10,0xe3,
    0x55,0x05,0x40,0xf0,0x19,0x6a,0x7c,0xaa,0x82,0xaa,0x0a,0xaa,0xde,0xa8,0xda,0xa3,0x53,0xff,0x54,0x3f,0x81,0x4c,0xa4,0x00,
    0xa7,0x7f,0xa8,0xdf,0x29,0xdf,0x6a,0x37,0xff,0xff,0x0f,0xff,0xf3,0xff,0x7c,0xff,0xfc,0xff,0xfc,0xff,0xf3,0xff,0x03,0xff,
    0x15,0x0d,0x55,0x4f,0x55,0x3f,0x55,0x00,0x54,0xbe,0x54,0xe5,0x54,0x15,0x55,0x80,0x7a,0x83,0xee,0x43,0xba,0xaa,0xea,0xaa,
    0x2a,0xaa,0x4a,0xaa,0x0a,0xaa,0xaa,0xa9,0x6a,0x30,0x6a,0x41,0xaa,0x85,0xaa,0x85,0xaa,0x45,0xa9,0x15,0xa5,0x15,0x98,0x55,
    0x54,0xff,0x54,0xff,0x54,0xff,0x54,0xff,0x54,0xff,0x55,0x3f,0x59,0x3f,0x5a,0x3f,0x96,0x2a,0x9a,0x46,0x59,0x50,0x59,0x55,
    0x55,0x55,0x01,0x55,0x88,0x55,0x8e,0x15,0xaa,0xa6,0xaa,0x54,0x54,0x11,0x01,0x00,0x54,0x44,0x55,0x11,0x55,0x44,0x55,0x51,
    0x61,0x55,0x84,0x55,0x11,0x55,0x44,0x55,0x05,0x55,0x11,0x59,0x45,0x59,0x15,0x68,0x55,0x55,0x55,0x55,0x55,0x55,0x55,0x55,
    0x55,0x55,0x55,0x96,0x59,0x9a,0x55,0x59,0xff,0xd0,0xf4,0x12,0x08,0x65,0xa1,0x8a,0xa6,0x15,0xa2,0x69,0x89,0x65,0x05,0x95,
    0xa5,0x99,0x56,0x55,0x65,0x55,0x55,0x55,0x55,0x55,0x55,0x55,0x55,0x55,0x55,0x55,0x53,0xff,0x64,0xff,0x56,0x3f,0x55,0x4f,
    0x55,0x53,0x55,0x58,0x55,0x54,0x55,0x56,0x25,0x95,0x26,0x55,0x95,0x55,0x99,0x95,0x59,0x55,0x65,0x55,0x96,0x54,0x51,0x55,
    0x55,0x55,0x54,0x11,0x51,0x44,0x48,0x91,0x22,0x66,0x4a,0x99,0x9a,0xa9,0x26,0xaa,0x55,0x54,0x55,0x55,0x55,0x55,0x15,0x55,
    0x45,0x55,0x61,0x55,0x91,0x55,0x41,0x54,0x7f,0xff,0x3f,0xff,0x4f,0xff,0x4f,0xff,0x53,0xff,0x47,0xff,0x13,0xff,0xc7,0xff,
    0x4c,0x54,0x3c,0x55,0x3c,0x50,0x3d,0x0c,0x3f,0xdc,0x1f,0xdd,0x47,0x73,0x50,0x13,0x4a,0xaa,0x29,0x6a,0xa7,0xca,0xbd,0x3a,
    0xff,0xfe,0xf5,0xfe,0xdf,0x7e,0xf0,0xfe,0x85,0x54,0xa1,0x54,0xa8,0x54,0xa3,0x03,0xa3,0x3f,0xa3,0x7f,0xa8,0xcd,0xa8,0xc0,
    0xf1,0xff,0xf1,0xff,0xfc,0xff,0xf4,0xff,0xf1,0xff,0xc4,0xff,0x14,0xff,0x53,0xff,0xaa,0x9a,0xaa,0x96,0xaa,0x98,0xaa,0x14,
    0xaa,0x14,0xa6,0x00,0x99,0x31,0x64,0xf2,0x05,0x0b,0x11,0x4e,0x68,0x4b,0xa9,0x0a,0xaa,0x4a,0xaa,0x92,0xaa,0x92,0xaa,0x90,
    0xff,0xfa,0xf4,0xee,0x9f,0x3a,0xde,0x2a,0xa0,0xaa,0xaa,0xaa,0xaa,0xaa,0x6a,0xa8,0xa9,0x05,0xaa,0x45,0xaa,0x45,0xaa,0x15,
    0xa2,0x15,0x89,0x15,0x18,0x54,0x21,0x11,0x54,0xff,0x44,0xff,0x43,0xff,0x43,0xff,0x4f,0xff,0x3f,0xff,0x3f,0xff,0xff,0xff,
    0x54,0xf2,0x53,0xf2,0x4f,0xfc,0x4f,0xfc,0x3f,0xff,0x3f,0xff,0x4f,0xff,0x9f,0xff,0xa6,0x50,0x99,0x50,0x66,0x40,0x99,0x44,
    0x15,0x14,0xc0,0x34,0xfc,0x03,0xff,0xff,0x06,0xa5,0x2a,0xaa,0x2a,0xaa,0x2a,0xaa,0x1a,0xa8,0x4d,0x50,0xd0,0x03,0xfc,0x53,
    0x90,0x44,0x81,0x10,0x44,0x08,0x00,0x66,0xfc,0x99,0xfc,0x66,0xff,0x19,0xff,0x26,0x63,0xff,0x53,0xff,0x01,0xff,0x00,0xff,
    0x01,0xff,0xff,0xff,0xff,0xff,0xff,0xff,0xa8,0xdf,0xa9,0xdf,0xaa,0x37,0xaa,0x37,0xaa,0x8c,0xaa,0x8c,0x92,0xa1,0x06,0x85,
    0xf0,0x0b,0xd2,0x8f,0x3a,0x8f,0xea,0x7d,0xd0,0xfc,0xff,0xf2,0x3f,0xca,0x40,0x2a,0xfc,0xa8,0x3c,0xa8,0xfd,0xa8,0xf2,0xa2,
    0xca,0xa2,0x2a,0x92,0xaa,0x84,0xaa,0x19,0x68,0x66,0x40,0x98,0xaa,0x01,0x42,0xa8,0xfd,0x0a,0xaf,0xf1,0xfa,0xff,0xff,0xaf,
    0x26,0x4f,0x99,0x8f,0x65,0x4f,0x15,0x3f,0x81,0x3f,0xa8,0x3f,0x5b,0xc3,0xf5,0xbc,0x15,0x53,0xc1,0x53,0xf8,0x14,0x0e,0x00,
    0xc3,0x3f,0xc3,0xcf,0x3c,0xcf,0xfc,0x8f,0xbf,0xfb,0xef,0xfe,0xef,0xff,0xfb,0xf4,0x3b,0x41,0x3c,0xc7,0xcc,0x16,0xc3,0x17,
    0xff,0x40,0xf0,0x5a,0x07,0xf6,0x79,0x7f,0x6f,0x5f,0x7b,0xf7,0x6e,0xfd,0x7b,0xff,0x26,0x4f,0x99,0x3f,0x65,0x3f,0x15,0x3f,
    0x80,0xff,0xa8,0x3f,0x5b,0xc3,0xf5,0xbc,0x15,0x53,0xc1,0x53,0xf8,0x54,0x0e,0x04,0xc3,0x30,0xc3,0xcf,0x3c,0xcf,0xfc,0x8f,
    0xbf,0xfb,0xef,0xfe,0xef,0xff,0xfb,0xf4,0x3b,0x41,0x3c,0x46,0xcc,0x46,0xc1,0x54,0xff,0x43,0xf0,0x3f,0x02,0x8f,0xa8,0x3f,
    0x97,0xff,0x8f,0xff,0x3f,0xff,0xff,0xff,0xc1,0x43,0x14,0x3f,0x03,0xff,0xff,0xff,0xff,0xff,0xff,0xff,0xff,0xff,0xff,0xff,
    0xff,0xfc,0xf3,0xf2,0xcc,0xcb,0xcf,0x0e,0xcf,0xf3,0x3f,0xfa,0xc3,0xfe,0xfc,0x3e,0xff,0xff,0x3f,0xff,0x3c,0xff,0x33,0x3f,
    0x0e,0x3f,0x3a,0x3f,0xa8,0xff,0x20,0xff,0x05,0x0f,0xca,0x53,0xd0,0xa4,0x51,0x09,0x05,0x52,0x55,0x52,0x55,0x4a,0x54,0x2a,
    0xff,0xff,0xff,0xff,0xff,0xff,0x3f,0xff,0x3f,0xff,0x4f,0xff,0x8f,0xff,0x8f,0xff,0x51,0x6a,0x44,0x5a,0x41,0x56,0x04,0x55,
    0x10,0x01,0x05,0x54,0x54,0x01,0x43,0xc5,0x93,0xff,0x93,0xff,0x53,0xff,0x53,0xff,0x53,0xff,0x4f,0xff,0x4f,0xff,0x3f,0xff,
    0x3f,0xc4,0xff,0xf1,0xff,0xf1,0xff,0xf0,0xff,0xfc,0x55,0x5c,0xff,0xf0,0xff,0x04,0x3f,0xff,0x3f,0xff,0x3f,0xff,0xff,0x4f,
    0xf4,0xf3,0x4f,0xcf,0xff,0x3f,0xfc,0xff,0xff,0xff,0xff,0xff,0xff,0x4f,0xff,0x13,0xfd,0x13,0xf7,0x13,0xdf,0x14,0x3f,0x84,
    0xf0,0x54,0xc5,0x53,0xf1,0x52,0xfc,0x52,0x01,0x40,0xa5,0x44,0xa9,0x28,0xa0,0xa9,0xff,0x3c,0xbb,0xc4,0xee,0x1f,0xb0,0x7f,
    0xec,0xee,0xab,0x3a,0x00,0x0a,0x3c,0x10,0x4e,0xc4,0xcb,0x84,0x52,0x84,0x32,0x84,0x14,0x14,0x85,0x13,0x05,0x43,0x51,0x0f,
    0x05,0xa9,0xa5,0x15,0xa4,0xc5,0xa8,0xc5,0x03,0x15,0xfc,0x94,0x02,0x94,0xbb,0x91,0x3f,0xc5,0x4f,0xf0,0x1f,0xff,0x13,0xff,
    0x14,0xff,0xa5,0x0f,0xa5,0x10,0xa4,0xa1,0x40,0x0f,0x3e,0x13,0x33,0x83,0xcc,0x84,0xf2,0x14,0xfc,0x44,0x30,0x90,0x45,0x13,
    0xee,0x05,0xb0,0x55,0x0f,0xd5,0x3f,0xe9,0xc3,0xba,0xfc,0x20,0xff,0xc2,0xff,0xfd,0x54,0xa4,0x51,0x54,0x51,0x54,0x45,0x54,
    0x25,0x51,0xaa,0x91,0xaa,0x00,0x00,0xff,0x52,0x53,0x91,0x43,0x94,0x4f,0x54,0x3f,0x50,0xff,0x0f,0xff,0xff,0xff,0xff,0xff,
    0xff,0xff,0xff,0xff,0xff,0xff,0xff,0xff,0xff,0xff,0xff,0x3f,0xfc,0x4f,0xf2,0x4f,0xff,0x3c,0xbb,0xc3,0xee,0x33,0xb0,0xf1,
    0xec,0xc1,0xab,0x31,0x00,0xf1,0x04,0xa1,0xc8,0x4f,0x38,0x4f,0x31,0x4f,0xa1,0x3f,0xa1,0x3f,0x84,0xff,0x14,0xff,0x53,0xff,
    0x31,0x4a,0x4c,0x03,0x13,0xf3,0x13,0xfc,0x14,0xff,0xa5,0x0f,0xa9,0x10,0xa4,0xa1,0x84,0xff,0xf1,0x3f,0x21,0x4f,0xfc,0x53,
    0x0e,0x13,0xf4,0x04,0x30,0x60,0x45,0x14,0x45,0x11,0x14,0x11,0x10,0x54,0x41,0x55,0x01,0x55,0x00,0x55,0x05,0x17,0x10,0x55,
    0x01,0x40,0x00,0x41,0x11,0x05,0x45,0x54,0x44,0x14,0x55,0x02,0x10,0xfa,0x2a,0xa8,0xff,0xff,0xff,0xd7,0xff,0x3d,0xff,0x5f,
    0xff,0xc5,0xff,0xc5,0xff,0xf1,0xff,0xf1,0xff,0xff,0xff,0xff,0xff,0xff,0x7f,0xff,0xc5,0x40,0x50,0xfd,0x55,0x55,0x55,0x55,
    0xff,0x40,0xf0,0xfd,0xc5,0xf5,0x05,0x40,0x55,0x4f,0x55,0x3d,0x55,0x15,0x55,0x15,0x7f,0xff,0x4f,0xff,0x53,0xff,0x55,0xff,
    0x14,0xff,0x54,0xff,0x54,0xff,0x54,0xff,0xff,0xc5,0xff,0x77,0xfd,0xfd,0xfd,0xf7,0xf7,0xfd,0xf7,0xd5,0xf7,0x51,0xf1,0x55,
    0x55,0x14,0x54,0x43,0x55,0x0c,0x55,0x00,0x55,0x55,0x55,0x55,0x55,0x55,0x54,0x00,0x05,0x45,0xf5,0x50,0xd5,0x55,0x55,0x55,
    0x55,0x55,0x55,0x55,0x50,0x55,0x0a,0x55,0x53,0xff,0x0f,0xff,0x3f,0xff,0x3f,0xff,0x3f,0xff,0x5f,0xff,0x4f,0xff,0x4f,0xff,
    0xf1,0x54,0xfc,0x52,0xff,0x00,0xff,0xff,0xff,0xff,0xff,0xff,0xff,0xff,0xff,0xff,0x02,0xaa,0xaa,0xaa,0xaa,0xaa,0x00,0x05,
    0xff,0xf2,0xff,0xf2,0xff,0xfc,0xff,0xfc,0xaa,0x55,0xa8,0x55,0x02,0x95,0xaa,0x95,0xaa,0xa5,0xaa,0xa5,0xaa,0xa5,0xaa,0xa5,
    0x4f,0xff,0x4f,0xff,0x4f,0xff,0x4f,0xff,0x4f,0xff,0x4f,0xff,0x4f,0xf4,0x4f,0xdf,0x55,0x54,0x54,0x43,0x55,0x0c,0x55,0x15,
    0x55,0x55,0x55,0x55,0x55,0x55,0x50,0x00,0x05,0x45,0xf5,0x50,0x55,0x55,0x55,0x55,0x55,0x55,0x55,0x55,0x54,0x55,0x0a,0x55,
    0xf1,0x54,0xfc,0x50,0xff,0x00,0xff,0xfc,0xff,0xfc,0xff,0xff,0xff,0xff,0xff,0xff,0x00,0x00,0x00,0x54,0x05,0x42,0x40,0x6a,
    0xaa,0xaa,0x0a,0xa8,0xf0,0x00,0xff,0xfc,0x0a,0x55,0x28,0x55,0xa8,0x95,0xa2,0x95,0x8a,0x95,0x2a,0xa5,0xaa,0xa5,0xaa,0xa5,
    0x55,0x45,0x55,0x15,0x55,0x00,0x55,0x15,0x55,0x55,0x55,0x55,0x55,0x55,0x50,0x00,0x55,0x45,0x05,0x50,0x55,0x55,0x55,0x55,
    0x55,0x55,0x55,0x55,0x54,0x55,0x0a,0x55,0xf1,0x54,0xfc,0x50,0xff,0x07,0xff,0xff,0xff,0xfd,0xff,0xfd,0xff,0xff,0xff,0xff,
    0x00,0x00,0x00,0x00,0x40,0x15,0x01,0x54,0x05,0x46,0xc0,0x6a,0x7e,0xa8,0xd0,0x00,0x0a,0x55,0x2a,0x55,0x28,0x95,0xaa,0x95,
    0xa2,0x95,0x8a,0xa5,0x2a,0xa5,0xaa,0xa5,0x55,0x55,0x45,0x55,0x55,0x05,0x10,0xf1,0x13,0x15,0x40,0x55,0x45,0x55,0x55,0x55,
    0x55,0x55,0x45,0x55,0x15,0x41,0x14,0x15,0x51,0x55,0x45,0x55,0x55,0x55,0x55,0x55,0xff,0xff,0xff,0xff,0xff,0xff,0xff,0xff,
    0xff,0xff,0xf0,0xff,0xda,0x3f,0xce,0x4f,0xff,0xff,0xff,0xff,0xff,0xff,0xff,0xfc,0xff,0xf6,0xff,0xf3,0xff,0xf3,0xff,0xcf,
    0xff,0xff,0xff,0xff,0xff,0xff,0x3f,0xff,0x8f,0xff,0x8f,0xff,0x93,0xff,0x93,0xff,0xce,0x4f,0xce,0x93,0x3a,0x94,0x2a,0xa9,
    0xaa,0xaa,0xaa,0xaa,0xaa,0xaa,0xaa,0xaa,0xff,0x3e,0xf0,0xbe,0x05,0xaa,0x5a,0xaa,0xaa,0xaa,0xaa,0xaa,0xa8,0xaa,0xaa,0xaa,
    0xaa,0x2a,0xaa,0xaa,0xaa,0xa4,0xaa,0x40,0xaa,0x00,0xaa,0x00,0xaa,0x41,0xaa,0xaa,0xaa,0xaa,0x90,0x1a,0x00,0x0a,0x00,0x1a,
    0x00,0x6a,0x1a,0xaa,0xaa,0xaa,0xaa,0xaa,0xfc,0xaa,0xfc,0x6a,0xff,0x2a,0xff,0x2a,0xff,0x2a,0xff,0x2a,0xff,0xca,0xff,0xf0,
    0x54,0xff,0x64,0xff,0x94,0xff,0x53,0xff,0x53,0xff,0x4f,0xff,0x4f,0xff,0x3f,0xff,0xff,0xff,0xff,0xff,0xff,0xff,0xff,0xff,
    0x3f,0xff,0x8f,0xff,0x93,0xff,0x93,0xff,0x53,0xff,0x4f,0xff,0x4f,0xff,0x3f,0xff,0x3f,0xff,0xff,0xff,0xff,0xff,0xff,0xff,
    0xaa,0xaa,0xaa,0xaa,0xaa,0xaa,0xaa,0xaa,0xaa,0xaa,0x95,0x56,0x50,0x15,0x0f,0xc1,0x3f,0xff,0x43,0xff,0x94,0x3f,0x65,0x4f,
    0x95,0x53,0x55,0x53,0x55,0x54,0x55,0x54,0x55,0x55,0x05,0x55,0xf1,0x55,0xfc,0x15,0xff,0xc0,0xff,0xff,0xff,0xff,0xff,0xff,
    0x55,0x43,0x55,0x3f,0x54,0xff,0x43,0xff,0x3f,0xff,0xff,0xff,0xff,0xff,0xff,0xff,0xff,0x3f,0xf0,0xbe,0x05,0xaa,0x5a,0xaa,
    0xaa,0xaa,0xaa,0xaa,0xa9,0xaa,0x86,0xaa,0xaa,0x4a,0xa9,0xaa,0xaa,0xaa,0xaa,0xa4,0xaa,0x9a,0xaa,0xaa,0xaa,0xaa,0xaa,0xaa,
    0xaa,0xaa,0xaa,0xaa,0x41,0xaa,0xaa,0xaa,0xaa,0xaa,0xaa,0xaa,0xaa,0xaa,0xaa,0xaa,0x24,0x6a,0x2a,0xa4,0x5a,0xa9,0xc6,0x95,
    0x74,0x15,0xfe,0x80,0xfe,0xaf,0xfa,0x9f,0x94,0x0b,0xa9,0x32,0xbb,0x4c,0x00,0x0f,0xff,0xff,0xff,0xff,0xff,0xff,0xff,0xff,
    0xfa,0x8b,0xa8,0x10,0x01,0x53,0x2a,0x93,0x2a,0x57,0x3b,0x4f,0xc0,0x3f,0xff,0xff,0x94,0x00,0xa9,0x3d,0xbb,0x4d,0x00,0x0f,
    0xff,0xff,0xff,0xff,0xff,0xff,0xff,0xff,0xee,0x4b,0xba,0x02,0xe8,0x10,0x01,0x53,0x2a,0x57,0x3b,0x43,0xc0,0x0f,0xff,0xff,
    0xff,0xff,0xff,0xfc,0xff,0xf2,0xff,0xf1,0xff,0xc8,0xff,0xc8,0xff,0x24,0xff,0x20,0x3f,0xff,0x8f,0xff,0x4f,0xff,0x13,0xff,
    0x13,0xff,0x13,0xff,0x13,0xff,0x13,0xff,0xff,0xf6,0xff,0xf2,0xf4,0x02,0xf1,0xa8,0xfc,0x41,0xff,0x10,0xff,0xc4,0xff,0xf1,
    0xbb,0xbb,0xaa,0xee,0xaa,0xaa,0x1a,0xaa,0xa1,0xaa,0x1a,0x1a,0x06,0xa1,0x00,0x64,0xff,0x20,0xff,0x20,0xfc,0x90,0xfc,0x80,
    0xfc,0x80,0x01,0x81,0xaa,0x81,0x95,0x44,0x13,0xff,0x53,0xff,0x4f,0xff,0x4f,0xff,0x4f,0xff,0x3f,0xff,0x3f,0xff,0xff,0xff,
    0x40,0x19,0x14,0x02,0xc1,0x42,0xfc,0x14,0xfc,0x80,0xf2,0xa4,0xda,0x9c,0xca,0x7f,0x51,0x54,0x05,0x54,0x05,0x52,0x45,0x0a,
    0x50,0xa7,0x1a,0xa9,0xfe,0xe9,0xff,0xa8,0xd3,0xff,0xe4,0xff,0xc8,0xff,0xc9,0x3f,0x69,0x3f,0x29,0x3f,0x29,0x4f,0xa5,0x4f,
    0xff,0xff,0xff,0xff,0xff,0xff,0xff,0xfc,0xff,0xf1,0xff,0xc4,0xff,0x11,0xfd,0x04,0xff,0xff,0xff,0xff,0xc0,0xff,0x14,0x3f,
    0x40,0x4f,0x41,0x03,0x51,0x13,0x14,0x40,0xff,0xfc,0xff,0xfc,0xff,0xf2,0xff,0xf2,0xff,0x42,0xd0,0x61,0x2a,0x95,0xca,0x54,
    0xa5,0x4f,0xa5,0x3f,0x95,0x3f,0x94,0xff,0x54,0xff,0x43,0xfd,0x50,0x40,0x64,0x11,0xfc,0x11,0xf1,0x06,0xf1,0x1a,0xc4,0x2a,
    0x44,0xa8,0x11,0xa0,0x42,0xa0,0x1a,0x03,0x80,0x40,0x91,0x10,0xa0,0x11,0x21,0x01,0x08,0x45,0xc4,0x45,0xc4,0x02,0xc3,0xfc,
    0xff,0xff,0x3f,0xff,0x43,0xff,0x98,0x3f,0x6a,0x8f,0x9a,0xa3,0x6a,0xa8,0x29,0xaa,0xf1,0x50,0xfc,0x0f,0xff,0xff,0xff,0xff,
    0xff,0xc0,0xff,0xc5,0xff,0xf3,0xff,0xfc,0x1a,0x50,0x46,0xaa,0xf0,0x68,0xff,0x03,0x3f,0xcf,0x03,0xcf,0xf0,0x1f,0xff,0x00,
    0x07,0x9a,0x03,0xaa,0x22,0xaa,0xc8,0x2a,0x45,0x6a,0xf1,0x06,0xfc,0x11,0xff,0x40,0xff,0xff,0xff,0xff,0xff,0xff,0xf0,0xff,
    0xca,0x0f,0xc6,0x93,0xf2,0xa4,0xf1,0xa5,0xfd,0xa9,0xfc,0x69,0xff,0x6a,0xff,0x1a,0xff,0x1a,0xff,0xc6,0xff,0xc5,0xff,0x21,
    0x3f,0xff,0x4f,0xff,0x4f,0xff,0x53,0xff,0x53,0xff,0x53,0xfd,0x54,0xd0,0x55,0x04,0xfc,0xa8,0xf6,0xa5,0xda,0x94,0xc9,0x53,
    0x25,0x00,0x00,0xc5,0xff,0xf3,0xff,0xfc,0x01,0x24,0x05,0x20,0x05,0x20,0x0d,0x21,0x3c,0x02,0xfd,0x02,0x4f,0x06,0x3f,0x4a,
    0x00,0x00,0x10,0x00,0x69,0x01,0xaa,0x80,0xaa,0x90,0xaa,0xa4,0xaa,0xa4,0xaa,0x95,0x2e,0x9a,0x0b,0xaa,0x22,0xaa,0xca,0xaa,
    0x44,0x2a,0xf1,0x5a,0xfc,0x15,0xff,0x40,0xaa,0x85,0x6a,0x15,0x80,0x95,0xaa,0x55,0xa9,0x54,0x95,0x42,0x50,0x1a,0x0a,0xa6,
    0xff,0xff,0xff,0xfd,0xfc,0xfc,0xf2,0x3c,0xf2,0x33,0xf2,0x33,0xce,0x33,0xca,0x33,0x3f,0xff,0xcf,0xff,0xcf,0xf1,0xcf,0xdc,
    0xcf,0xcc,0xf3,0x3c,0xf3,0x3c,0xf0,0xfc,0xff,0x1f,0xfc,0xcf,0xfc,0xcf,0xf7,0xcf,0xf3,0xc0,0xcf,0x0f,0xcc,0x3a,0x32,0xaa,
    0xff,0xff,0xff,0xff,0xff,0xff,0x0f,0xff,0xcf,0xff,0x8f,0xc3,0x3f,0x23,0x3c,0x93,0xff,0xff,0x47,0xff,0x3d,0xff,0xcf,0x0f,
    0xf3,0xf0,0xfc,0xff,0xff,0x3f,0xff,0xcf,0x26,0x33,0x22,0x0f,0x12,0x3f,0x12,0x4f,0x02,0x4c,0x02,0x42,0x02,0x22,0x04,0x9a,
    0xfc,0xff,0xcd,0xff,0x33,0xfc,0x23,0xfc,0xa3,0xc2,0x94,0x22,0x94,0x62,0x56,0x92,0x0a,0x82,0x29,0x08,0xa4,0x08,0x90,0x08,
    0x80,0x21,0x00,0x63,0x01,0x4f,0x05,0x8f,0x22,0x8f,0x4a,0x4f,0x6a,0x4c,0x69,0x33,0x25,0x0f,0x24,0x3c,0x13,0xf1,0xcf,0xf1,
    0x09,0xaa,0xca,0xea,0xcb,0xba,0xcf,0xea,0x2f,0xba,0x2b,0xea,0xc6,0xaa,0xce,0xaa,0x6a,0x88,0xaa,0x88,0xaa,0x95,0xaa,0x95,
    0xaa,0x95,0xaa,0x41,0xaa,0x01,0xa8,0xc1,0x06,0x3f,0x14,0xff,0x43,0xff,0x53,0xff,0x4f,0xff,0x4f,0xff,0x54,0xff,0x53,0xfd,
    0xff,0xf0,0xff,0x0f,0xf0,0xff,0xcf,0xff,0xf0,0x00,0xff,0xff,0xff,0xff,0xff,0xff,0x40,0xaa,0x20,0xaa,0xca,0xaa,0xf2,0x82,
    0xfc,0x2a,0x03,0x40,0xf3,0xd1,0xcf,0xf4,0xa0,0x05,0xa0,0x15,0xaa,0x95,0xa9,0x54,0x90,0x15,0x05,0x50,0x55,0x0b,0x00,0xbc,
    0x4b,0xff,0x4b,0xff,0x2f,0xf4,0xaf,0xfd,0x3f,0x7f,0xff,0x02,0xff,0x15,0x3f,0xc4,0xd0,0x55,0xff,0x15,0xc0,0x55,0x05,0x50,
    0xd0,0x04,0xfc,0x54,0x01,0x55,0x05,0x55,0x03,0xfc,0xfd,0xfc,0xfc,0xf1,0xf0,0xf1,0xf3,0x31,0xcf,0x31,0xcf,0xc1,0x3f,0xfc,
    0x4f,0xc3,0x53,0xf3,0x54,0xf7,0x94,0x3c,0xa5,0x0c,0xa9,0x31,0xaa,0x3f,0x6a,0x3f,0xff,0xff,0xff,0xfc,0xff,0xf2,0xff,0xf1,
    0xff,0xfc,0xff,0xff,0xff,0xff,0xff,0xff,0x2a,0x8f,0xfe,0x4f,0xea,0x3f,0x14,0xff,0x03,0xff,0xff,0xff,0xff,0xff,0xff,0xff,
    0x6a,0x8f,0x1a,0x8f,0x1a,0xa3,0xcb,0xf3,0xc6,0xb8,0xf1,0x44,0xfc,0x03,0xff,0xff,0xff,0xff,0xff,0xff,0xff,0xff,0x0f,0xf0,
    0xcf,0xc8,0x8f,0x28,0x3c,0xa3,0x32,0x93,0xff,0xff,0xff,0xff,0xff,0xff,0xff,0xff,0xff,0xff,0xff,0xff,0xff,0xff,0xfc,0x3f,
    0x22,0x8f,0x4a,0x4f,0x6a,0x4c,0x69,0x33,0x25,0x0f,0x25,0x3c,0x10,0xf1,0xcf,0xf1,0xf2,0x3f,0xc8,0xff,0x28,0xff,0x63,0xff,
    0x13,0xff,0x0f,0xff,0x4f,0xc0,0x3c,0x28,0xa0,0x05,0xa0,0x15,0xaa,0x95,0xa9,0x14,0x90,0x15,0x00,0x10,0x00,0x4f,0x04,0x3c,
    0xaa,0x55,0xa4,0x05,0x00,0x14,0x01,0x42,0x00,0x2f,0xff,0xff,0xff,0xfc,0xff,0xfc,0xff,0x0f,0xfc,0x8f,0xfc,0xcf,0xf2,0xcd,
    0xf2,0xcc,0xca,0x8c,0xc9,0x83,0x61,0x83,0xff,0xff,0xff,0xff,0xff,0xd1,0xff,0x3f,0xff,0xcf,0xcf,0xf3,0x23,0xdf,0x28,0xf3,
    0xff,0xff,0xf5,0xff,0xf3,0x1f,0x13,0xf3,0xf4,0xfc,0xfd,0xfc,0xff,0xff,0xff,0xff,0xff,0xc3,0xff,0x24,0xff,0x11,0xfc,0x91,
    0xf2,0x80,0xfc,0x80,0x32,0x40,0xca,0x40,0xff,0xdf,0xff,0xcf,0x3f,0xcf,0x3f,0x3f,0x3c,0xff,0x4c,0xff,0x43,0xff,0x43,0xff,
    0xff,0x3f,0xff,0xff,0xff,0xff,0xff,0xff,0xff,0xff,0xff,0xff,0xff,0xff,0xff,0xff,0x19,0x3c,0x0a,0x3c,0x46,0x4c,0x46,0x83,
    0xc1,0x93,0xc1,0x8f,0xd0,0x8f,0xf0,0x53,0xff,0xff,0xff,0xff,0xff,0xff,0xff,0xff,0xff,0xfe,0xff,0xff,0xff,0xfe,0xff,0xfb,
    0xf2,0x40,0xf2,0x40,0xe2,0x40,0x89,0x01,0xc9,0x01,0x89,0x01,0xc5,0x04,0x84,0x04,0x4f,0xff,0x4f,0xff,0x3f,0xff,0x3f,0xff,
    0xff,0xff,0xff,0xff,0xff,0xff,0xff,0xff,0xf0,0x43,0xf4,0x24,0xfc,0x04,0xfd,0x86,0xfc,0x1a,0xff,0x16,0xfd,0xd0,0xfc,0xc3,
    0xff,0xee,0xfb,0xbb,0xee,0xec,0x0b,0xb2,0xa0,0x0a,0xaa,0xaa,0xaa,0xaa,0x2a,0xaa,0x04,0x00,0x14,0x01,0x65,0x12,0xa9,0x52,
    0xa4,0x52,0x90,0x52,0x70,0x52,0x00,0x4a,0xfd,0xc4,0xff,0x32,0xff,0x71,0xff,0xcc,0xff,0xf0,0xff,0xff,0xff,0xff,0xff,0xff,
    0x2a,0xaa,0x0a,0xaa,0x6a,0xa9,0x5a,0x05,0x15,0x55,0x01,0x54,0xf0,0x02,0xf1,0x00,0x01,0x4b,0x55,0x2a,0x55,0x2b,0x54,0xae,
    0x42,0xbb,0x2a,0xfc,0xaf,0x01,0x00,0x54,0xaa,0x02,0xaa,0xaa,0xaa,0xa9,0xaa,0xa7,0xaa,0xa0,0xa9,0x50,0x05,0x55,0x55,0x55,
    0xc0,0x55,0xf1,0x14,0xfc,0x03,0x7f,0xff,0xff,0xff,0x0f,0xff,0xf0,0xf7,0xf1,0x00,0xff,0xff,0xff,0xfd,0xff,0xf3,0xff,0xf3,
    0xff,0xcf,0xff,0xcf,0xff,0x7f,0xff,0x3f,0xff,0xff,0xff,0xff,0x3f,0xdf,0x3f,0x73,0x3f,0x33,0x3f,0x3c,0xcc,0xfc,0xf0,0xfc,
    0xff,0x3f,0xff,0xcf,0xff,0xf3,0xff,0x34,0xfc,0x82,0xfc,0xaa,0x02,0xa9,0x2a,0x90,0x3f,0xff,0x3f,0xff,0x4f,0xff,0x70,0xff,
    0x7f,0x3f,0xdf,0xcf,0xdf,0xcf,0xef,0xf3,0xff,0xf3,0xff,0xf3,0xff,0xf3,0xff,0xcf,0xff,0x8f,0xee,0x8f,0xbb,0x3f,0xee,0x3f,
    0xff,0x3f,0xfc,0xff,0xfc,0xff,0xf3,0xff,0xf3,0xff,0xcf,0xff,0xcf,0xff,0x3f,0xff,0x55,0x48,0x55,0x48,0x55,0x43,0x55,0x23,
    0x55,0x0f,0x55,0x3f,0x55,0x3f,0x56,0x8f,0xff,0xca,0xff,0x6a,0xff,0x22,0xfd,0xd2,0xfc,0xc8,0xfd,0xc6,0xff,0x72,0xff,0x3c,
    0xaa,0x02,0xaa,0xaa,0xaa,0xaa,0xaa,0xaa,0xaa,0xaa,0xaa,0xa0,0xaa,0x95,0x41,0x55,0xa8,0x14,0xa9,0x55,0xa5,0x50,0x91,0x4a,
    0x45,0x4b,0x15,0x4e,0x55,0x2b,0x54,0xee,0x5a,0xaa,0x6a,0xaa,0xaa,0xaa,0xaa,0xaa,0x2a,0xaa,0xc0,0xaa,0xf0,0x00,0x9f,0x44,
    0xff,0xf9,0xff,0x9f,0xf9,0xff,0xcf,0xd0,0xc0,0x7c,0xf3,0xfc,0xf3,0xfc,0xfc,0xfc,0xfc,0x7f,0xc7,0xff,0x3f,0xff,0x03,0xff,
    0xfc,0x00,0xff,0xfc,0xff,0xfc,0xff,0xfc,0x35,0xff,0x3f,0x5f,0x3f,0xd7,0x3f,0xf1,0x3f,0xf3,0xc1,0xfc,0xfd,0x0c,0xff,0xf0,
    0xff,0xc5,0xff,0x15,0xfc,0x55,0xfc,0x55,0x01,0x55,0xc5,0x55,0xd1,0x55,0xd1,0x54,0xff,0xff,0xff,0xff,0xff,0xff,0xff,0xfc,
    0xff,0xf3,0xff,0xcf,0xff,0x3f,0xfc,0xff,0xfc,0xff,0xc0,0x3f,0x3f,0x3f,0xff,0xcf,0xff,0xcf,0xff,0x33,0xfc,0xfc,0xf3,0xff,
    0x7f,0xf3,0x3f,0xf3,0x3f,0xf3,0xcf,0xcf,0xcf,0xcf,0xc0,0x0f,0x3f,0xf0,0xd0,0x0f,0xff,0xff,0xff,0xff,0xff,0xfc,0xff,0xf3,
    0xff,0xcf,0xff,0x3f,0x3c,0xff,0xc3,0xff,0x00,0x14,0x15,0x00,0xd5,0x47,0xd5,0x53,0xf5,0x5c,0xff,0xf3,0xff,0xcf,0xff,0x3f,
    0xff,0xff,0xff,0xff,0x0f,0xff,0xf0,0xff,0x0f,0x0f,0xf0,0xf3,0xff,0x03,0xff,0xcf,0xfc,0xff,0xff,0x0f,0xff,0xf0,0xff,0xff,
    0xff,0xff,0xff,0xff,0xff,0xff,0xff,0xff,0xcf,0xff,0x3f,0xf0,0xfc,0x0f,0x03,0xff,0xff,0xff,0xff,0xff,0xff,0xff,0xff,0xff,
    0xc0,0xf0,0x3f,0xff,0xff,0xff,0xff,0xff,0xff,0xff,0xff,0xff,0xff,0xff,0xff,0xff,0x0f,0xff,0xcf,0xff,0xf3,0xff,0xfc,0x3f,
    0xff,0xc0,0xff,0xfc,0xff,0xff,0xff,0xff,0xfc,0xff,0xf3,0xff,0xcf,0xff,0x3f,0xc0,0xf0,0x3f,0x0f,0xff,0xff,0xff,0xff,0xff,
    0xff,0x3f,0xf0,0xff,0x0f,0xff,0xff,0xff,0xff,0xff,0xff,0xff,0xff,0xff,0xff,0xff,0x9f,0x5c,0xf5,0xf5,0xdf,0xff,0xcc,0x0f,
    0xf3,0xff,0x7c,0xff,0xdf,0x04,0x56,0xaa,0xff,0xff,0xff,0xff,0xff,0xff,0xff,0xff,0xff,0xff,0xff,0xff,0xff,0xff,0xff,0xc1,
    0xff,0x3c,0xff,0x3c,0xff,0x15,0xff,0x15,0xff,0xc5,0xff,0xc1,0xfc,0x00,0xf1,0x44,0xaa,0xa2,0x2a,0xa8,0xca,0x83,0xc2,0x34,
    0xc0,0x54,0x01,0x54,0x55,0x53,0x4c,0x13,0x0f,0xff,0xff,0xff,0xff,0xff,0xff,0xff,0xff,0xff,0xff,0xff,0xff,0xff,0xff,0xff,
    0xfc,0x3d,0xff,0x35,0xff,0xc5,0xff,0xf0,0xff,0xff,0xff,0xff,0xff,0xff,0xff,0xff,0x55,0x55,0x55,0x55,0x53,0xd1,0x07,0x53,
    0x0d,0x43,0x15,0x01,0xc0,0xfc,0xff,0xff,0x7d,0x00,0x55,0x15,0x54,0x55,0x50,0x50,0x00,0x0f,0x3f,0xff,0x3f,0xff,0xff,0xff,
    0xff,0xdf,0xff,0xcf,0xff,0xc5,0xff,0xc5,0xff,0xf1,0xff,0xf1,0xfc,0x00,0xf1,0x44,0x23,0xf2,0x4d,0x0c,0x4c,0x0c,0x4c,0x1c,
    0x53,0xf1,0x54,0x05,0x55,0x55,0x15,0x55,0xaa,0xa2,0x2a,0x08,0xc8,0xd3,0xc1,0x53,0xc5,0x53,0x15,0x4f,0x55,0x4f,0x4c,0x0f,
    0xa1,0x52,0x87,0x54,0x05,0x54,0x41,0x50,0x50,0x01,0x54,0x05,0x15,0x55,0x15,0x55,0xaa,0x80,0x2a,0x15,0x00,0x75,0x50,0x55,
    0x54,0x15,0x55,0x00,0x55,0x40,0x55,0x55,0xaa,0xa2,0x2a,0xa8,0x4a,0xa8,0x42,0xa0,0x00,0x07,0x00,0x55,0x55,0x55,0x51,0x54,
    0xfe,0xe2,0xfb,0xa8,0x00,0xaa,0xff,0x0a,0xff,0xa2,0xaa,0xa8,0xa0,0xaa,0x8f,0x0a,0x8a,0x3f,0x8a,0x8f,0x00,0x0f,0x5f,0x4f,
    0x57,0xf3,0x00,0xf3,0xa2,0x0f,0xa2,0x8f,0xff,0xff,0xff,0xff,0xff,0xff,0xff,0xff,0xff,0xff,0xff,0xfc,0xff,0xf3,0xff,0xf1,
    0x14,0xfa,0xc7,0xe0,0xc3,0x8f,0xf2,0x3c,0x00,0x3c,0xfd,0x4c,0xd5,0x48,0x55,0x14,0xaa,0xaa,0xaa,0xa8,0x2a,0xa0,0xc2,0x84,
    0xf0,0x15,0xe1,0x50,0x84,0x0f,0x13,0x3f,0x33,0xc2,0xf3,0xe2,0xf3,0xa0,0xf2,0x85,0x28,0x15,0x15,0x55,0xc1,0x55,0xe8,0x55,
    0x80,0x02,0x83,0xfc,0x05,0xf5,0x45,0x55,0x51,0x55,0x54,0x15,0x55,0x54,0x55,0x50,0x8a,0x8f,0x8a,0x8f,0x0a,0x9f,0x2a,0x3f,
    0x2a,0x3f,0x2a,0x3f,0xa8,0xc3,0x28,0x3c,0xff,0xf1,0xff,0xfc,0xff,0xff,0xff,0xff,0xff,0xff,0xff,0xf0,0xfc,0x05,0xf1,0x54,
    0x50,0x55,0x55,0x55,0x15,0x55,0xc1,0x55,0x14,0x55,0x55,0x15,0x41,0x45,0x3c,0x05,0xf5,0x7f,0xcf,0xdf,0xc7,0xf7,0xc5,0xf4,
    0xf1,0x55,0xfc,0x55,0xff,0x05,0xff,0xf0,0x88,0x03,0x83,0xfc,0x1f,0x54,0x55,0x53,0x54,0x0f,0x02,0x8f,0xa2,0x8f,0xa2,0x8f,
    0xaa,0xaa,0xaa,0xa8,0x2a,0xa0,0xc2,0x84,0xf0,0x15,0xe1,0x50,0x84,0x0f,0x13,0x0f,0x8a,0x8f,0x8a,0x8f,0x0a,0x9f,0x2a,0x3f,
    0x2a,0x3f,0x2a,0x3f,0xa8,0xff,0x28,0xff,0xff,0xf1,0xff,0xfc,0xff,0xff,0xff,0xff,0xff,0xff,0xf0,0x00,0xc5,0x55,0xc7,0xd4,
    0x4c,0x00,0x2c,0x00,0x20,0x00,0x20,0x00,0x00,0x0b,0x4b,0x02,0x50,0xa0,0x55,0x00,0xaa,0x55,0x02,0x15,0x00,0x15,0x0e,0x15,
    0xea,0x15,0xa8,0x55,0x81,0x55,0x15,0x55,0x00,0xff,0x55,0x03,0x55,0xfc,0x00,0x74,0x4f,0x03,0x50,0xff,0x55,0x0f,0x17,0xf3,
    0xf0,0x03,0xff,0xff,0xff,0xff,0xff,0xff,0xff,0xc0,0xff,0x1f,0xff,0x15,0xff,0xc0,0xff,0x05,0xfc,0x45,0xf1,0x1f,0x05,0x1f,
    0xd5,0x15,0x50,0xc5,0x4f,0xf0,0x3f,0xff,0xc5,0xf3,0xf1,0x53,0xfc,0x0f,0xff,0xff,0xff,0xff,0xff,0xff,0xff,0xff,0xff,0xff,
    0xff,0x15,0xff,0x25,0xff,0x65,0xff,0xc9,0xff,0xca,0xff,0xde,0xff,0xf3,0xff,0xfd,0x40,0x00,0x40,0x00,0x40,0x00,0x50,0x00,
    0x54,0x10,0x95,0x50,0xa5,0x41,0x15,0x16,0x15,0x90,0x16,0xa0,0x16,0xe0,0x1b,0xd0,0x1b,0x80,0x5a,0x40,0x65,0x05,0x10,0x56,
    0xf0,0xa8,0xff,0x00,0xff,0xff,0xff,0xff,0xff,0xff,0xff,0xff,0xff,0xff,0xff,0xff,0x00,0x1a,0xff,0xc0,0xff,0xff,0xff,0xff,
    0xff,0xff,0xff,0xff,0xff,0xff,0xff,0xff,0x3c,0x4f,0xff,0x3f,0xff,0xff,0xff,0xff,0xff,0xff,0xff,0xff,0xff,0xff,0xff,0xff,
    0xf3,0x95,0xdf,0x95,0x7e,0x54,0x39,0x50,0x29,0x4c,0x19,0x3c,0xc5,0x3f,0xf1,0x3f,0x00,0x00,0x00,0x00,0x00,0x00,0x00,0x00,
    0x14,0x00,0x55,0x00,0x25,0x41,0xca,0x56,0xfc,0x7f,0xff,0xff,0xff,0xff,0xff,0xff,0xff,0xff,0xff,0xff,0xff,0xff,0xff,0xff,
    0xf1,0x52,0xc5,0x00,0xd0,0xff,0xff,0xff,0xff,0xff,0xff,0xff,0xff,0xff,0xff,0xff,0xf2,0x50,0xca,0x40,0xc9,0x40,0xc5,0x00,
    0xf1,0x00,0xf1,0x40,0xfd,0x00,0xfc,0x14,0x00,0x54,0x00,0x00,0x00,0x00,0x00,0x00,0x00,0x00,0x00,0x00,0x00,0x00,0x00,0x00,
    0xff,0xff,0xff,0xff,0xff,0xc0,0xfc,0x2a,0xf2,0xaa,0xce,0xaa,0x3a,0xa9,0x3a,0xa6,0xff,0xff,0xff,0xff,0x7f,0xff,0x3f,0xff,
    0x3f,0xff,0x3f,0xff,0x93,0xff,0xec,0x00,0xff,0xff,0xff,0xff,0xff,0xff,0xff,0xff,0xff,0xff,0xff,0xff,0xff,0xc0,0x3f,0x2a,
    0xff,0xff,0xff,0xff,0xff,0xff,0xff,0xff,0xff,0xff,0x00,0x7f,0xaa,0x3f,0xaa,0x3f,0xff,0xfc,0xff,0xfc,0xff,0xf7,0xff,0xf3,
    0xff,0xf3,0xff,0xf3,0xff,0xf2,0xff,0xfd,0xea,0x9b,0xea,0x6e,0xaa,0x7f,0xa9,0xfe,0xa9,0xfa,0xa9,0xea,0xa6,0xaa,0xa6,0xaa,
    0xbb,0xaa,0xfe,0xaa,0xea,0xaa,0xaa,0xa4,0xaa,0x92,0xaa,0x4a,0xa9,0x1a,0xa4,0xea,0x80,0xaa,0x96,0xab,0x5a,0xaf,0x6a,0xae,
    0xaa,0xba,0xaa,0xe9,0xaa,0xa4,0xaa,0x91,0xa8,0xff,0xa4,0xff,0x93,0xff,0x93,0xff,0x4f,0xff,0x3f,0xff,0xff,0xff,0x3f,0xff,
    0xa6,0xaa,0x02,0xaa,0x3c,0xa9,0x3e,0x15,0x3e,0x14,0xcf,0x84,0xcf,0xa0,0xf3,0xe0,0x93,0x6a,0x43,0x40,0x31,0x3c,0x04,0xfc,
    0x53,0xff,0x4f,0xef,0x3f,0xab,0x7e,0x83,0xaa,0x45,0xa4,0x10,0x51,0x4f,0x4b,0xd3,0x0a,0xd0,0x06,0x91,0x06,0x41,0xc5,0x40,
    0x4f,0xff,0x53,0xff,0x0f,0xff,0xff,0xff,0x3f,0xff,0x83,0xff,0x68,0x3f,0x05,0x43,0xf0,0xf8,0xfc,0xf8,0xff,0x3e,0xff,0x3e,
    0xff,0x0f,0xfc,0xf3,0xfc,0xe3,0xf3,0xcc,0xba,0x12,0x58,0xa4,0x10,0xb4,0x10,0x3c,0x85,0x00,0xc4,0x83,0xe2,0x83,0xf2,0x80,
    0xc5,0x00,0xf5,0x00,0xf4,0x00,0x54,0x00,0x00,0x09,0x02,0x8a,0xff,0x2a,0xff,0x2a,0x00,0x54,0x00,0x03,0x15,0x3f,0x01,0x4f,
    0x40,0x3f,0x51,0x0f,0x51,0x43,0x50,0x14,0xf3,0x84,0xf3,0x32,0xce,0x30,0xc8,0xf1,0xc8,0xca,0xf3,0xca,0xff,0x2a,0xfc,0xa9,
    0x3c,0x54,0x3c,0x43,0x0f,0x3f,0x43,0x3f,0x32,0x8f,0x3c,0x8f,0x3f,0x3f,0x3f,0xff,0xbb,0xaa,0xfe,0xaa,0xea,0xaa,0xaa,0xa4,
    0xaa,0x92,0xaa,0x4a,0xa9,0x1a,0xa4,0x6a,0x91,0xaa,0x41,0x80,0x05,0x3c,0x14,0xfc,0x53,0xff,0x4f,0xef,0x3f,0xab,0x7e,0x83,
    0x93,0xff,0x93,0xd7,0x4f,0x3d,0x3f,0x3d,0xff,0x3d,0x3c,0xfd,0x4c,0xec,0x50,0xec,0x0c,0xec,0xfc,0xdc,0xfc,0x9c,0xf3,0x9c,
    0x03,0x9c,0x53,0xac,0x53,0xac,0x14,0xbc,0x00,0xb3,0x00,0xb3,0x14,0xb3,0x00,0xb3,0x44,0xcf,0x52,0xcf,0x52,0x83,0x51,0x14,
    0xff,0xff,0xff,0xff,0xff,0xff,0xff,0xff,0xff,0xfd,0xff,0xfd,0xff,0xfc,0xff,0xfc,0xff,0xff,0xff,0xff,0xff,0xff,0xff,0xff,
    0xff,0xff,0xff,0xfc,0xff,0xfc,0xff,0xf2,0xff,0xfc,0xff,0xfd,0xff,0xf2,0xff,0xca,0x03,0xca,0xf8,0x06,0xfa,0xa9,0xe4,0xaa,
    0xff,0xf2,0xff,0xf2,0xff,0xcc,0xff,0x3a,0xfd,0xea,0xf7,0xe9,0xf3,0xa4,0xdf,0xa4,0xa2,0xaa,0xa9,0x40,0xa4,0x00,0x00,0x40,
    0x41,0x10,0x04,0x40,0x11,0x35,0x44,0x05,0x4f,0x41,0x51,0xbf,0x52,0xef,0x4b,0xbb,0x36,0xee,0xcb,0xaa,0x32,0xaa,0xd1,0x9a,
    0xff,0xff,0x1f,0xff,0xf1,0xff,0xbf,0x7f,0xef,0xcf,0xab,0xf3,0xaa,0xbc,0xaa,0xaf,0xce,0x91,0xce,0x40,0x7e,0x43,0x79,0x33,
    0x39,0x3c,0x39,0x3d,0x28,0xfd,0xd8,0xff,0x13,0x15,0x40,0x55,0x10,0x54,0xc1,0x53,0xc1,0x53,0x00,0x50,0x90,0x0a,0x2a,0xaa,
    0x3c,0x6a,0x41,0x9a,0x52,0x6a,0x51,0xaa,0x54,0x6a,0x54,0xaa,0x54,0xaa,0x54,0xa9,0xaa,0xab,0xaa,0xaa,0xaa,0xaa,0xaa,0xaa,
    0xaa,0xaa,0xaa,0xaa,0x66,0xaa,0x99,0x9a,0xcf,0xff,0xf3,0xff,0xbc,0xff,0xac,0xff,0xaf,0x3f,0xab,0x3f,0xa8,0xff,0xa8,0xff,
    0xc4,0xff,0xc4,0xff,0xf3,0xff,0xff,0xff,0xff,0xff,0xff,0xff,0xff,0xfd,0xfd,0x33,0x54,0xa6,0x54,0xa9,0x61,0xa6,0x92,0x99,
    0x62,0xa6,0x02,0x99,0x36,0x64,0xf6,0x92,0x66,0x66,0x99,0x99,0x66,0x65,0x99,0x53,0x54,0x3f,0x43,0xff,0x3f,0xff,0x3f,0xff,
    0x63,0xff,0x8f,0xff,0x3f,0xff,0xff,0xff,0xff,0xfc,0xff,0xf7,0xff,0xf2,0xff,0xf2,0xe6,0x4a,0x21,0x2a,0x24,0x6a,0x3a,0xaa,
    0x3a,0xa8,0xfa,0xa8,0xea,0xa1,0xaa,0xa1,0xa2,0xaa,0xa9,0x40,0xa4,0x00,0x01,0x00,0xc4,0x40,0xd1,0x00,0xc0,0x00,0x40,0x0d,
    0xaa,0x95,0x5a,0x45,0x00,0x05,0x00,0x05,0x00,0x15,0x00,0x15,0x53,0x54,0x50,0x51,0xf0,0x01,0xfc,0xc5,0xf0,0x15,0xc4,0x15,
    0x30,0x54,0x3c,0x54,0xcc,0x00,0xc4,0x01,0x51,0x45,0x45,0x45,0x35,0x15,0x15,0x15,0xd4,0x15,0xd4,0x15,0x14,0x15,0x51,0x55,
    0xf2,0x56,0xfc,0x29,0xff,0xd0,0xff,0xff,0xff,0xff,0xff,0xfd,0x3f,0xfc,0xcf,0xfc,0x52,0x65,0x49,0x99,0x0a,0x66,0x2a,0xa9,
    0x2f,0xaa,0xbf,0xea,0xff,0xfa,0xfe,0xfd,0x50,0x15,0xaa,0x9a,0xaa,0xaa,0xaa,0x82,0x78,0x05,0x00,0x45,0x45,0x45,0xa0,0x15,
    0xff,0xff,0xff,0xff,0xff,0xff,0xff,0xff,0xff,0xff,0xff,0xf4,0xff,0xc5,0xff,0x51,0xff,0xff,0xff,0xff,0xff,0xff,0xff,0xff,
    0x41,0xff,0x55,0x5f,0x44,0x44,0x11,0x11,0xff,0x4f,0xff,0x3f,0xfd,0x3f,0xfd,0x7f,0xfc,0xff,0xf0,0x00,0x0f,0xff,0xff,0xff,
    0x07,0xca,0xff,0xea,0xff,0xea,0xfc,0x02,0xf0,0x00,0x01,0x54,0xfe,0x00,0xff,0xb8,0xbf,0xea,0x80,0x2a,0xaa,0x82,0xaa,0xaa,
    0xaa,0xaa,0x2a,0xaa,0xaa,0xaa,0x6a,0xaa,0xff,0x04,0xff,0x00,0xff,0x00,0xff,0x40,0xff,0xc0,0xff,0xc2,0xff,0xda,0xff,0x2b,
    0x44,0x40,0x01,0x1c,0x00,0x0c,0x00,0x01,0x00,0x72,0x0d,0x33,0xd0,0x8f,0xff,0xff,0xff,0xea,0xff,0xba,0xff,0xea,0xff,0xb0,
    0xff,0xcc,0xfe,0x01,0xff,0x3c,0xfe,0x80,0x82,0xaa,0xa5,0x04,0x41,0x50,0x15,0x44,0x55,0x11,0x44,0x44,0x11,0x10,0x00,0x00,
    0x90,0x03,0x00,0x07,0x00,0x07,0x40,0x0f,0x10,0x1f,0x40,0x7f,0x00,0x1f,0x00,0x07,0xff,0x8c,0xfa,0xa0,0xee,0xaa,0xba,0xaa,
    0xee,0xaa,0xaa,0xaa,0xaa,0xaa,0xaa,0xaa,0x00,0x00,0x00,0x00,0x40,0x00,0xa0,0x00,0xa8,0x00,0xa8,0x00,0xa8,0x00,0xa8,0x00,
    0xff,0xff,0xff,0xff,0xff,0xff,0xff,0xff,0xff,0xf4,0xff,0xc5,0xff,0x51,0xff,0x04,0xff,0xff,0xff,0xff,0xff,0xff,0x41,0xff,
    0x55,0x5f,0x44,0x44,0x11,0x11,0x44,0x40,0xff,0x4f,0xff,0x3f,0xfd,0x3f,0xfd,0x7f,0xf0,0x00,0x0f,0xff,0xff,0xff,0xff,0xff,
    0x07,0xea,0xff,0xea,0xfc,0x02,0xf4,0x01,0x00,0x00,0xe9,0x04,0xff,0xe8,0xff,0xfe,0xbf,0xea,0x80,0x2a,0xaa,0x82,0xaa,0xaa,
    0xaa,0xaa,0xaa,0xaa,0x2a,0xaa,0x8a,0xaa,0xff,0x00,0xff,0x00,0xff,0x40,0xff,0xc0,0xff,0xf2,0xff,0xda,0xff,0xca,0xff,0x2b,
    0x01,0x1c,0x00,0x0c,0x00,0x01,0x00,0x72,0x0d,0x33,0xd0,0x8f,0xff,0xff,0xff,0xff,0xff,0xfb,0xff,0xfa,0xff,0xf0,0xff,0xcc,
    0xff,0x01,0xff,0x3c,0xff,0x80,0xff,0x8c,0xa4,0x06,0x41,0x50,0x15,0x44,0x55,0x11,0x44,0x44,0x11,0x10,0x00,0x00,0x00,0x00,
    0x80,0x03,0x00,0x07,0x40,0x07,0x10,0x0f,0x40,0x1f,0x00,0x7f,0x00,0x1f,0x00,0x07,0xfe,0xa0,0xfb,0xaa,0xee,0xaa,0xba,0xaa,
    0xee,0xaa,0xaa,0xaa,0xaa,0xaa,0xaa,0xaa,0x00,0x00,0x40,0x00,0xa0,0x00,0xa8,0x00,0xa8,0x00,0xa8,0x00,0xa8,0x00,0xa4,0x00,
    0xff,0xff,0xff,0xff,0xff,0xff,0xff,0xff,0xf4,0x07,0x05,0x54,0x55,0x50,0x44,0x4c,0x11,0x03,0x00,0x33,0x01,0x0b,0x03,0x0a,
    0x00,0x2a,0x16,0xaa,0xaa,0xaf,0xff,0xff,0x11,0x11,0x44,0x40,0x01,0x1c,0x00,0x0c,0x00,0x01,0x00,0x72,0x3c,0x33,0xd2,0x8f,
    0xff,0xff,0xff,0xff,0x1f,0xff,0xf1,0xfc,0xfe,0x13,0x56,0x8e,0xf9,0x7a,0xea,0x2b,0xd3,0xff,0x7d,0xff,0x7f,0x7f,0xff,0x7f,
    0xbf,0x3f,0xbb,0x3f,0xec,0xff,0xb8,0xff,0xff,0xff,0xff,0xff,0xd5,0xf5,0x7f,0x5f,0x3f,0x5f,0x7f,0xdf,0x7f,0xdf,0xcf,0xdf,
    0xff,0xff,0xff,0xff,0x7f,0xff,0xdf,0xff,0xdf,0xff,0xf7,0xff,0xf7,0xff,0xf7,0xd7,0xaa,0xfd,0x00,0x0a,0xff,0xf5,0xff,0xfc,
    0xff,0xf3,0xff,0xce,0xff,0x39,0xfd,0xf5,0x64,0xea,0xa3,0x9a,0x1e,0x5a,0xf9,0x6a,0x95,0xa8,0x56,0xaa,0x59,0xab,0x66,0xae,
    0xe3,0x0f,0x8c,0xf3,0x33,0xfd,0x0f,0xfc,0x7b,0xf3,0xef,0xc7,0xb8,0x27,0xc2,0x63,0xdf,0xc7,0xf7,0xf3,0xf3,0xf3,0xf7,0xf7,
    0xfd,0xf7,0xfc,0xee,0xfc,0xbb,0xfc,0xee,0xf7,0x7d,0xfd,0x7d,0xfd,0xfd,0xfd,0xfd,0xfc,0xff,0xee,0xef,0xbb,0xbd,0xee,0xe6,
    0xff,0x29,0xff,0xd2,0xff,0xfd,0xff,0xff,0x57,0xff,0x7d,0xff,0xff,0x7f,0xef,0x7f,0xfc,0xe5,0xf7,0x96,0xf2,0x99,0xde,0x56,
    0xca,0x59,0x39,0x66,0xe9,0x5a,0xe9,0xab,0x9a,0xa8,0x6a,0xe0,0x9b,0x47,0x6a,0xef,0xab,0xbb,0xaa,0xef,0xaa,0x40,0x94,0x3d,
    0x11,0xa3,0x3c,0x63,0xfc,0xa9,0xfd,0xb8,0xf1,0x98,0x06,0x98,0xf2,0xa8,0xf2,0x63,0xe5,0xaa,0xa6,0xab,0x96,0xa2,0x5a,0xbb,
    0x6a,0xef,0x6b,0x83,0xae,0xf4,0xbb,0xf3,0xef,0xfd,0xbb,0xf3,0x40,0x4f,0xf5,0xff,0xff,0x7f,0xff,0x7f,0x15,0xff,0xff,0xff,
    0xd4,0x20,0xf3,0x85,0xde,0x90,0xda,0x04,0xc8,0xc4,0xd3,0xc8,0xff,0xc0,0xff,0x55,0xff,0xff,0xff,0xff,0xff,0xff,0xff,0xff,
    0xff,0xff,0xff,0xff,0xff,0xfd,0xff,0xd2,0xff,0xff,0xff,0xff,0xff,0xfd,0xff,0x43,0xf4,0xbf,0xcb,0xd5,0x25,0xff,0x5b,0xff,
    0xff,0xd0,0xd0,0x3f,0x3f,0xff,0xff,0x95,0x95,0xff,0xff,0xfe,0xff,0xea,0xf9,0x55,0x01,0xff,0xbf,0x07,0xea,0xa9,0x57,0xf8,
    0xfd,0x53,0xaa,0x8e,0xaa,0x7a,0x55,0x2b,0x50,0xf9,0xff,0x50,0xff,0xff,0xff,0xff,0xff,0xff,0xff,0xf4,0xff,0x4f,0xfd,0xfa,
    0x50,0x0a,0x0f,0xf0,0xff,0xff,0xff,0xfc,0xd0,0x33,0x3f,0xde,0xaa,0x79,0xad,0xf5,0xff,0xff,0xff,0xff,0xff,0xff,0xff,0xff,
    0x57,0xff,0x7d,0xff,0xff,0x7f,0xef,0x7f,0xf7,0xab,0xf2,0xbf,0xde,0xff,0xcb,0xfe,0xdf,0xa8,0xf6,0x82,0xfd,0x29,0xff,0x50,
    0x12,0x8f,0x3c,0x7f,0xfc,0xff,0xfd,0xff,0xf3,0xff,0x0f,0xff,0xff,0xff,0xff,0xff,0xef,0xfd,0xbb,0xf0,0x40,0x4f,0xf5,0xff,
    0xff,0x7f,0xff,0x7f,0x15,0xcf,0xcf,0xf3,0xf2,0xa3,0xf2,0x23,0x00,0x93,0xfe,0x67,0x5b,0x8f,0xfe,0x3f,0xf0,0xff,0x1f,0xff,
    0xff,0xff,0xff,0xd0,0xf4,0x6a,0xff,0xc3,0xff,0xfc,0xff,0xff,0xff,0xff,0xff,0xff,0x03,0xff,0x94,0x03,0xff,0x94,0x57,0xff,
    0x29,0x6f,0xc2,0x96,0xfc,0x3d,0xff,0xc3,0xff,0xff,0xff,0xff,0xff,0xff,0xff,0xfc,0xff,0xf2,0xff,0xf3,0xff,0xcb,0xff,0xce,
    0xff,0xff,0xf4,0x07,0x4a,0xa8,0xf5,0x5f,0x6a,0xa9,0xfa,0xaf,0xe0,0x6f,0x0f,0xd0,0xff,0xfd,0xff,0xff,0x03,0xff,0xe8,0x0c,
    0x57,0xe3,0xfd,0x5e,0xea,0x79,0x01,0xf5,0xff,0xcb,0xff,0xc9,0xff,0xf2,0xff,0xf3,0x57,0xfc,0x7d,0xff,0xff,0x7f,0xef,0x7f,
    0x3f,0xff,0x83,0xff,0x78,0x3f,0x97,0x80,0x3e,0x5f,0xc0,0xf9,0xff,0x00,0xff,0xfc,0xef,0xfd,0xbb,0xf0,0x40,0x49,0xf5,0x06,
    0xff,0x7c,0xff,0x7f,0x15,0xff,0xcf,0xff,0xff,0xff,0xbf,0xff,0xcb,0xff,0x9c,0xff,0x27,0x3f,0xc9,0xef,0xc6,0x4f,0xf2,0xb7,
    0x8e,0x2a,0x39,0x2a,0xe4,0xaa,0x94,0x40,0x53,0xfd,0x53,0xfe,0x0a,0xea,0x1a,0xaa,0x4a,0xaa,0x28,0x69,0xa6,0xbf,0xa2,0xff,
    0x07,0xff,0xdf,0xff,0x37,0xff,0x40,0xff,0xff,0xff,0xfc,0x3f,0xfc,0xc3,0xff,0x1c,0xff,0xc5,0xff,0x71,0xff,0x38,0xff,0xce,
    0xff,0xff,0xff,0xff,0xff,0xff,0xff,0x7f,0x3f,0x1f,0xcf,0x07,0x71,0x03,0x17,0x01,0xff,0xff,0xff,0xff,0xff,0xff,0xff,0xff,
    0xff,0xff,0xff,0xff,0xff,0xfc,0xff,0xc3,0xff,0xff,0xff,0xff,0xff,0xff,0xff,0xff,0xff,0xff,0xff,0xff,0x3f,0xff,0xcf,0xfc,
    0xff,0xff,0xff,0xff,0xff,0xff,0xff,0xff,0xc7,0xfc,0x33,0xf0,0x33,0xc0,0x03,0x00,0xff,0xce,0xff,0xf3,0xff,0xf3,0xff,0xfc,
    0xff,0xfc,0xff,0xff,0x50,0x3f,0x3a,0x80,0x85,0xc0,0xa1,0x70,0xa8,0x5f,0xaa,0x15,0xaa,0x81,0xaa,0x84,0x2a,0xa1,0x2a,0x81,
    0xf0,0x3e,0x03,0xc0,0x0e,0xaa,0xf2,0x40,0x7c,0xcd,0x14,0x7c,0x45,0x10,0x55,0x2a,0x00,0x03,0x0b,0xfa,0xaa,0xa8,0xaa,0x00,
    0x0a,0xa0,0x02,0xaa,0x2a,0x80,0xa8,0xa2,0xf8,0x00,0x80,0x03,0x00,0x2f,0xe2,0xfe,0xaf,0xfb,0x2e,0xee,0x2b,0xba,0xaa,0xaa,
    0xce,0xaa,0xf0,0xaa,0xff,0x2a,0xff,0xc2,0xff,0xfc,0xff,0xff,0xff,0xff,0xff,0xff,0x8a,0x21,0x88,0xa8,0xa3,0xaa,0x8e,0x8a,
    0x80,0x28,0x2a,0x20,0xca,0x0a,0x02,0xaa,0x50,0xaa,0x0a,0xaa,0xaa,0xaa,0xaa,0xaa,0xaa,0xaa,0xaa,0xaa,0x2a,0x0a,0x2a,0xa2,
    0xaa,0x28,0xaa,0x82,0xaa,0x8a,0xaa,0xa2,0x2a,0xa0,0x82,0xa8,0x88,0x2a,0xa2,0x82,0xaa,0xaa,0xaa,0xaa,0xaa,0xaa,0xaa,0xaa,
    0xaa,0xaa,0xaa,0xaa,0x2a,0xaa,0x8a,0xaa,0x00,0xaa,0x00,0x28,0x40,0x08,0xf4,0x28,0xd6,0xa8,0x7e,0xaa,0xea,0x2a,0x00,0xaa,
    0xea,0xa8,0xfe,0xaa,0xff,0xaa,0xff,0xea,0xff,0xba,0x3e,0xee,0x3b,0xba,0x3a,0xea,0x22,0xa8,0x82,0xaa,0xaa,0xaa,0xaa,0xaa,
    0xaa,0xaa,0xaa,0xaa,0xaa,0xaa,0xaa,0xaa,0x0a,0xaa,0xaa,0xaa,0xaa,0xaa,0xaa,0xaa,0xaa,0xaa,0xaa,0x90,0xaa,0xb8,0xaa,0xee,
    0xff,0xff,0xff,0xff,0xff,0xfc,0xff,0xf2,0xff,0xf0,0xff,0xff,0xff,0xff,0xff,0xff,0xc2,0xaa,0x0a,0xa0,0xaa,0x00,0x80,0x07,
    0x3f,0xff,0xff,0xff,0xff,0xff,0xf0,0xff,0xff,0xfc,0xff,0xf3,0xff,0xf3,0xff,0xf0,0xff,0xff,0xff,0xfc,0xff,0xfc,0xff,0xff,
    0xff,0xff,0xff,0xff,0xff,0xff,0xff,0xff,0x3f,0xff,0xc3,0xff,0x70,0xff,0x17,0x3f,0xff,0xff,0xff,0xff,0xff,0xff,0xff,0xff,
    0xff,0xff,0xdf,0xff,0x47,0xfc,0x03,0xc3,0xff,0xff,0xff,0xff,0xff,0xff,0xff,0xff,0xc7,0xff,0x33,0xff,0x33,0xff,0x03,0xfc,
    0xff,0xff,0xff,0xff,0xff,0xff,0xff,0xff,0xff,0xfc,0xdf,0xd3,0x0c,0x3e,0x03,0xea,0x85,0xcf,0xa1,0x70,0xa8,0x5f,0xaa,0x15,
    0xaa,0x81,0xaa,0xa0,0x2a,0xa0,0x2a,0x88,0x00,0x3e,0x03,0xc0,0x0e,0xaa,0xf2,0x40,0x7c,0xcd,0x14,0x7c,0x05,0x10,0x05,0x2a,
    0xf8,0xc0,0x83,0x03,0x0c,0x2f,0xe2,0xfe,0xaf,0xfb,0x2e,0xee,0x2b,0xba,0xaa,0xaa,0x3e,0xaa,0xea,0xaa,0xaa,0xaa,0xea,0xaa,
    0xaa,0xa8,0xaa,0xa8,0xaa,0xa3,0xaa,0x80,0xa3,0xff,0x8f,0xff,0x8f,0xff,0x3f,0xff,0xff,0xff,0xff,0xff,0xff,0xff,0x00,0x7f,
    0x8a,0x20,0x88,0xa1,0xa3,0xa8,0x8e,0x8a,0x80,0x28,0x2a,0x20,0xca,0x0a,0xf2,0xaa,0x14,0xaa,0x52,0xaa,0x0a,0xaa,0xaa,0xaa,
    0xaa,0xaa,0xaa,0xaa,0x2a,0x0a,0x2a,0xa2,0x01,0xff,0x0f,0xff,0x3f,0xff,0xff,0xff,0xff,0xff,0x7f,0xff,0x90,0x01,0xee,0xfc,
    0xff,0xff,0xff,0xff,0xff,0xff,0xff,0xff,0xff,0xff,0xff,0xfd,0xff,0xf7,0xff,0xf4,0xfc,0xaa,0xf4,0x28,0xd0,0x08,0x00,0x28,
    0xd6,0xa8,0x7e,0xaa,0xea,0x2a,0x00,0xaa,0xaa,0xab,0xaa,0xaa,0xaa,0xa8,0xaa,0x03,0x81,0xff,0x00,0x7f,0x00,0x07,0xc0,0x00,
    0xbb,0x83,0xe0,0x3f,0x0f,0xff,0xff,0xff,0xff,0xff,0xff,0xff,0xff,0xff,0x7f,0xff,0xc2,0xaa,0x0a,0xa0,0xaa,0x00,0x80,0xc0,
    0x3f,0x01,0xff,0xff,0xff,0xff,0xf0,0xff,0x0a,0xaa,0x0e,0xaa,0x07,0xae,0x03,0xfb,0xd0,0xfe,0xc0,0x3f,0x40,0x03,0x40,0x00,
    0x07,0xff,0xff,0xff,0xff,0xff,0x0f,0xff,0xa3,0xff,0x0f,0xff,0xff,0xff,0xff,0xff,0xff,0xfe,0xff,0xfb,0xff,0xee,0xff,0xaa,
    0xfe,0xea,0xff,0xb9,0xfe,0xea,0xfa,0xaa,0x7f,0xff,0x9b,0xef,0x55,0xbf,0x55,0xef,0x65,0x7f,0x95,0xdf,0x66,0x57,0x99,0x59,
    0xff,0xfe,0xff,0xbb,0xfe,0xe9,0xfb,0xa6,0xfe,0xa9,0xee,0xa6,0xea,0xa9,0xaa,0xaa,0xf7,0x69,0x9e,0xa6,0xaa,0x99,0xaa,0x65,
    0xa9,0x95,0x6a,0x55,0xa9,0x95,0xa6,0x55,0x77,0xff,0x5d,0xff,0x57,0xff,0x5d,0xff,0x57,0xff,0x55,0xff,0x55,0x7f,0x56,0x9f,
    0xa6,0x66,0x99,0x9a,0xaa,0x6b,0xa5,0x55,0x55,0x55,0x55,0x66,0x99,0x99,0x66,0x66,0x55,0x7f,0x55,0xff,0x59,0xff,0x66,0x7f,
    0x99,0xbf,0x55,0x5f,0x55,0x5f,0x77,0x7f,0xdd,0xff,0x77,0xff,0x5d,0xff,0x57,0xff,0x5f,0xff,0x7f,0xff,0xdf,0xff,0x7f,0xff,
    0x95,0x5d,0x65,0x57,0x95,0x5f,0x65,0xff,0x9f,0xff,0x7f,0xff,0xff,0xff,0xff,0xff,0xdf,0xff,0x7f,0xff,0xff,0xff,0xff,0xff,
    0xff,0xff,0xff,0xff,0xff,0xff,0xff,0xff,0xff,0xfe,0xff,0xe9,0xff,0x95,0xee,0x55,0x79,0x55,0xee,0x55,0xb9,0x95,0x66,0x56,
    0xbf,0xff,0x6b,0xff,0x56,0xbf,0x55,0xaf,0x56,0x6f,0x55,0xab,0x95,0xab,0x66,0x6b,0x99,0x59,0x66,0x6a,0x59,0xab,0x56,0x6f,
    0x55,0xab,0x56,0x6e,0xa9,0xab,0xaa,0xab,0x99,0xab,0x66,0xab,0xba,0xbb,0xee,0xef,0xfb,0xbf,0xfe,0xef,0xff,0xff,0xff,0xff,
    0x3f,0xba,0xff,0xee,0xff,0xfa,0xff,0xff,0x3f,0xff,0x3f,0xff,0xff,0xff,0xff,0xff,0xaa,0xae,0xab,0xbb,0xae,0xef,0xbb,0xff,
    0xff,0xff,0xff,0xff,0xff,0xff,0xff,0xff,0xfa,0xaa,0xfe,0xaa,0xfa,0xa9,0xff,0xa6,0xff,0xd9,0xff,0x66,0xfe,0x99,0xfd,0xaa,
    0xa6,0x57,0x95,0x59,0x6a,0x96,0xaa,0x65,0x99,0x99,0x66,0x66,0xaa,0x99,0x99,0x56,0x77,0x7f,0x95,0xff,0x57,0xff,0x5d,0x7f,
    0x55,0xff,0x67,0xff,0x55,0x5f,0x55,0x65,0xfa,0xaa,0xf6,0xa9,0xfa,0xaa,0xea,0xa9,0xda,0xaa,0xfa,0xaa,0xf6,0xaa,0xfd,0xaa,
    0x65,0x69,0x95,0xaa,0x55,0x6a,0x95,0x56,0x65,0x54,0x9a,0x95,0xa9,0x6a,0xa5,0xaa,0x5a,0x95,0xaa,0x65,0xaa,0x99,0xaa,0x65,
    0x01,0x99,0xfc,0x01,0xbf,0xfc,0xaa,0xaf,0xff,0x1a,0xff,0xc5,0xff,0x3f,0xff,0x3f,0xff,0x3f,0xff,0x4f,0xff,0x34,0xff,0x3d,
    0x56,0xaa,0x7e,0xaa,0xff,0xaa,0xfc,0x2a,0xf3,0xe8,0xc3,0x68,0x81,0xa8,0x2a,0xa3,0xaa,0xaa,0xaa,0xaa,0xa0,0x0a,0x05,0x50,
    0x55,0x55,0x55,0x55,0x95,0x56,0xe9,0x5b,0xfc,0xf5,0xfd,0xd4,0xf7,0x50,0xcd,0x4c,0xc5,0x3c,0x14,0xfc,0x13,0xfc,0xcf,0xfc,
    0x0a,0x8f,0x01,0x3f,0x04,0xff,0x13,0xff,0x13,0xff,0x4f,0xff,0x4f,0xff,0x3f,0xff,0xff,0xff,0xe6,0xbb,0x99,0xae,0x56,0x6b,
    0x55,0xae,0x56,0x6b,0x99,0xae,0x66,0xbf,0x9a,0xff,0x56,0x6f,0x55,0xa6,0x59,0xa9,0x66,0xb9,0x99,0xea,0x6b,0xf9,0xbe,0xfe,
    0xfb,0xbf,0xbe,0xef,0xfb,0xbf,0xff,0xff,0xff,0xff,0xff,0xff,0xff,0xff,0xff,0xff,0xff,0xcf,0xff,0xdd,0xff,0x75,0xfc,0xd4,
    0xfc,0x50,0xf1,0x4c,0xf1,0x3c,0xfc,0xff,0x50,0xa8,0x40,0x43,0x01,0x3f,0x04,0xff,0x13,0xff,0x13,0xff,0x4f,0xff,0x3f,0xff,
    0x95,0x6a,0xd7,0xea,0xff,0xea,0xff,0xf6,0xff,0xe2,0xff,0xa2,0x49,0x0a,0xd2,0xaa,0x4f,0xff,0x53,0xff,0x93,0xff,0x94,0xff,
    0x94,0xfd,0xe4,0xfc,0xe4,0xfc,0xe4,0xfc,0xca,0x3c,0xf4,0x41,0xc2,0xa5,0x2f,0xfd,0x7f,0xfe,0xff,0xfe,0xff,0xfe,0xbf,0xfa,
    0x2a,0xaa,0xc2,0xaa,0xfc,0x29,0xff,0xc5,0xff,0xf1,0xff,0xfc,0xff,0xfc,0xff,0xff,0xff,0xff,0xff,0xff,0xff,0xff,0xff,0xff,
    0xff,0xd0,0xff,0xc5,0xff,0xf0,0xff,0xff,0xff,0xff,0xff,0xff,0xff,0xff,0xff,0xff,0x3f,0xff,0x43,0xff,0x54,0xff,0x25,0x3f,
    0xc9,0x4f,0xce,0x4f,0xcf,0x53,0xcf,0x53,0xcf,0x53,0xcf,0x50,0x3f,0x4c,0x3e,0x4c,0x55,0x50,0x55,0x54,0x00,0x12,0x55,0x52,
    0x55,0x52,0x55,0x54,0x95,0x54,0x95,0x55,0xff,0xfc,0xff,0xf7,0xff,0xf7,0xff,0xcf,0xff,0xdf,0xff,0x7f,0xff,0x3f,0xff,0x3f,
    0xfd,0x4f,0xf9,0x3f,0xf5,0x3f,0xf4,0xff,0xf4,0xff,0xf4,0xff,0xf5,0x3f,0xf5,0x4f,0xff,0xff,0xff,0xff,0xff,0xff,0xff,0xff,
    0xff,0xff,0xff,0xff,0xff,0xfc,0xff,0xf5,0xff,0xff,0xff,0xff,0xff,0xff,0xff,0xff,0xc3,0xff,0x33,0xff,0xd3,0xff,0xdf,0xff,
    0xff,0xf3,0xff,0xdf,0xff,0xcd,0xff,0xcd,0xff,0x7d,0xff,0x3d,0xff,0x3d,0xff,0x3d,0x4f,0xff,0x4f,0xff,0x4f,0xff,0x3f,0xff,
    0x3f,0xff,0x3f,0xfc,0x3f,0xfc,0x3f,0xfc,0xfc,0xfd,0xfc,0xfd,0xfc,0xfd,0xfc,0xff,0xfc,0xff,0xfc,0xff,0xfc,0xff,0xfc,0xff,
    0x3f,0xff,0x4f,0xff,0x4f,0xff,0x53,0xff,0x53,0xff,0xd4,0xff,0xd5,0x3f,0xf5,0x4f,0x55,0x55,0x55,0x55,0x55,0x55,0x14,0x05,
    0xc0,0x01,0xff,0x53,0xff,0xc0,0xff,0x15,0xff,0xff,0xff,0xff,0xcf,0xff,0x23,0xff,0x13,0xff,0x44,0xff,0x14,0xff,0xc1,0x3f,
    0xff,0xff,0xff,0xff,0xff,0xfc,0xff,0xf2,0xff,0xf1,0xff,0xf1,0xff,0xfc,0xff,0xfc,0x39,0x3f,0x15,0x3f,0x40,0x7f,0xe9,0x3f,
    0xa5,0x3f,0x55,0x3f,0x54,0xf2,0x03,0xd9,0xff,0xf1,0xff,0xc5,0xff,0xc5,0xff,0x14,0xff,0x14,0xfc,0x53,0xfc,0x53,0xfc,0x53,
    0x4f,0xc5,0x3f,0xc5,0xff,0xf1,0xff,0xf4,0xff,0xff,0xff,0xff,0xff,0xff,0xff,0xff,0xfc,0x54,0xfc,0x94,0xfc,0x94,0xff,0x15,
    0xff,0x25,0xff,0x25,0xff,0x35,0xff,0xc5,0xff,0xff,0xff,0xff,0xff,0xff,0x3f,0xff,0x3f,0xff,0x4f,0xff,0x4f,0xff,0x53,0xff,
    0xff,0xc9,0xff,0xc9,0xff,0xcd,0xff,0xf2,0xff,0xf2,0xff,0xf3,0xff,0xfc,0xff,0xfc,0x53,0xff,0x54,0xff,0x54,0xff,0x55,0x3f,
    0x55,0x3f,0x55,0x4f,0x95,0x50,0xd5,0x55,0xff,0xff,0xff,0xff,0xff,0xff,0xff,0xfd,0xff,0xd0,0xff,0x3d,0xfc,0xbe,0xfc,0x69,
    0xff,0xc3,0xfc,0x24,0x43,0x83,0xe4,0x4f,0x94,0x3f,0x04,0xff,0x43,0xf2,0x4f,0xd9,0xfc,0x55,0xff,0x15,0xfc,0x40,0xf2,0x4f,
    0xf2,0x4f,0xc9,0x4f,0xc9,0x3f,0xc5,0x3f,0xc5,0x3f,0x25,0x3f,0x25,0x3f,0x25,0x3f,0x25,0x4f,0x25,0x4f,0x15,0x4f,0xc5,0x53,
    0xc5,0x53,0xc5,0x54,0xc9,0x54,0xf1,0x55,0xf2,0x55,0xfc,0x55,0xfc,0x95,0xff,0x25,0xff,0xff,0xff,0xff,0xff,0xff,0x3f,0xff,
    0x4f,0xff,0x50,0xff,0x55,0x03,0x55,0x54,0xff,0xc9,0xff,0xf2,0xff,0xfc,0xff,0xff,0xff,0xff,0xff,0xff,0xff,0xff,0xff,0xff,
    0x55,0x55,0x55,0x55,0x95,0x55,0x39,0x55,0xc3,0xa5,0xfc,0x0f,0xff,0xf0,0xff,0xff,0xf2,0xa2,0xf4,0x85,0xf5,0x55,0xd9,0x55,
    0xc5,0x55,0x15,0x55,0x95,0x51,0x55,0x54,0xa5,0x39,0x54,0xb2,0x54,0xa2,0x54,0xaa,0x51,0x2a,0x51,0x40,0x51,0x54,0x05,0x54,
    0xff,0xff,0xff,0xff,0x3f,0xff,0x3f,0xff,0x03,0xff,0xf8,0x00,0xff,0xea,0x30,0x00,0xff,0xff,0xff,0xff,0xff,0xff,0xff,0xff,
    0xff,0xff,0x0f,0xff,0xa0,0x3f,0x2a,0x81,0xff,0xff,0xff,0xff,0xff,0xf4,0xff,0x0a,0xfc,0xa8,0xfd,0x00,0xff,0xc1,0xff,0xfc,
    0xfc,0xf0,0xf0,0x3f,0x0a,0x80,0xa8,0x02,0x00,0x44,0x15,0x15,0x54,0x55,0x54,0x55,0x3c,0xaa,0xc0,0xea,0xf3,0xfa,0x03,0xfa,
    0xa2,0xfa,0x20,0xea,0x40,0xaa,0x50,0xaa,0x28,0x00,0xc8,0x45,0xc8,0x51,0x28,0x54,0xa8,0x55,0x21,0x55,0x21,0x55,0x85,0x55,
    0x00,0xa8,0x40,0x03,0x55,0x3f,0x54,0xff,0x14,0xff,0x43,0xff,0x43,0xff,0x53,0xff,0x11,0x55,0x11,0x55,0xc5,0x00,0xc0,0xff,
    0xff,0xff,0xff,0xff,0xff,0xff,0xf1,0x3f,0x53,0xaa,0x4b,0xaa,0x0a,0xa2,0xca,0xa2,0xca,0xaa,0xc0,0xaa,0xf2,0xaa,0xfc,0x2a,
    0x85,0x50,0xa1,0x0f,0xa0,0xff,0xa8,0xff,0xa8,0xff,0xaa,0x3f,0xaa,0x3f,0x6a,0x3f,0x03,0xff,0xff,0xff,0xff,0xff,0xff,0xff,
    0xff,0xff,0xff,0xff,0xff,0xff,0xff,0xff,0x3c,0xaa,0xc0,0xfe,0xf3,0xfe,0x03,0xfa,0xf2,0xea,0xf0,0xaa,0x00,0x2a,0xa3,0xea,
    0x4f,0xaa,0x3a,0x8a,0x2a,0x2a,0x2a,0xaa,0x2a,0xaa,0xca,0xaa,0xf2,0xa0,0xff,0x0a,0xaa,0xaa,0xaa,0xaa,0xaa,0xaa,0xaa,0x8a,
    0xa0,0x0a,0x00,0x08,0x00,0x08,0x00,0x08,0x80,0x22,0x2a,0x82,0x80,0x28,0xab,0xea,0xaf,0xba,0xaf,0xee,0xa3,0xba,0xa2,0xee,
    0x2a,0xaa,0x2a,0xaa,0xca,0xaa,0x0a,0xaa,0x2a,0xaa,0x3a,0xaa,0xfa,0x80,0xea,0xa3,0xfa,0xa3,0xea,0xa3,0xaa,0xa3,0xaa,0xa3,
    0x80,0x8f,0x37,0x4f,0x37,0x3f,0xc0,0xff,0xff,0xf2,0xff,0xf2,0xff,0xfc,0xff,0xfc,0xff,0xff,0xff,0xff,0xff,0xff,0xff,0xff,
    0xa8,0x2a,0x69,0x00,0xdf,0x3f,0xdc,0xff,0x03,0xff,0xff,0xff,0xff,0xff,0xff,0xff,0x3c,0xaa,0xc0,0xfe,0xf3,0xfe,0x03,0xfa,
    0xa2,0xea,0x20,0xaa,0x40,0x2a,0x43,0xea,0xaa,0xaa,0xa0,0xaa,0x8a,0xaa,0x8a,0xaa,0xaa,0x0a,0x80,0xaa,0xa2,0xaa,0xaa,0xaa,
    0xa2,0xba,0xa8,0xaa,0xa8,0xaa,0xaf,0x2a,0xdf,0xc2,0xdf,0xfc,0xf7,0xff,0xfd,0xff,0xaa,0x0f,0xaa,0x91,0xaa,0x9c,0xaa,0x9c,
    0xaa,0x40,0x09,0xf3,0xf0,0x0f,0xff,0xf0,0x52,0xa8,0x0a,0xa8,0x6a,0xa8,0x6a,0xa3,0xaa,0xa3,0x6a,0x8f,0x68,0x3f,0x03,0xff,
    0x8f,0xaa,0x3a,0x8a,0x2a,0x2a,0x2a,0xaa,0x2a,0xaa,0xca,0xaa,0xf2,0xa0,0xff,0x0a,0xfa,0xaa,0xea,0xaa,0xaa,0xaa,0xaa,0xaa,
    0xfe,0x9a,0xfa,0x8a,0xfa,0x8a,0xea,0x2a,0xfa,0xaa,0xea,0xaa,0xaa,0xaa,0xaa,0xaa,0xe8,0x1a,0xe1,0xfa,0x80,0xfa,0x44,0xda,
    0x01,0x6a,0xaa,0xaa,0xa5,0xaa,0x40,0x6a,0x01,0x44,0x14,0x14,0x00,0x45,0x1a,0x86,0x55,0x56,0x55,0x55,0x55,0x55,0x55,0x5a,
    0x55,0x6f,0x95,0xbf,0x65,0xbf,0x96,0xff,0xf6,0xfa,0xb7,0xfa,0x5b,0xfa,0x97,0xea,0xe9,0xa9,0xfa,0x65,0xfe,0x65,0xfa,0x95,
    0xa9,0x7f,0xaa,0x5f,0xaa,0x57,0x95,0x59,0x55,0x5a,0x56,0x96,0x5a,0xa6,0x5a,0xa5,0xff,0xa6,0xff,0x99,0xff,0xa6,0xff,0xe9,
    0xff,0xe6,0xff,0xf9,0xff,0xfa,0xff,0xfe,0x66,0xff,0x9a,0xff,0x66,0xff,0x9a,0xff,0x66,0xbf,0x96,0xaf,0x56,0xa9,0x5a,0xa9,
    0xfe,0x95,0xfa,0x95,0xea,0x95,0xba,0x65,0xe9,0x95,0x95,0x95,0x56,0x55,0x69,0x55,0x5a,0xa5,0x56,0x95,0x55,0x55,0x55,0x59,
    0x55,0x59,0x55,0x65,0x55,0x96,0x5a,0x59,0xa7,0xff,0xa7,0xff,0xa7,0xff,0x6f,0xff,0x6f,0xff,0xbf,0xff,0xff,0xff,0xff,0xff,
    0xff,0xff,0xff,0xf5,0xff,0x5f,0xfd,0xff,0xf7,0xff,0xf7,0xff,0xfd,0xf9,0xff,0x57,0x6a,0xa9,0xff,0xa6,0xff,0xde,0xf5,0x7e,
    0xdf,0xea,0x9f,0xd5,0x5f,0x9f,0xf5,0x7f,0x65,0x55,0x59,0x6a,0x6a,0xbd,0x7f,0xfd,0x7f,0xff,0xff,0xff,0xff,0xff,0xff,0xff,
    0xa9,0x5a,0xaa,0xff,0xab,0xfa,0xab,0xff,0x55,0xff,0xff,0x5f,0xff,0xf5,0xff,0xff,0x5f,0xff,0xf5,0x7f,0xbf,0xd7,0xef,0xf9,
    0xef,0xa9,0xea,0x97,0x55,0x7f,0xff,0xff,0xff,0xff,0xff,0xff,0xff,0xfa,0xff,0xe9,0xff,0xa6,0xff,0x9a,0x9e,0x65,0xf6,0x55,
    0xff,0xf7,0xf6,0x75,0xdf,0xdf,0xdf,0xff,0xdf,0xdf,0xf5,0x6f,0xff,0x7f,0xff,0xdf,0xfa,0x55,0xaf,0x96,0x5f,0x9b,0xff,0xef,
    0xf9,0xaf,0xe7,0xf7,0xb7,0xf7,0xb7,0xd6,0x56,0xbf,0xab,0xfb,0xfd,0xaf,0xff,0xff,0xff,0xda,0xff,0xa5,0xfa,0x56,0xa5,0x56,
    0xe7,0xea,0xea,0xff,0xfa,0xff,0xaa,0xff,0x5e,0xff,0xab,0xbf,0xeb,0xa9,0xf9,0x56,0x9a,0xf6,0xa7,0xfd,0xa7,0xfd,0xe7,0xfd,
    0xea,0xfa,0x56,0xa7,0xa9,0x5f,0xa9,0xff,0x7f,0xff,0xa7,0xff,0xa9,0x5f,0xab,0xf5,0x5f,0xfe,0xf5,0xff,0xff,0x5b,0xff,0xdf,
    0xff,0xff,0xff,0xff,0xa5,0xff,0xff,0x7f,0xff,0xdf,0xff,0x9f,0xff,0x7f,0xff,0x9f,0x7d,0x6e,0x6a,0xb9,0x95,0xb9,0x95,0x65,
    0xe5,0x65,0xe5,0x99,0xf9,0xa6,0xfe,0x59,0xff,0xf7,0xff,0xf6,0xff,0xf6,0xff,0xfd,0x7f,0xff,0x9f,0xff,0x9f,0xff,0xa7,0xff,
    0xf6,0x9f,0x9d,0x7f,0x9f,0xff,0x7f,0xff,0xff,0xff,0xff,0xff,0xff,0xff,0xff,0xff,0xff,0xd7,0xff,0xbd,0xff,0x7f,0xff,0x7f,
    0xff,0xbd,0xfe,0xf7,0xfe,0xff,0xfe,0xff,0xff,0xff,0x7f,0xfe,0xdf,0xf7,0xa5,0x57,0x7f,0xf7,0xff,0xef,0xff,0xbf,0xff,0xff,
    0x97,0xff,0xfd,0xff,0xff,0x7f,0xff,0x7f,0xfd,0xff,0xfd,0xff,0xfd,0xff,0xff,0x7f,0xf7,0xff,0xdf,0xff,0x7f,0xff,0x7f,0xff,
    0x7f,0xfe,0xaf,0xfb,0xde,0xfb,0xee,0xfb,0xff,0xff,0xff,0xff,0xff,0xff,0xff,0xff,0xfd,0x6f,0xf6,0xff,0xd5,0xff,0x99,0xef,
    0xff,0x7f,0xff,0xdf,0xff,0xdf,0xff,0xdf,0xff,0xdf,0xff,0x77,0xff,0x7d,0xfd,0xfd,0xfb,0xfe,0xab,0xff,0x5b,0xff,0x9b,0xef,
    0x66,0xff,0x55,0xaa,0x95,0x55,0x95,0x6a,0x56,0xbf,0xff,0xff,0xfa,0xff,0x95,0xbf,0x56,0x99,0x69,0x69,0x55,0x5a,0x5a,0x9a,
    0xfd,0x7f,0xf7,0x7f,0xdf,0x7f,0x7d,0xbd,0xa6,0xa9,0x55,0xa7,0x5a,0x5f,0x9a,0xa7,0x0f,0xff,0xd7,0xff,0x8d,0xff,0xf8,0xfe,
    0xff,0x41,0xff,0x3f,0xff,0xc6,0xff,0xfc,0xe2,0xaa,0xe2,0xfa,0x87,0xfe,0x0f,0xc0,0xcf,0x3f,0x5f,0x0a,0x3f,0xf0,0x3f,0xff,
    0xff,0xff,0x03,0xf0,0xfc,0x0a,0xff,0xea,0xff,0xf8,0x03,0xf3,0xfc,0x0f,0xff,0xff,0xea,0x3f,0x8a,0x8f,0x2a,0x8f,0x6a,0x8f,
    0xaa,0xa3,0xaa,0xa3,0xaa,0x68,0xa8,0xa8,0x07,0xff,0xf1,0xff,0x8f,0xff,0xf8,0xfe,0xff,0x41,0xff,0x3f,0xff,0xc6,0xff,0xfc,
    0xff,0xff,0xff,0xfe,0xff,0xe9,0xff,0x96,0xfe,0x66,0xe6,0xfb,0x9f,0xfe,0x7f,0xff,0xaf,0xff,0x5b,0xff,0xb6,0xff,0xb6,0xff,
    0xf9,0xbf,0xb9,0xbf,0xea,0xbf,0xba,0x6f,0xea,0xbf,0x95,0x6f,0x6a,0x9b,0xba,0x9b,0xee,0x9b,0xba,0x5b,0xee,0x6f,0xf9,0xbf,
    0xff,0xfd,0xff,0xeb,0xfe,0x97,0xf9,0x6b,0xe7,0xaf,0xeb,0xef,0xf9,0xef,0xfe,0x6b,0xff,0xfe,0xff,0xff,0xff,0xfe,0xff,0xfd,
    0xff,0xed,0xff,0xed,0xff,0xfb,0xff,0xff,0xea,0x6f,0x9a,0x9b,0x6a,0x9b,0x6a,0xab,0xaa,0xa6,0xaa,0xa6,0xaa,0x6a,0xa9,0xa9,
    0xfe,0x7f,0xfe,0x7f,0xfe,0x7f,0xff,0xaf,0xff,0x9f,0xff,0x9f,0xbf,0xe6,0xbf,0xe6,0xf6,0xff,0xdb,0xff,0xeb,0xff,0x6f,0xff,
    0x6f,0xff,0x6f,0xff,0x6f,0xff,0x9b,0xff,0x57,0xff,0xf5,0xff,0x9f,0xff,0xe9,0xfe,0xfe,0x55,0xfe,0x7f,0xff,0x96,0xff,0xe9,
    0xe6,0xaa,0xe6,0xfa,0x97,0xfe,0x5f,0xd5,0xdf,0x7f,0x5f,0x5a,0x7f,0xf5,0x7f,0xff,0x6f,0xf9,0x6f,0xfe,0x9b,0xfe,0x9b,0xff,
    0xa6,0xff,0xa6,0xff,0xe6,0xff,0xf9,0xbf,0x9b,0xff,0x66,0xff,0x69,0xbf,0x99,0xbf,0xe6,0x6f,0xe6,0x6f,0xe7,0x6f,0xe7,0x6f,
    0xfe,0x55,0xf9,0x5a,0xf9,0xa6,0xfe,0x5b,0xff,0xa5,0xff,0xfa,0xff,0xff,0xff,0xff,0xab,0xfe,0x56,0xa5,0xfd,0x5a,0xff,0xea,
    0xff,0xf9,0x57,0xf6,0xa9,0x5b,0xfe,0xaf,0x7f,0xeb,0x9f,0xaf,0xaa,0x9f,0x5a,0x9b,0xa5,0x9a,0xfa,0x66,0xff,0x9e,0xfa,0x7f,
    0xf9,0xbf,0xf9,0xbf,0xf9,0x6a,0xe6,0x95,0xa5,0xaa,0x9a,0x55,0x6f,0xaa,0x6f,0xff,0x9f,0x6f,0x9d,0xbf,0x7d,0xbf,0xa6,0xff,
    0x5b,0xff,0xaf,0xff,0xff,0xff,0xff,0xff,0xff,0xff,0xff,0xfe,0xff,0xf9,0xff,0xe6,0xff,0xe6,0xff,0xe5,0xff,0xf9,0xff,0xfe,
    0xa5,0xfd,0x5a,0xfd,0xaa,0xb6,0xaa,0x9b,0x5a,0x6f,0xa5,0xbf,0x5a,0xff,0xaf,0xff,0x07,0xff,0xf1,0xff,0x8f,0xff,0xf8,0xfe,
    0xff,0x41,0xff,0xff,0xff,0xf0,0xff,0xcf,
};
static const uint8_t POKEMON_ANIM_PATCHES[] = {
    0x01,0x00,0x00,0x02,0x01,0x00,0x03,0x02,0x00,0x06,0x03,0x00,0x07,0x04,0x00,0x08,0x05,0x00,0x10,0x06,0x00,0x11,0x07,0x00,
    0x01,0x08,0x00,0x02,0x09,0x00,0x03,0x0a,0x00,0x07,0x04,0x00,0x08,0x0b,0x00,0x10,0x06,0x00,0x11,0x07,0x00,0x05,0x0c,0x00,
    0x06,0x0d,0x00,0x07,0x0e,0x00,0x10,0x06,0x00,0x11,0x07,0x00,0x10,0x06,0x00,0x11,0x07,0x00,0x0a,0x0f,0x00,0x0b,0x10,0x00,
    0x0c,0x11,0x00,0x1b,0x12,0x00,0x20,0x13,0x00,0x21,0x14,0x00,0x0d,0x15,0x00,0x0e,0x16,0x00,0x0f,0x17,0x00,0x10,0x18,0x00,
    0x13,0x19,0x00,0x14,0x1a,0x00,0x15,0x1b,0x00,0x16,0x1c,0x00,0x19,0x1d,0x00,0x1a,0x1e,0x00,0x1b,0x1f,0x00,0x1c,0x20,0x00,
    0x14,0x21,0x00,0x15,0x22,0x00,0x16,0x23,0x00,0x1a,0x24,0x00,0x1b,0x25,0x00,0x1c,0x26,0x00,0x2b,0x27,0x00,0x2c,0x28,0x00,
    0x2d,0x29,0x00,0x1c,0x2a,0x00,0x1d,0x2b,0x00,0x1e,0x2c,0x00,0x1f,0x2d,0x00,0x20,0x2e,0x00,0x21,0x2f,0x00,0x23,0x30,0x00,
    0x24,0x31,0x00,0x25,0x32,0x00,0x26,0x33,0x00,0x27,0x34,0x00,0x28,0x35,0x00,0x2a,0x36,0x00,0x2b,0x37,0x00,0x2c,0x38,0x00,
    0x2d,0x39,0x00,0x2e,0x3a,0x00,0x2f,0x3b,0x00,0x01,0x3c,0x00,0x03,0x3d,0x00,0x05,0x3e,0x00,0x08,0x3f,0x00,0x0c,0x40,0x00,
    0x0d,0x41,0x00,0x0f,0x42,0x00,0x10,0x43,0x00,0x12,0x44,0x00,0x13,0x45,0x00,0x14,0x46,0x00,0x15,0x47,0x00,0x1b,0x48,0x00,
    0x1d,0x49,0x00,0x1e,0x4a,0x00,0x22,0x4b,0x00,0x08,0x4c,0x00,0x0c,0x4d,0x00,0x0d,0x4e,0x00,0x0f,0x4f,0x00,0x10,0x43,0x00,
    0x12,0x44,0x00,0x13,0x45,0x00,0x14,0x50,0x00,0x15,0x47,0x00,0x1b,0x48,0x00,0x1d,0x51,0x00,0x1e,0x4a,0x00,0x22,0x4b,0x00,
    0x22,0x52,0x00,0x29,0x53,0x00,0x23,0x54,0x00,0x26,0x55,0x00,0x23,0x56,0x00,0x26,0x57,0x00,0x0a,0x58,0x00,0x0c,0x59,0x00,
    0x0f,0x5a,0x00,0x10,0x5b,0x00,0x11,0x5c,0x00,0x00,0x5d,0x00,0x01,0x5e,0x00,0x02,0x5f,0x00,0x05,0x60,0x00,0x06,0x61,0x00,
    0x07,0x62,0x00,0x0a,0x63,0x00,0x0b,0x64,0x00,0x0c,0x59,0x00,0x0f,0x5a,0x00,0x10,0x5b,0x00,0x11,0x5c,0x00,0x06,0x65,0x00,
    0x03,0x5d,0x00,0x08,0x66,0x00,0x09,0x67,0x00,0x0d,0x68,0x00,0x0e,0x69,0x00,0x19,0x6a,0x00,0x1f,0x6b,0x00,0x20,0x6c,0x00,
    0x01,0x5d,0x00,0x02,0x6d,0x00,0x06,0x5d,0x00,0x07,0x6e,0x00,0x08,0x6f,0x00,0x09,0x5d,0x00,0x0c,0x70,0x00,0x0d,0x71,0x00,
    0x0e,0x72,0x00,0x0f,0x73,0x00,0x12,0x74,0x00,0x13,0x75,0x00,0x14,0x76,0x00,0x18,0x5d,0x00,0x19,0x77,0x00,0x1a,0x78,0x00,
    0x1b,0x79,0x00,0x01,0x5d,0x00,0x02,0x6d,0x00,0x06,0x5d,0x00,0x07,0x6e,0x00,0x08,0x6f,0x00,0x09,0x5d,0x00,0x0c,0x70,0x00,
    0x0d,0x71,0x00,0x0e,0x72,0x00,0x0f,0x7a,0x00,0x10,0x7b,0x00,0x12,0x7c,0x00,0x13,0x7d,0x00,0x14,0x7e,0x00,0x15,0x7f,0x00,
    0x16,0x80,0x00,0x18,0x81,0x00,0x19,0x82,0x00,0x1a,0x83,0x00,0x01,0x5d,0x00,0x02,0x6d,0x00,0x06,0x5d,0x00,0x07,0x6e,0x00,
    0x08,0x6f,0x00,0x09,0x5d,0x00,0x0c,0x70,0x00,0x0d,0x71,0x00,0x0e,0x72,0x00,0x0f,0x84,0x00,0x10,0x7b,0x00,0x12,0x7c,0x00,
    0x13,0x7d,0x00,0x14,0x85,0x00,0x15,0x86,0x00,0x16,0x80,0x00,0x18,0x81,0x00,0x19,0x82,0x00,0x1a,0x83,0x00,0x00,0x87,0x00,
    0x01,0x88,0x00,0x02,0x89,0x00,0x03,0x8a,0x00,0x07,0x8b,0x00,0x08,0x8c,0x00,0x09,0x8d,0x00,0x0f,0x8e,0x00,0x10,0x8f,0x00,
    0x15,0x90,0x00,0x16,0x91,0x00,0x18,0x92,0x00,0x1c,0x93,0x00,0x1e,0x94,0x00,0x1f,0x95,0x00,0x00,0x87,0x00,0x01,0x96,0x00,
    0x02,0x97,0x00,0x03,0x98,0x00,0x04,0x99,0x00,0x05,0x5d,0x00,0x06,0x5d,0x00,0x07,0x9a,0x00,0x08,0x8c,0x00,0x09,0x8d,0x00,
    0x0a,0x5d,0x00,0x0b,0x9b,0x00,0x0c,0x9c,0x00,0x0d,0x9d,0x00,0x0e,0x9e,0x00,0x0f,0x8e,0x00,0x10,0x8f,0x00,0x11,0x9f,0x00,
    0x12,0xa0,0x00,0x13,0xa1,0x00,0x14,0xa2,0x00,0x15,0xa3,0x00,0x16,0xa4,0x00,0x18,0x92,0x00,0x19,0xa5,0x00,0x1b,0xa6,0x00,
    0x1c,0x93,0x00,0x1e,0x94,0x00,0x1f,0x95,0x00,0x01,0xa7,0x00,0x02,0xa8,0x00,0x08,0xa9,0x00,0x09,0xaa,0x00,0x00,0x5d,0x00,
    0x01,0xab,0x00,0x02,0xac,0x00,0x05,0xad,0x00,0x06,0xae,0x00,0x07,0xaf,0x00,0x0a,0xb0,0x00,0x0b,0xb1,0x00,0x0c,0xb2,0x00,
    0x0d,0xb3,0x00,0x00,0x5d,0x00,0x01,0xab,0x00,0x02,0xac,0x00,0x05,0xad,0x00,0x06,0xae,0x00,0x07,0xaf,0x00,0x0a,0xb0,0x00,
    0x0b,0xb1,0x00,0x0c,0xb2,0x00,0x0d,0xb3,0x00,0x12,0xb4,0x00,0x13,0xb5,0x00,0x17,0xb6,0x00,0x18,0xb7,0x00,0x05,0xb8,0x00,
    0x06,0xb9,0x00,0x07,0xba,0x00,0x0b,0xbb,0x00,0x0b,0xbb,0x00,0x05,0xb8,0x00,0x06,0xb9,0x00,0x07,0xba,0x00,0x10,0xbc,0x00,
    0x11,0xbd,0x00,0x13,0xbe,0x00,0x14,0xbf,0x00,0x15,0xc0,0x00,0x16,0xc1,0x00,0x17,0xc2,0x00,0x19,0xc3,0x00,0x1a,0xc4,0x00,
    0x1b,0xc5,0x00,0x1c,0xc6,0x00,0x1d,0xc7,0x00,0x1f,0xc8,0x00,0x20,0xc9,0x00,0x21,0xca,0x00,0x22,0xcb,0x00,0x23,0xcc,0x00,
    0x0e,0xcd,0x00,0x0f,0xce,0x00,0x14,0xcf,0x00,0x15,0xd0,0x00,0x07,0xd1,0x00,0x09,0xd2,0x00,0x0d,0xd3,0x00,0x0e,0xd4,0x00,
    0x0f,0xd5,0x00,0x08,0xd6,0x00,0x09,0xd7,0x00,0x0a,0xd8,0x00,0x0b,0xd9,0x00,0x0e,0xda,0x00,0x0f,0xdb,0x00,0x10,0xdc,0x00,
    0x11,0xdd,0x00,0x15,0xde,0x00,0x16,0xdf,0x00,0x17,0xe0,0x00,0x18,0xe1,0x00,0x19,0xe2,0x00,0x1a,0xe3,0x00,0x1d,0xe4,0x00,
    0x1e,0xe5,0x00,0x1f,0xe6,0x00,0x20,0xe7,0x00,0x21,0xe8,0x00,0x26,0xe9,0x00,0x27,0xea,0x00,0x28,0xeb,0x00,0x2e,0xec,0x00,
    0x2f,0xed,0x00,0x00,0xee,0x00,0x01,0xef,0x00,0x02,0xf0,0x00,0x07,0xf1,0x00,0x08,0xf2,0x00,0x09,0xf3,0x00,0x0a,0xd8,0x00,
    0x0b,0xd9,0x00,0x0c,0xf4,0x00,0x0d,0xf5,0x00,0x0e,0xda,0x00,0x0f,0xf6,0x00,0x10,0xf7,0x00,0x11,0xdd,0x00,0x13,0xf8,0x00,
    0x14,0xf9,0x00,0x15,0xfa,0x00,0x16,0xfb,0x00,0x17,0xfc,0x00,0x18,0xfd,0x00,0x19,0xe2,0x00,0x1a,0xe3,0x00,0x1c,0xfe,0x00,
    0x1d,0xff,0x00,0x1e,0x00,0x01,0x1f,0x01,0x01,0x20,0xe7,0x00,0x21,0xe8,0x00,0x26,0xe9,0x00,0x27,0xea,0x00,0x28,0xeb,0x00,
    0x2e,0xec,0x00,0x2f,0xed,0x00,0x08,0xd6,0x00,0x09,0x02,0x01,0x0a,0xd8,0x00,0x0b,0xd9,0x00,0x0e,0xda,0x00,0x0f,0xf6,0x00,
    0x10,0xf7,0x00,0x11,0xdd,0x00,0x15,0xde,0x00,0x16,0xfb,0x00,0x17,0xfc,0x00,0x18,0xfd,0x00,0x19,0xe2,0x00,0x1a,0xe3,0x00,
    0x1c,0xfe,0x00,0x1d,0xff,0x00,0x1e,0x00,0x01,0x1f,0x01,0x01,0x20,0xe7,0x00,0x21,0xe8,0x00,0x26,0xe9,0x00,0x27,0xea,0x00,
    0x28,0xeb,0x00,0x29,0x03,0x01,0x2e,0xec,0x00,0x2f,0xed,0x00,0x29,0x03,0x01,0x05,0x5d,0x00,0x06,0x04,0x01,0x07,0x05,0x01,
    0x08,0x06,0x01,0x0a,0x5d,0x00,0x0b,0x07,0x01,0x0c,0x08,0x01,0x0d,0x09,0x01,0x10,0x0a,0x01,0x11,0x0b,0x01,0x05,0x0c,0x01,
    0x06,0x0d,0x01,0x07,0x0e,0x01,0x08,0x06,0x01,0x0a,0x5d,0x00,0x0b,0x07,0x01,0x0c,0x0f,0x01,0x0d,0x09,0x01,0x10,0x0a,0x01,
    0x11,0x0b,0x01,0x0c,0x10,0x01,0x07,0x11,0x01,0x08,0x12,0x01,0x0b,0x13,0x01,0x0c,0x14,0x01,0x0d,0x15,0x01,0x0f,0x16,0x01,
    0x10,0x17,0x01,0x11,0x18,0x01,0x12,0x19,0x01,0x07,0x1a,0x01,0x08,0x1b,0x01,0x0b,0x1c,0x01,0x0c,0x1d,0x01,0x0d,0x1e,0x01,
    0x0f,0x5d,0x00,0x10,0x1f,0x01,0x11,0x20,0x01,0x12,0x19,0x01,0x14,0x21,0x01,0x15,0x22,0x01,0x07,0x11,0x01,0x08,0x12,0x01,
    0x07,0x1a,0x01,0x08,0x1b,0x01,0x01,0x23,0x01,0x02,0x24,0x01,0x04,0x25,0x01,0x05,0x26,0x01,0x06,0x5d,0x00,0x08,0x27,0x01,
    0x09,0x28,0x01,0x0a,0x29,0x01,0x0b,0x2a,0x01,0x0c,0x2b,0x01,0x0d,0x2c,0x01,0x0f,0x2d,0x01,0x12,0x2e,0x01,0x13,0x2f,0x01,
    0x14,0x30,0x01,0x16,0x31,0x01,0x19,0x32,0x01,0x1a,0x33,0x01,0x1b,0x5d,0x00,0x20,0x34,0x01,0x21,0x35,0x01,0x22,0x5d,0x00,
    0x24,0x36,0x01,0x25,0x37,0x01,0x26,0x38,0x01,0x27,0x39,0x01,0x28,0x5d,0x00,0x2b,0x5d,0x00,0x2c,0x3a,0x01,0x2d,0x3b,0x01,
    0x2e,0x3c,0x01,0x2f,0x5d,0x00,0x16,0x3d,0x01,0x17,0x3e,0x01,0x06,0x3f,0x01,0x07,0x40,0x01,0x0b,0x41,0x01,0x0c,0x42,0x01,
    0x02,0x43,0x01,0x07,0x44,0x01,0x08,0x45,0x01,0x0d,0x46,0x01,0x0e,0x47,0x01,0x12,0x48,0x01,0x13,0x49,0x01,0x0d,0x46,0x01,
    0x0e,0x5d,0x00,0x12,0x48,0x01,0x13,0x4a,0x01,0x01,0x4b,0x01,0x02,0x4c,0x01,0x03,0x4d,0x01,0x06,0x4e,0x01,0x07,0x4f,0x01,
    0x08,0x50,0x01,0x0b,0x51,0x01,0x0c,0x52,0x01,0x0d,0x53,0x01,0x01,0x54,0x01,0x02,0x55,0x01,0x03,0x56,0x01,0x04,0x57,0x01,
    0x05,0x58,0x01,0x08,0x59,0x01,0x09,0x5a,0x01,0x0a,0x5b,0x01,0x0b,0x5c,0x01,0x0c,0x5d,0x01,0x0d,0x5d,0x00,0x0f,0x5e,0x01,
    0x10,0x5f,0x01,0x11,0x60,0x01,0x12,0x61,0x01,0x13,0x62,0x01,0x14,0x5d,0x00,0x16,0x63,0x01,0x17,0x64,0x01,0x18,0x65,0x01,
    0x19,0x66,0x01,0x1a,0x67,0x01,0x1b,0x5d,0x00,0x01,0x68,0x01,0x02,0x69,0x01,0x03,0x56,0x01,0x04,0x6a,0x01,0x05,0x6b,0x01,
    0x08,0x59,0x01,0x09,0x6c,0x01,0x0a,0x5b,0x01,0x0b,0x6d,0x01,0x0c,0x6e,0x01,0x0d,0x5d,0x00,0x0f,0x6f,0x01,0x10,0x5f,0x01,
    0x11,0x60,0x01,0x12,0x70,0x01,0x13,0x71,0x01,0x14,0x5d,0x00,0x16,0x63,0x01,0x17,0x64,0x01,0x18,0x65,0x01,0x19,0x72,0x01,
    0x1a,0x67,0x01,0x1b,0x5d,0x00,0x01,0x73,0x01,0x02,0x74,0x01,0x03,0x56,0x01,0x08,0x75,0x01,0x09,0x76,0x01,0x0a,0x5b,0x01,
    0x0f,0x77,0x01,0x10,0x5f,0x01,0x11,0x78,0x01,0x17,0x64,0x01,0x18,0x65,0x01,0x00,0x5d,0x00,0x03,0x5d,0x00,0x04,0x79,0x01,
    0x05,0x7a,0x01,0x06,0x7b,0x01,0x08,0x7c,0x01,0x09,0x7d,0x01,0x0a,0x7e,0x01,0x0d,0x7f,0x01,0x00,0x5d,0x00,0x03,0x5d,0x00,
    0x04,0x5d,0x00,0x05,0x80,0x01,0x06,0x7b,0x01,0x08,0x81,0x01,0x09,0x5d,0x00,0x0a,0x82,0x01,0x0b,0x83,0x01,0x0c,0x84,0x01,
    0x0d,0x85,0x01,0x0e,0x86,0x01,0x0f,0x87,0x01,0x11,0x88,0x01,0x12,0x89,0x01,0x0b,0x8a,0x01,0x00,0x5d,0x00,0x01,0x8b,0x01,
    0x02,0x8c,0x01,0x06,0x8d,0x01,0x07,0x8e,0x01,0x08,0x8f,0x01,0x09,0x16,0x01,0x0c,0x90,0x01,0x0d,0x91,0x01,0x0e,0x92,0x01,
    0x12,0x93,0x01,0x13,0x94,0x01,0x14,0x95,0x01,0x18,0x96,0x01,0x19,0x97,0x01,0x1a,0x98,0x01,0x1f,0x99,0x01,0x20,0x9a,0x01,
    0x00,0x5d,0x00,0x01,0x5d,0x00,0x02,0x5d,0x00,0x06,0x8d,0x01,0x07,0x9b,0x01,0x08,0x9c,0x01,0x09,0x16,0x01,0x0c,0x90,0x01,
    0x0d,0x91,0x01,0x0e,0x9d,0x01,0x0f,0x9e,0x01,0x12,0x93,0x01,0x13,0x94,0x01,0x14,0x95,0x01,0x18,0x96,0x01,0x19,0x97,0x01,
    0x1a,0x98,0x01,0x1f,0x99,0x01,0x20,0x9a,0x01,0x00,0x5d,0x00,0x01,0x5d,0x00,0x02,0x5d,0x00,0x06,0x8d,0x01,0x07,0x9b,0x01,
    0x08,0x9c,0x01,0x09,0x16,0x01,0x0c,0x90,0x01,0x0d,0x91,0x01,0x0e,0x9d,0x01,0x0f,0x9e,0x01,0x12,0x9f,0x01,0x13,0xa0,0x01,
    0x14,0x95,0x01,0x18,0x96,0x01,0x19,0x97,0x01,0x1a,0x98,0x01,0x1f,0x99,0x01,0x20,0x9a,0x01,0x0d,0xa1,0x01,0x01,0x5d,0x00,
    0x02,0xa2,0x01,0x03,0xa3,0x01,0x04,0x5d,0x00,0x05,0x5d,0x00,0x08,0xa4,0x01,0x09,0xa5,0x01,0x0a,0xa6,0x01,0x0b,0xa7,0x01,
    0x0c,0x5d,0x00,0x0f,0xa8,0x01,0x10,0xa9,0x01,0x11,0xaa,0x01,0x12,0xab,0x01,0x13,0xac,0x01,0x16,0xad,0x01,0x17,0x5d,0x00,
    0x18,0xae,0x01,0x15,0xaf,0x01,0x16,0xb0,0x01,0x19,0xb1,0x01,0x1c,0xb2,0x01,0x1d,0xb3,0x01,0x1f,0xb4,0x01,0x20,0xb5,0x01,
    0x21,0xb6,0x01,0x23,0xb7,0x01,0x24,0xb8,0x01,0x27,0xb9,0x01,0x28,0xba,0x01,0x29,0xbb,0x01,0x2f,0xbc,0x01,0x10,0xbd,0x01,
    0x05,0x5d,0x00,0x06,0x5d,0x00,0x07,0xbe,0x01,0x08,0xbf,0x01,0x0a,0xc0,0x01,0x0b,0xc1,0x01,0x0c,0xc2,0x01,0x0d,0xc3,0x01,
    0x0f,0xc4,0x01,0x10,0xc5,0x01,0x11,0xc6,0x01,0x12,0xc7,0x01,0x14,0xc8,0x01,0x15,0xc9,0x01,0x16,0xca,0x01,0x17,0xcb,0x01,
    0x05,0x5d,0x00,0x06,0x5d,0x00,0x07,0xbe,0x01,0x08,0xbf,0x01,0x0a,0xc0,0x01,0x0b,0xc1,0x01,0x0c,0xc2,0x01,0x0d,0xc3,0x01,
    0x0f,0xc4,0x01,0x10,0xc5,0x01,0x11,0xc6,0x01,0x12,0xc7,0x01,0x14,0xc8,0x01,0x15,0xc9,0x01,0x16,0xca,0x01,0x17,0xcb,0x01,
    0x05,0x5d,0x00,0x06,0xcc,0x01,0x07,0xbe,0x01,0x08,0xbf,0x01,0x0a,0xcd,0x01,0x0b,0xce,0x01,0x0c,0xcf,0x01,0x0d,0xd0,0x01,
    0x0f,0xc4,0x01,0x10,0xc5,0x01,0x11,0xc6,0x01,0x12,0xc7,0x01,0x14,0xc8,0x01,0x15,0xc9,0x01,0x16,0xca,0x01,0x17,0xcb,0x01,
    0x07,0xd1,0x01,0x08,0xd2,0x01,0x09,0x5d,0x00,0x08,0xd3,0x01,0x09,0xd4,0x01,0x0a,0xd5,0x01,0x0c,0xd6,0x01,0x0d,0xd7,0x01,
    0x0e,0xd8,0x01,0x0f,0xd9,0x01,0x12,0xda,0x01,0x13,0xdb,0x01,0x14,0xdc,0x01,0x01,0xdd,0x01,0x02,0xde,0x01,0x03,0xdf,0x01,
    0x06,0xe0,0x01,0x07,0xe1,0x01,0x08,0xe2,0x01,0x09,0xe3,0x01,0x0a,0xe4,0x01,0x0c,0xe5,0x01,0x0d,0xe6,0x01,0x0e,0xe7,0x01,
    0x0f,0xe8,0x01,0x10,0xe9,0x01,0x12,0xea,0x01,0x13,0xeb,0x01,0x14,0xec,0x01,0x15,0xed,0x01,0x18,0xee,0x01,0x07,0xef,0x01,
    0x08,0xf0,0x01,0x05,0xf1,0x01,0x0a,0xf2,0x01,0x0b,0xf3,0x01,0x01,0xf4,0x01,0x02,0xf5,0x01,0x05,0xf6,0x01,0x06,0xf7,0x01,
    0x07,0xf8,0x01,0x0a,0xf9,0x01,0x0b,0xfa,0x01,0x06,0xfb,0x01,0x08,0xfc,0x01,0x09,0xfd,0x01,0x0d,0xfe,0x01,0x0e,0xff,0x01,
    0x12,0x00,0x02,0x13,0x01,0x02,0x06,0xfb,0x01,0x08,0xfc,0x01,0x09,0xfd,0x01,0x0c,0x02,0x02,0x0d,0x03,0x02,0x0e,0xff,0x01,
    0x11,0x04,0x02,0x12,0x05,0x02,0x13,0x01,0x02,0x17,0x06,0x02,0x05,0xf1,0x01,0x08,0xfc,0x01,0x09,0xfd,0x01,0x0a,0xf2,0x01,
    0x0b,0xf3,0x01,0x0d,0xfe,0x01,0x0e,0xff,0x01,0x06,0xfb,0x01,0x01,0x07,0x02,0x02,0x08,0x02,0x04,0x09,0x02,0x05,0x0a,0x02,
    0x06,0x0b,0x02,0x09,0x0c,0x02,0x0a,0x0d,0x02,0x0b,0x0e,0x02,0x0c,0x0f,0x02,0x0d,0x10,0x02,0x0e,0x11,0x02,0x0f,0x12,0x02,
    0x10,0x13,0x02,0x12,0x14,0x02,0x13,0x15,0x02,0x14,0x16,0x02,0x15,0x17,0x02,0x16,0x18,0x02,0x17,0x5d,0x00,0x19,0x19,0x02,
    0x1a,0x1a,0x02,0x1b,0x5d,0x00,0x1d,0x5d,0x00,0x1e,0x1b,0x02,0x20,0x1c,0x02,0x21,0x1d,0x02,0x22,0x5d,0x00,0x24,0x5d,0x00,
    0x27,0x5d,0x00,0x28,0x5d,0x00,0x29,0x5d,0x00,0x2f,0x5d,0x00,0x0f,0x12,0x02,0x16,0x1e,0x02,0x09,0x1f,0x02,0x0b,0x20,0x02,
    0x0e,0x21,0x02,0x0f,0x22,0x02,0x10,0x23,0x02,0x11,0x24,0x02,0x12,0x25,0x02,0x13,0x26,0x02,0x14,0x27,0x02,0x15,0x28,0x02,
    0x16,0x29,0x02,0x17,0x5d,0x00,0x18,0x2a,0x02,0x19,0x2b,0x02,0x1a,0x2c,0x02,0x1b,0x2d,0x02,0x1d,0x5d,0x00,0x1e,0x1b,0x02,
    0x20,0x2e,0x02,0x21,0x1d,0x02,0x22,0x5d,0x00,0x24,0x5d,0x00,0x27,0x5d,0x00,0x28,0x5d,0x00,0x29,0x5d,0x00,0x2f,0x5d,0x00,
    0x08,0x2f,0x02,0x0f,0x30,0x02,0x00,0x31,0x02,0x01,0x32,0x02,0x02,0x33,0x02,0x05,0x34,0x02,0x06,0x35,0x02,0x07,0x36,0x02,
    0x0a,0x5d,0x00,0x0b,0x37,0x02,0x0c,0x38,0x02,0x00,0x5d,0x00,0x01,0x5d,0x00,0x02,0x5d,0x00,0x05,0x39,0x02,0x06,0x3a,0x02,
    0x07,0x3b,0x02,0x08,0x3c,0x02,0x0a,0x3d,0x02,0x0b,0x3e,0x02,0x0c,0x3f,0x02,0x0d,0x40,0x02,0x0f,0x41,0x02,0x10,0x42,0x02,
    0x00,0x5d,0x00,0x01,0x5d,0x00,0x02,0x5d,0x00,0x05,0x39,0x02,0x06,0x3a,0x02,0x07,0x3b,0x02,0x08,0x3c,0x02,0x0a,0x3d,0x02,
    0x0b,0x3e,0x02,0x0c,0x3f,0x02,0x0d,0x40,0x02,0x0f,0x41,0x02,0x10,0x43,0x02,0x09,0x44,0x02,0x0e,0x45,0x02,0x09,0x46,0x02,
    0x0e,0x45,0x02,0x0c,0x5d,0x00,0x0d,0x47,0x02,0x14,0x48,0x02,0x1a,0x49,0x02,0x1b,0x4a,0x02,0x20,0x4b,0x02,0x21,0x4c,0x02,
    0x22,0x5d,0x00,0x28,0x4d,0x02,0x29,0x4e,0x02,0x2f,0x4f,0x02,0x30,0x50,0x02,0x0c,0x5d,0x00,0x0d,0x5d,0x00,0x13,0x51,0x02,
    0x14,0x5d,0x00,0x1a,0x52,0x02,0x1b,0x53,0x02,0x21,0x5d,0x00,0x22,0x54,0x02,0x28,0x55,0x02,0x29,0x56,0x02,0x30,0x57,0x02,
    0x0c,0x58,0x02,0x0d,0x5d,0x00,0x13,0x59,0x02,0x14,0x5a,0x02,0x1a,0x5b,0x02,0x1b,0x5c,0x02,0x21,0x5d,0x02,0x22,0x5e,0x02,
    0x28,0x5f,0x02,0x29,0x60,0x02,0x30,0x61,0x02,0x09,0x62,0x02,0x0f,0x63,0x02,0x10,0x64,0x02,0x10,0x65,0x02,0x16,0x66,0x02,
    0x17,0x67,0x02,0x10,0x68,0x02,0x17,0x69,0x02,0x00,0x6a,0x02,0x01,0x6b,0x02,0x02,0x6c,0x02,0x03,0x6d,0x02,0x05,0x6e,0x02,
    0x06,0x6f,0x02,0x07,0x70,0x02,0x08,0x71,0x02,0x09,0x72,0x02,0x0b,0x73,0x02,0x0c,0x74,0x02,0x0d,0x75,0x02,0x0e,0x76,0x02,
    0x0f,0x77,0x02,0x11,0x78,0x02,0x00,0x6a,0x02,0x01,0x6b,0x02,0x02,0x6c,0x02,0x03,0x6d,0x02,0x05,0x6e,0x02,0x06,0x79,0x02,
    0x07,0x7a,0x02,0x08,0x71,0x02,0x09,0x72,0x02,0x0b,0x73,0x02,0x0c,0x74,0x02,0x0d,0x75,0x02,0x0e,0x76,0x02,0x0f,0x77,0x02,
    0x11,0x7b,0x02,0x12,0x7c,0x02,0x16,0x7d,0x02,0x17,0x7e,0x02,0x00,0x6a,0x02,0x01,0x6b,0x02,0x02,0x6c,0x02,0x03,0x6d,0x02,
    0x05,0x6e,0x02,0x06,0x79,0x02,0x07,0x7a,0x02,0x08,0x71,0x02,0x09,0x72,0x02,0x0a,0x7f,0x02,0x0b,0x73,0x02,0x0c,0x74,0x02,
    0x0d,0x75,0x02,0x0e,0x76,0x02,0x0f,0x80,0x02,0x11,0x7b,0x02,0x12,0x7c,0x02,0x16,0x7d,0x02,0x17,0x7e,0x02,0x05,0x81,0x02,
    0x06,0x82,0x02,0x07,0x83,0x02,0x00,0x6a,0x02,0x01,0x6b,0x02,0x05,0x6e,0x02,0x01,0x5d,0x00,0x02,0x84,0x02,0x04,0x85,0x02,
    0x08,0x86,0x02,0x09,0x87,0x02,0x0a,0x88,0x02,0x0b,0x89,0x02,0x0f,0x8a,0x02,0x10,0x8b,0x02,0x11,0x8c,0x02,0x12,0x8d,0x02,
    0x15,0x8e,0x02,0x16,0x8f,0x02,0x17,0x90,0x02,0x18,0x91,0x02,0x19,0x92,0x02,0x1c,0x93,0x02,0x1d,0x94,0x02,0x1e,0x95,0x02,
    0x1f,0x96,0x02,0x20,0x97,0x02,0x01,0x5d,0x00,0x02,0x84,0x02,0x04,0x85,0x02,0x08,0x86,0x02,0x09,0x87,0x02,0x0a,0x88,0x02,
    0x0b,0x89,0x02,0x0f,0x8a,0x02,0x10,0x8b,0x02,0x11,0x8c,0x02,0x12,0x8d,0x02,0x15,0x8e,0x02,0x16,0x98,0x02,0x17,0x90,0x02,
    0x18,0x91,0x02,0x19,0x99,0x02,0x1c,0x93,0x02,0x1d,0x94,0x02,0x1e,0x95,0x02,0x1f,0x96,0x02,0x20,0x97,0x02,0x26,0x9a,0x02,
    0x01,0x5d,0x00,0x02,0x84,0x02,0x04,0x85,0x02,0x08,0x86,0x02,0x09,0x87,0x02,0x0a,0x88,0x02,0x0b,0x89,0x02,0x0f,0x8a,0x02,
    0x10,0x8b,0x02,0x11,0x8c,0x02,0x12,0x9b,0x02,0x15,0x8e,0x02,0x16,0x9c,0x02,0x17,0x9d,0x02,0x18,0x91,0x02,0x19,0x9e,0x02,
    0x1c,0x93,0x02,0x1d,0x94,0x02,0x1e,0x95,0x02,0x1f,0x96,0x02,0x20,0x97,0x02,0x26,0x9a,0x02,0x0f,0x9f,0x02,0x10,0xa0,0x02,
    0x11,0xa1,0x02,0x00,0xa2,0x02,0x01,0xa3,0x02,0x02,0xa4,0x02,0x05,0xa5,0x02,0x06,0xa6,0x02,0x07,0xa7,0x02,0x08,0x5d,0x00,
    0x0b,0xa8,0x02,0x0c,0xa9,0x02,0x10,0xaa,0x02,0x11,0xab,0x02,0x00,0xa2,0x02,0x01,0xa3,0x02,0x02,0xa4,0x02,0x05,0xa5,0x02,
    0x06,0xac,0x02,0x07,0xad,0x02,0x08,0x5d,0x00,0x0b,0xae,0x02,0x0c,0xaf,0x02,0x10,0xaa,0x02,0x11,0xab,0x02,0x05,0xb0,0x02,
    0x06,0xb1,0x02,0x0e,0xb2,0x02,0x08,0xb3,0x02,0x09,0xb4,0x02,0x0e,0xb5,0x02,0x0f,0xb6,0x02,0x10,0xb7,0x02,0x14,0xb8,0x02,
    0x15,0xb9,0x02,0x0c,0x5d,0x00,0x0d,0xba,0x02,0x12,0x5d,0x00,0x13,0xbb,0x02,0x14,0xbc,0x02,0x15,0xbd,0x02,0x16,0xbe,0x02,
    0x17,0xbf,0x02,0x19,0xc0,0x02,0x1a,0xc1,0x02,0x1b,0xc2,0x02,0x1c,0xc3,0x02,0x1d,0x5d,0x00,0x20,0xc4,0x02,0x23,0x5d,0x00,
    0x0e,0xc5,0x02,0x0f,0xc6,0x02,0x0c,0x5d,0x00,0x0d,0xba,0x02,0x12,0x5d,0x00,0x13,0xc7,0x02,0x14,0xbc,0x02,0x15,0xc8,0x02,
    0x16,0xc9,0x02,0x17,0xbf,0x02,0x19,0xca,0x02,0x1a,0xcb,0x02,0x1b,0xcc,0x02,0x1c,0xcd,0x02,0x1d,0x5d,0x00,0x20,0xc4,0x02,
    0x23,0x5d,0x00,0x00,0x5d,0x00,0x01,0xce,0x02,0x02,0xcf,0x02,0x03,0xd0,0x02,0x05,0xd1,0x02,0x06,0xd2,0x02,0x07,0xd3,0x02,
    0x08,0xd4,0x02,0x0a,0xd5,0x02,0x0b,0xd6,0x02,0x0c,0xd7,0x02,0x0d,0xd8,0x02,0x0f,0x5d,0x00,0x10,0xd9,0x02,0x00,0x5d,0x00,
    0x01,0xce,0x02,0x02,0xcf,0x02,0x03,0xd0,0x02,0x05,0xd1,0x02,0x06,0xd2,0x02,0x07,0xd3,0x02,0x08,0xd4,0x02,0x0a,0xd5,0x02,
    0x0b,0xda,0x02,0x0c,0xd7,0x02,0x0d,0xd8,0x02,0x0f,0x5d,0x00,0x10,0xd9,0x02,0x0a,0xdb,0x02,0x0c,0xdc,0x02,0x0d,0xdd,0x02,
    0x0f,0x5d,0x00,0x0b,0xde,0x02,0x14,0xdf,0x02,0x15,0xe0,0x02,0x19,0xe1,0x02,0x1a,0xe2,0x02,0x1b,0xe3,0x02,0x20,0xe4,0x02,
    0x21,0xe5,0x02,0x14,0xe6,0x02,0x15,0xe7,0x02,0x1a,0xe8,0x02,0x1b,0xe9,0x02,0x1c,0xea,0x02,0x20,0xeb,0x02,0x21,0xec,0x02,
    0x22,0xed,0x02,0x0d,0xee,0x02,0x0e,0xef,0x02,0x12,0xf0,0x02,0x13,0xf1,0x02,0x14,0xf2,0x02,0x0d,0xf3,0x02,0x0e,0xf4,0x02,
    0x05,0xf5,0x02,0x06,0x5d,0x00,0x0c,0xf6,0x02,0x0d,0xf7,0x02,0x1c,0xf8,0x02,0x1d,0xf9,0x02,0x20,0xfa,0x02,0x21,0xfb,0x02,
    0x23,0xfc,0x02,0x24,0xfd,0x02,0x27,0xfe,0x02,0x28,0xff,0x02,0x29,0x00,0x03,0x2e,0x01,0x03,0x2f,0x02,0x03,0x05,0x5d,0x00,
    0x06,0x5d,0x00,0x0c,0x5d,0x00,0x0d,0x5d,0x00,0x10,0x03,0x03,0x11,0x04,0x03,0x12,0x05,0x03,0x13,0x06,0x03,0x14,0x5d,0x00,
    0x15,0x5d,0x00,0x16,0x07,0x03,0x17,0x08,0x03,0x18,0x09,0x03,0x19,0x0a,0x03,0x1a,0x0b,0x03,0x1c,0x5d,0x00,0x1d,0x0c,0x03,
    0x1e,0x0d,0x03,0x1f,0x0e,0x03,0x20,0x0f,0x03,0x21,0xfb,0x02,0x23,0x5d,0x00,0x24,0x10,0x03,0x27,0xfe,0x02,0x28,0xff,0x02,
    0x29,0x00,0x03,0x2e,0x01,0x03,0x2f,0x02,0x03,0x05,0x5d,0x00,0x06,0x5d,0x00,0x0c,0x5d,0x00,0x0d,0x5d,0x00,0x10,0x03,0x03,
    0x11,0x04,0x03,0x12,0x05,0x03,0x13,0x06,0x03,0x14,0x5d,0x00,0x15,0x5d,0x00,0x16,0x07,0x03,0x17,0x08,0x03,0x18,0x09,0x03,
    0x19,0x0a,0x03,0x1a,0x0b,0x03,0x1c,0x5d,0x00,0x1d,0x0c,0x03,0x1e,0x0d,0x03,0x1f,0x0e,0x03,0x20,0x11,0x03,0x23,0x5d,0x00,
    0x24,0x10,0x03,0x05,0x5d,0x00,0x06,0x5d,0x00,0x0c,0x5d,0x00,0x0d,0x5d,0x00,0x10,0x03,0x03,0x11,0x04,0x03,0x12,0x05,0x03,
    0x13,0x06,0x03,0x14,0x5d,0x00,0x15,0x5d,0x00,0x16,0x07,0x03,0x17,0x08,0x03,0x18,0x09,0x03,0x19,0x0a,0x03,0x1a,0x0b,0x03,
    0x1c,0x5d,0x00,0x1d,0x0c,0x03,0x1e,0x0d,0x03,0x1f,0x0e,0x03,0x20,0x11,0x03,0x23,0x5d,0x00,0x24,0x12,0x03,0x25,0x13,0x03,
    0x2b,0x14,0x03,0x2c,0x15,0x03,0x2d,0x16,0x03,0x2e,0x17,0x03,0x24,0x18,0x03,0x25,0x13,0x03,0x2b,0x14,0x03,0x2c,0x15,0x03,
    0x2d,0x16,0x03,0x2e,0x17,0x03,0x05,0xf5,0x02,0x06,0x5d,0x00,0x0c,0xf6,0x02,0x0d,0xf7,0x02,0x1c,0xf8,0x02,0x1d,0xf9,0x02,
    0x23,0xfc,0x02,0x24,0xfd,0x02,0x01,0x19,0x03,0x03,0x1a,0x03,0x05,0x1b,0x03,0x06,0x1c,0x03,0x07,0x1d,0x03,0x08,0x1e,0x03,
    0x0b,0x1f,0x03,0x0d,0x20,0x03,0x0f,0x21,0x03,0x10,0x22,0x03,0x15,0x23,0x03,0x0a,0x24,0x03,0x0b,0x25,0x03,0x0f,0x26,0x03,
    0x10,0x27,0x03,0x14,0x28,0x03,0x15,0x29,0x03,0x10,0x2a,0x03,0x02,0x2b,0x03,0x03,0x2c,0x03,0x04,0x5d,0x00,0x05,0x5d,0x00,
    0x07,0x2d,0x03,0x08,0x2e,0x03,0x09,0x2f,0x03,0x0a,0x30,0x03,0x0b,0x31,0x03,0x0d,0x32,0x03,0x0e,0x33,0x03,0x0f,0x34,0x03,
    0x10,0x35,0x03,0x11,0x36,0x03,0x13,0x37,0x03,0x14,0x38,0x03,0x15,0x39,0x03,0x16,0x3a,0x03,0x19,0x3b,0x03,0x1a,0x3c,0x03,
    0x1b,0x3d,0x03,0x1f,0x3e,0x03,0x20,0x3f,0x03,0x09,0x40,0x03,0x1f,0x41,0x03,0x20,0x42,0x03,0x09,0x40,0x03,0x1f,0x43,0x03,
    0x20,0x44,0x03,0x09,0x40,0x03,0x0e,0x45,0x03,0x0f,0x46,0x03,0x02,0x47,0x03,0x07,0x48,0x03,0x08,0x49,0x03,0x09,0x40,0x03,
    0x0b,0x4a,0x03,0x0e,0x45,0x03,0x0f,0x46,0x03,0x10,0x4b,0x03,0x11,0x4c,0x03,0x02,0x2b,0x03,0x03,0x2c,0x03,0x04,0x5d,0x00,
    0x05,0x5d,0x00,0x07,0x2d,0x03,0x08,0x2e,0x03,0x09,0x2f,0x03,0x0a,0x30,0x03,0x0b,0x31,0x03,0x0d,0x32,0x03,0x0e,0x33,0x03,
    0x0f,0x34,0x03,0x10,0x35,0x03,0x11,0x36,0x03,0x13,0x37,0x03,0x14,0x38,0x03,0x15,0x39,0x03,0x16,0x3a,0x03,0x19,0x3b,0x03,
    0x1a,0x3c,0x03,0x1b,0x3d,0x03,0x1f,0x43,0x03,0x20,0x44,0x03,0x00,0x5d,0x00,0x07,0x5d,0x00,0x08,0x4d,0x03,0x0b,0x4e,0x03,
    0x0c,0x4f,0x03,0x0d,0x5d,0x00,0x0e,0x5d,0x00,0x0f,0x50,0x03,0x10,0x51,0x03,0x11,0x52,0x03,0x12,0x53,0x03,0x13,0x54,0x03,
    0x14,0x5d,0x00,0x15,0x55,0x03,0x16,0x56,0x03,0x17,0x57,0x03,0x18,0x58,0x03,0x19,0x59,0x03,0x1a,0x5a,0x03,0x1b,0x5b,0x03,
    0x1c,0x5c,0x03,0x1d,0x5d,0x03,0x1e,0x5e,0x03,0x20,0x5f,0x03,0x21,0x60,0x03,0x22,0x61,0x03,0x24,0x62,0x03,0x28,0x63,0x03,
    0x29,0x64,0x03,0x00,0x5d,0x00,0x07,0x5d,0x00,0x08,0x4d,0x03,0x0b,0x4e,0x03,0x0c,0x4f,0x03,0x0d,0x5d,0x00,0x0e,0x5d,0x00,
    0x0f,0x65,0x03,0x10,0x51,0x03,0x11,0x52,0x03,0x12,0x53,0x03,0x13,0x54,0x03,0x14,0x5d,0x00,0x15,0x66,0x03,0x16,0x67,0x03,
    0x17,0x68,0x03,0x18,0x69,0x03,0x19,0x6a,0x03,0x1a,0x6b,0x03,0x1b,0x5b,0x03,0x1c,0x5c,0x03,0x1d,0x6c,0x03,0x1e,0x5e,0x03,
    0x20,0x6d,0x03,0x21,0x60,0x03,0x22,0x61,0x03,0x24,0x62,0x03,0x28,0x63,0x03,0x29,0x64,0x03,0x0a,0x6e,0x03,0x11,0x6f,0x03,
    0x0a,0x70,0x03,0x0b,0x71,0x03,0x0c,0x72,0x03,0x0d,0x73,0x03,0x0f,0x74,0x03,0x10,0x75,0x03,0x11,0x76,0x03,0x12,0x77,0x03,
    0x17,0x78,0x03,0x03,0x79,0x03,0x04,0x5d,0x00,0x05,0x7a,0x03,0x09,0x5d,0x00,0x0a,0x70,0x03,0x0b,0x7b,0x03,0x0c,0x7c,0x03,
    0x0d,0x73,0x03,0x0f,0x74,0x03,0x10,0x75,0x03,0x11,0x76,0x03,0x12,0x77,0x03,0x17,0x78,0x03,0x0b,0x7d,0x03,0x0c,0x7e,0x03,
    0x0a,0x70,0x03,0x0b,0x71,0x03,0x0c,0x7e,0x03,0x0f,0x74,0x03,0x10,0x75,0x03,0x0c,0x7e,0x03,0x0c,0x7f,0x03,0x0e,0x80,0x03,
    0x12,0x81,0x03,0x14,0x82,0x03,0x18,0xf1,0x00,0x1a,0x83,0x03,0x1b,0x84,0x03,0x1c,0x85,0x03,0x20,0x86,0x03,0x21,0x87,0x03,
    0x22,0x88,0x03,0x0e,0x80,0x03,0x10,0x89,0x03,0x11,0x8a,0x03,0x14,0x82,0x03,0x15,0x78,0x02,0x16,0x8b,0x03,0x17,0x8c,0x03,
    0x18,0x8d,0x03,0x19,0x8e,0x03,0x1a,0x78,0x02,0x1c,0x8f,0x03,0x1d,0x90,0x03,0x1e,0x91,0x03,0x1f,0x92,0x03,0x20,0x93,0x03,
    0x0d,0x94,0x03,0x0e,0x95,0x03,0x01,0x5d,0x00,0x02,0x96,0x03,0x03,0x97,0x03,0x04,0x98,0x03,0x07,0x99,0x03,0x08,0x9a,0x03,
    0x09,0x9b,0x03,0x0a,0x9c,0x03,0x0b,0x9d,0x03,0x0e,0x9e,0x03,0x0f,0x9f,0x03,0x10,0xa0,0x03,0x11,0xa1,0x03,0x16,0xa2,0x03,
    0x17,0xa3,0x03,0x01,0x5d,0x00,0x02,0x96,0x03,0x03,0x97,0x03,0x04,0x98,0x03,0x07,0x99,0x03,0x08,0x9a,0x03,0x09,0x9b,0x03,
    0x0a,0x9c,0x03,0x0b,0x9d,0x03,0x0e,0x9e,0x03,0x0f,0x9f,0x03,0x10,0xa4,0x03,0x11,0xa5,0x03,0x16,0xa6,0x03,0x17,0xa7,0x03,
    0x12,0xa8,0x03,0x18,0xa9,0x03,0x19,0xaa,0x03,0x12,0xa8,0x03,0x18,0xab,0x03,0x19,0xac,0x03,0x1e,0xad,0x03,0x1f,0xae,0x03,
    0x0b,0xaf,0x03,0x0c,0xb0,0x03,0x0e,0xb1,0x03,0x11,0xb2,0x03,0x12,0xb3,0x03,0x13,0xb4,0x03,0x14,0xb5,0x03,0x18,0xb6,0x03,
    0x19,0xb7,0x03,0x1a,0xb8,0x03,0x1b,0xb9,0x03,0x21,0xba,0x03,0x22,0xbb,0x03,0x29,0xbc,0x03,0x2f,0xbd,0x03,0x30,0xbe,0x03,
    0x0b,0xbf,0x03,0x0c,0xc0,0x03,0x0e,0xb1,0x03,0x11,0xb2,0x03,0x12,0xc1,0x03,0x13,0xc2,0x03,0x14,0xb5,0x03,0x18,0xb6,0x03,
    0x19,0xb7,0x03,0x1a,0xc3,0x03,0x1b,0xc4,0x03,0x20,0xc5,0x03,0x21,0xc6,0x03,0x22,0xc7,0x03,0x27,0xc8,0x03,0x28,0xc9,0x03,
    0x29,0xca,0x03,0x2d,0xcb,0x03,0x2e,0xcc,0x03,0x2f,0xcd,0x03,0x30,0xce,0x03,0x0b,0xbf,0x03,0x0c,0xc0,0x03,0x0e,0xcf,0x03,
    0x0f,0xd0,0x03,0x11,0xb2,0x03,0x12,0xc1,0x03,0x13,0xc2,0x03,0x14,0xb5,0x03,0x15,0xd1,0x03,0x18,0xb6,0x03,0x19,0xb7,0x03,
    0x1a,0xc3,0x03,0x1b,0xc4,0x03,0x20,0xc5,0x03,0x21,0xc6,0x03,0x22,0xc7,0x03,0x24,0xd2,0x03,0x25,0xd3,0x03,0x26,0xd4,0x03,
    0x27,0xc8,0x03,0x28,0xc9,0x03,0x29,0xca,0x03,0x2b,0xd5,0x03,0x2c,0xd6,0x03,0x2d,0xcb,0x03,0x2e,0xcc,0x03,0x2f,0xcd,0x03,
    0x30,0xce,0x03,0x0b,0xbf,0x03,0x0c,0xc0,0x03,0x0e,0xcf,0x03,0x0f,0xd0,0x03,0x11,0xb2,0x03,0x12,0xc1,0x03,0x13,0xc2,0x03,
    0x14,0xb5,0x03,0x15,0xd1,0x03,0x18,0xb6,0x03,0x19,0xb7,0x03,0x1a,0xc3,0x03,0x1b,0xc4,0x03,0x20,0xc5,0x03,0x21,0xc6,0x03,
    0x22,0xc7,0x03,0x24,0xd7,0x03,0x25,0xd8,0x03,0x26,0xd9,0x03,0x27,0xc8,0x03,0x28,0xc9,0x03,0x29,0xca,0x03,0x2a,0x5d,0x00,
    0x2b,0xda,0x03,0x2c,0xdb,0x03,0x2d,0xdc,0x03,0x2e,0xcc,0x03,0x2f,0xcd,0x03,0x30,0xce,0x03,0x08,0xdd,0x03,0x0f,0xde,0x03,
    0x0e,0xdf,0x03,0x0f,0xe0,0x03,0x10,0xe1,0x03,0x11,0xe2,0x03,0x13,0xe3,0x03,0x08,0xe4,0x03,0x0b,0xe5,0x03,0x0c,0xe6,0x03,
    0x0d,0xe7,0x03,0x10,0xe8,0x03,0x11,0xe9,0x03,0x12,0xea,0x03,0x13,0xeb,0x03,0x16,0xec,0x03,0x17,0xed,0x03,0x08,0xe4,0x03,
    0x0b,0xee,0x03,0x0c,0xef,0x03,0x0d,0xf0,0x03,0x10,0xf1,0x03,0x11,0xf2,0x03,0x08,0xe4,0x03,0x0b,0xe5,0x03,0x0c,0xe6,0x03,
    0x0d,0xe7,0x03,0x10,0xf3,0x03,0x11,0xf2,0x03,0x0d,0xf4,0x03,0x12,0xf5,0x03,0x13,0xf6,0x03,0x14,0xf7,0x03,0x15,0xf8,0x03,
    0x16,0xf9,0x03,0x18,0xfa,0x03,0x19,0xfb,0x03,0x1a,0xfc,0x03,0x1b,0xfd,0x03,0x1c,0xfe,0x03,0x0d,0xff,0x03,0x10,0x00,0x04,
    0x12,0x01,0x04,0x13,0x02,0x04,0x16,0x03,0x04,0x18,0x04,0x04,0x19,0x05,0x04,0x1c,0x78,0x02,0x1d,0x06,0x04,0x1f,0x07,0x04,
    0x22,0x08,0x04,0x23,0x09,0x04,0x0d,0x0a,0x04,0x0e,0x0b,0x04,0x0f,0x0c,0x04,0x10,0x0d,0x04,0x15,0x0e,0x04,0x16,0x0f,0x04,
    0x05,0x10,0x04,0x06,0x11,0x04,0x08,0x12,0x04,0x09,0x13,0x04,0x0a,0x14,0x04,0x0b,0x15,0x04,0x0c,0x16,0x04,0x0d,0x17,0x04,
    0x0e,0x18,0x04,0x0f,0x19,0x04,0x10,0x5d,0x00,0x12,0x1a,0x04,0x13,0x5d,0x00,0x14,0x5d,0x00,0x15,0x5d,0x00,0x18,0x5d,0x00,
    0x0b,0x1b,0x04,0x0c,0x16,0x04,0x05,0x10,0x04,0x06,0x11,0x04,0x08,0x12,0x04,0x09,0x13,0x04,0x0a,0x14,0x04,0x0b,0x1c,0x04,
    0x0d,0x1d,0x04,0x0e,0x18,0x04,0x0f,0x19,0x04,0x10,0x5d,0x00,0x12,0x1a,0x04,0x13,0x5d,0x00,0x14,0x5d,0x00,0x15,0x5d,0x00,
    0x18,0x5d,0x00,0x00,0x5d,0x00,0x01,0x5d,0x00,0x05,0x5d,0x00,0x06,0x5d,0x00,0x07,0x5d,0x00,0x08,0x5d,0x00,0x0c,0x5d,0x00,
    0x0d,0x5d,0x00,0x0e,0x1e,0x04,0x0f,0x1f,0x04,0x10,0x20,0x04,0x12,0x21,0x04,0x13,0x22,0x04,0x14,0x5d,0x00,0x15,0x23,0x04,
    0x16,0x24,0x04,0x19,0x25,0x04,0x1a,0x26,0x04,0x1b,0x27,0x04,0x1c,0x28,0x04,0x1d,0x29,0x04,0x1e,0x2a,0x04,0x1f,0x2b,0x04,
    0x20,0x2c,0x04,0x21,0x2d,0x04,0x22,0x2e,0x04,0x23,0x2f,0x04,0x24,0x30,0x04,0x25,0x31,0x04,0x26,0x32,0x04,0x27,0x33,0x04,
    0x28,0x34,0x04,0x2b,0x5d,0x00,0x2d,0x5d,0x00,0x2e,0x35,0x04,0x1c,0x36,0x04,0x1d,0x29,0x04,0x1e,0x37,0x04,0x1f,0x38,0x04,
    0x23,0x5d,0x00,0x24,0x30,0x04,0x25,0x31,0x04,0x26,0x32,0x04,0x27,0x33,0x04,0x2b,0x5d,0x00,0x2d,0x5d,0x00,0x2e,0x35,0x04,
    0x1c,0x36,0x04,0x1d,0x29,0x04,0x1e,0x2a,0x04,0x1f,0x2b,0x04,0x23,0x5d,0x00,0x24,0x30,0x04,0x25,0x31,0x04,0x26,0x32,0x04,
    0x27,0x33,0x04,0x2b,0x5d,0x00,0x2d,0x5d,0x00,0x2e,0x35,0x04,0x10,0x39,0x04,0x11,0x3a,0x04,0x18,0x3b,0x04,0x01,0x3c,0x04,
    0x02,0x3d,0x04,0x03,0x3e,0x04,0x05,0x5d,0x00,0x06,0x3f,0x04,0x07,0x40,0x04,0x08,0x41,0x04,0x09,0x42,0x04,0x0b,0x43,0x04,
    0x0c,0x44,0x04,0x0d,0x45,0x04,0x0e,0x46,0x04,0x11,0x47,0x04,0x01,0x48,0x04,0x02,0x49,0x04,0x03,0x3e,0x04,0x05,0x5d,0x00,
    0x06,0x4a,0x04,0x07,0x40,0x04,0x08,0x41,0x04,0x09,0x42,0x04,0x0b,0x43,0x04,0x0c,0x44,0x04,0x0d,0x4b,0x04,0x0e,0x4c,0x04,
    0x11,0x47,0x04,0x10,0x4d,0x04,0x12,0x4e,0x04,0x0c,0x4f,0x04,0x14,0x50,0x04,0x15,0x51,0x04,0x1a,0x52,0x04,0x1b,0x53,0x04,
    0x14,0x50,0x04,0x15,0x51,0x04,0x1a,0x54,0x04,0x1b,0x55,0x04,0x14,0x50,0x04,0x15,0x51,0x04,0x1a,0x56,0x04,0x1b,0x57,0x04,
    0x0d,0x58,0x04,0x13,0x59,0x04,0x16,0x5a,0x04,0x17,0x5b,0x04,0x1a,0x5c,0x04,0x1b,0x5d,0x04,0x19,0x5e,0x04,0x1c,0x5f,0x04,
    0x1d,0x60,0x04,0x07,0x61,0x04,0x08,0x62,0x04,0x0e,0x63,0x04,0x0f,0x64,0x04,0x17,0x65,0x04,0x18,0x66,0x04,0x19,0x67,0x04,
    0x1a,0x68,0x04,0x1b,0x69,0x04,0x1e,0x6a,0x04,0x1f,0x6b,0x04,0x20,0x6c,0x04,0x21,0x6d,0x04,0x22,0x6e,0x04,0x07,0x61,0x04,
    0x08,0x6f,0x04,0x09,0x70,0x04,0x0a,0x71,0x04,0x0b,0x72,0x04,0x0c,0x73,0x04,0x0e,0x74,0x04,0x0f,0x75,0x04,0x13,0x76,0x04,
    0x14,0x77,0x04,0x16,0x78,0x04,0x17,0x79,0x04,0x18,0x7a,0x04,0x19,0x7b,0x04,0x1a,0x7c,0x04,0x1b,0x7d,0x04,0x1d,0x7e,0x04,
    0x1e,0x7f,0x04,0x1f,0x80,0x04,0x20,0x81,0x04,0x21,0x82,0x04,0x22,0x83,0x04,0x27,0x84,0x04,0x28,0x7e,0x02,0x1e,0x85,0x04,
    0x1f,0x86,0x04,0x05,0x87,0x04,0x06,0x88,0x04,0x0a,0x89,0x04,0x0b,0x8a,0x04,0x0f,0x8b,0x04,0x10,0x8c,0x04,0x14,0x5d,0x00,
    0x05,0x87,0x04,0x06,0x88,0x04,0x0a,0x89,0x04,0x0b,0x8a,0x04,0x0d,0x8d,0x04,0x0e,0x8e,0x04,0x0f,0x8b,0x04,0x10,0x8c,0x04,
    0x11,0x8f,0x04,0x12,0x90,0x04,0x13,0x91,0x04,0x14,0x5d,0x00,0x17,0x5d,0x00,0x18,0x92,0x04,0x0b,0x93,0x04,0x0c,0x94,0x04,
    0x0d,0x95,0x04,0x0e,0x96,0x04,0x0f,0x97,0x04,0x10,0x98,0x04,0x15,0x99,0x04,0x16,0x9a,0x04,0x17,0x9b,0x04,0x18,0x9c,0x04,
    0x1c,0x9d,0x04,0x1d,0x9e,0x04,0x1e,0x9f,0x04,0x1f,0xa0,0x04,0x20,0xa1,0x04,0x24,0xa2,0x04,0x25,0xa3,0x04,0x26,0xa4,0x04,
    0x27,0x5d,0x00,0x29,0xa5,0x04,0x2b,0x5d,0x00,0x2c,0x5d,0x00,0x2d,0x5d,0x00,0x0e,0x96,0x04,0x0f,0x97,0x04,0x10,0x98,0x04,
    0x15,0x99,0x04,0x16,0x9a,0x04,0x17,0xa6,0x04,0x18,0xa7,0x04,0x19,0xa8,0x04,0x1c,0x9d,0x04,0x1e,0xa9,0x04,0x1f,0xaa,0x04,
    0x20,0xab,0x04,0x24,0x5d,0x00,0x25,0xac,0x04,0x26,0xad,0x04,0x27,0x5d,0x00,0x28,0xae,0x04,0x29,0xa5,0x04,0x2b,0x5d,0x00,
    0x2c,0x5d,0x00,0x2d,0x5d,0x00,0x2f,0x5d,0x00,0x17,0xaf,0x04,0x18,0x9c,0x04,0x1e,0x9f,0x04,0x1f,0xa0,0x04,0x20,0xa1,0x04,
    0x24,0xa2,0x04,0x25,0xa3,0x04,0x26,0xa4,0x04,0x2b,0x5d,0x00,0x2c,0x5d,0x00,0x2d,0x5d,0x00,0x17,0xb0,0x04,0x18,0xb1,0x04,
    0x1f,0xb2,0x04,0x0e,0x96,0x04,0x0f,0x97,0x04,0x10,0x98,0x04,0x15,0x99,0x04,0x16,0x9a,0x04,0x1c,0x9d,0x04,0x0b,0xb3,0x04,
    0x0c,0xb4,0x04,0x0d,0xb5,0x04,0x10,0xb6,0x04,0x12,0xb7,0x04,0x00,0xb8,0x04,0x01,0xb9,0x04,0x02,0xba,0x04,0x03,0xbb,0x04,
    0x06,0xbc,0x04,0x07,0xbd,0x04,0x10,0xbe,0x04,0x11,0xbf,0x04,0x00,0x5d,0x00,0x01,0xc0,0x04,0x02,0xc1,0x04,0x07,0x5d,0x00,
    0x08,0xc2,0x04,0x09,0xc3,0x04,0x0a,0xc4,0x04,0x0b,0xc5,0x04,0x0c,0xc6,0x04,0x0e,0x5d,0x00,0x0f,0xc7,0x04,0x10,0xc8,0x04,
    0x11,0xc9,0x04,0x12,0xca,0x04,0x13,0xcb,0x04,0x14,0x5d,0x00,0x15,0x5d,0x00,0x16,0xcc,0x04,0x18,0xcd,0x04,0x19,0xce,0x04,
    0x1a,0x5d,0x00,0x1b,0x5d,0x00,0x1c,0xcf,0x04,0x1d,0xd0,0x04,0x1f,0xd1,0x04,0x20,0xd2,0x04,0x21,0x5d,0x00,0x23,0xd3,0x04,
    0x24,0xd4,0x04,0x26,0xd5,0x04,0x27,0x5d,0x00,0x2d,0xd6,0x04,0x2e,0x5d,0x00,0x0f,0xd7,0x04,0x17,0xd8,0x04,0x06,0xd9,0x04,
    0x07,0xda,0x04,0x08,0xdb,0x04,0x0b,0xdc,0x04,0x0c,0xdd,0x04,0x0d,0xde,0x04,0x10,0xdf,0x04,0x11,0xe0,0x04,0x12,0xe1,0x04,
    0x06,0xd9,0x04,0x07,0xda,0x04,0x08,0xdb,0x04,0x0b,0xe2,0x04,0x0c,0xe3,0x04,0x0d,0xde,0x04,0x10,0xdf,0x04,0x11,0xe0,0x04,
    0x12,0xe1,0x04,0x0f,0xe4,0x04,0x13,0xe5,0x04,0x0c,0xe6,0x04,0x0a,0xe7,0x04,0x0b,0xe8,0x04,0x0c,0xe9,0x04,0x11,0xea,0x04,
    0x12,0xeb,0x04,0x13,0xec,0x04,0x18,0xed,0x04,0x19,0xee,0x04,0x0a,0xe7,0x04,0x0b,0xe8,0x04,0x0c,0xe9,0x04,0x0f,0xef,0x04,
    0x10,0xf0,0x04,0x11,0xea,0x04,0x12,0xeb,0x04,0x13,0xec,0x04,0x16,0xf1,0x04,0x17,0xf2,0x04,0x18,0xf3,0x04,0x19,0xee,0x04,
    0x1d,0xf4,0x04,0x1e,0xf5,0x04,0x1f,0xf6,0x04,0x0a,0xe7,0x04,0x0b,0xe8,0x04,0x0c,0xe9,0x04,0x0f,0xef,0x04,0x10,0xf0,0x04,
    0x11,0xea,0x04,0x12,0xeb,0x04,0x13,0xec,0x04,0x16,0xf1,0x04,0x17,0xf2,0x04,0x18,0xf3,0x04,0x19,0xf7,0x04,0x1a,0xf8,0x04,
    0x1b,0xf9,0x04,0x1d,0xf4,0x04,0x1e,0xf5,0x04,0x1f,0xf6,0x04,0x20,0xfa,0x04,0x21,0xfb,0x04,0x22,0xfc,0x04,0x27,0xfd,0x04,
    0x0a,0xe7,0x04,0x0b,0xe8,0x04,0x0c,0xe9,0x04,0x0f,0xef,0x04,0x10,0xf0,0x04,0x11,0xea,0x04,0x12,0xeb,0x04,0x13,0xec,0x04,
    0x16,0xf1,0x04,0x17,0xf2,0x04,0x18,0xf3,0x04,0x19,0xfe,0x04,0x1a,0xff,0x04,0x1b,0xf9,0x04,0x1d,0xf4,0x04,0x1e,0xf5,0x04,
    0x1f,0xf6,0x04,0x20,0xfa,0x04,0x21,0xfb,0x04,0x22,0xfc,0x04,0x27,0xfd,0x04,0x0a,0xe7,0x04,0x0b,0xe8,0x04,0x0c,0xe9,0x04,
    0x0f,0xef,0x04,0x10,0xf0,0x04,0x11,0xea,0x04,0x12,0xeb,0x04,0x13,0xec,0x04,0x16,0x00,0x05,0x17,0x01,0x05,0x18,0xf3,0x04,
    0x19,0xf7,0x04,0x1a,0xf8,0x04,0x1b,0xf9,0x04,0x1d,0xf4,0x04,0x1e,0xf5,0x04,0x1f,0xf6,0x04,0x20,0xfa,0x04,0x21,0xfb,0x04,
    0x22,0xfc,0x04,0x27,0xfd,0x04,0x0a,0xe7,0x04,0x0b,0xe8,0x04,0x0c,0xe9,0x04,0x0f,0xef,0x04,0x10,0xf0,0x04,0x11,0x02,0x05,
    0x12,0x03,0x05,0x13,0xec,0x04,0x16,0xf1,0x04,0x17,0xf2,0x04,0x18,0xf3,0x04,0x19,0xf7,0x04,0x1a,0xf8,0x04,0x1b,0xf9,0x04,
    0x1d,0xf4,0x04,0x1e,0xf5,0x04,0x1f,0xf6,0x04,0x20,0xfa,0x04,0x21,0xfb,0x04,0x22,0xfc,0x04,0x27,0xfd,0x04,0x0a,0xe7,0x04,
    0x0b,0xe8,0x04,0x0c,0xe9,0x04,0x0f,0xef,0x04,0x10,0xf0,0x04,0x11,0x02,0x05,0x12,0x03,0x05,0x13,0xec,0x04,0x16,0x00,0x05,
    0x17,0x01,0x05,0x18,0xf3,0x04,0x19,0xfe,0x04,0x1a,0xff,0x04,0x1b,0xf9,0x04,0x1d,0xf4,0x04,0x1e,0xf5,0x04,0x1f,0xf6,0x04,
    0x20,0xfa,0x04,0x21,0xfb,0x04,0x22,0xfc,0x04,0x27,0xfd,0x04,0x0b,0x04,0x05,0x0c,0x05,0x05,0x03,0x06,0x05,0x04,0x5d,0x00,
    0x07,0x07,0x05,0x08,0x08,0x05,0x09,0x5d,0x00,0x0c,0x09,0x05,0x0d,0x0a,0x05,0x0e,0x0b,0x05,0x12,0x0c,0x05,0x03,0x06,0x05,
    0x04,0x5d,0x00,0x07,0x07,0x05,0x08,0x08,0x05,0x09,0x5d,0x00,0x0c,0x09,0x05,0x0d,0x0d,0x05,0x0e,0x0b,0x05,0x12,0x0e,0x05,
    0x06,0x0f,0x05,0x07,0x07,0x05,0x0b,0x10,0x05,0x0c,0x09,0x05,0x09,0x11,0x05,0x0a,0x12,0x05,0x0b,0x13,0x05,0x0c,0x5d,0x00,
    0x0d,0x5d,0x00,0x11,0x14,0x05,0x12,0x15,0x05,0x13,0x16,0x05,0x14,0x17,0x05,0x17,0x18,0x05,0x18,0x19,0x05,0x19,0x1a,0x05,
    0x1a,0x1b,0x05,0x1b,0x1c,0x05,0x1e,0x1d,0x05,0x1f,0x1e,0x05,0x20,0x1f,0x05,0x21,0x20,0x05,0x22,0x21,0x05,0x25,0x22,0x05,
    0x26,0x23,0x05,0x27,0x24,0x05,0x28,0x25,0x05,0x29,0x26,0x05,0x07,0x5d,0x00,0x08,0x27,0x05,0x0e,0x5d,0x00,0x0f,0x28,0x05,
    0x15,0x29,0x05,0x16,0x2a,0x05,0x07,0x5d,0x00,0x08,0x27,0x05,0x0e,0x5d,0x00,0x0f,0x2b,0x05,0x15,0x2c,0x05,0x16,0x2d,0x05,
    0x11,0x2e,0x05,0x12,0x2f,0x05,0x13,0x30,0x05,0x18,0x31,0x05,0x19,0x32,0x05,0x1a,0x33,0x05,0x01,0x34,0x05,0x06,0x35,0x05,
    0x07,0x36,0x05,0x08,0x37,0x05,0x00,0x38,0x05,0x01,0x39,0x05,0x03,0x3a,0x05,0x04,0x3b,0x05,0x05,0x3c,0x05,0x06,0x3d,0x05,
    0x08,0x3e,0x05,0x09,0x3f,0x05,0x0a,0x40,0x05,0x10,0x41,0x05,0x17,0x42,0x05,0x07,0x43,0x05,0x08,0x44,0x05,0x0b,0x45,0x05,
    0x0c,0x46,0x05,0x0d,0x47,0x05,0x0e,0x48,0x05,0x0f,0x49,0x05,0x10,0x41,0x05,0x12,0x4a,0x05,0x13,0x4b,0x05,0x14,0x4c,0x05,
    0x17,0x42,0x05,0x19,0x4d,0x05,0x1a,0x4e,0x05,0x1b,0x4f,0x05,0x20,0x50,0x05,0x27,0x51,0x05,0x2e,0x52,0x05,0x2f,0x53,0x05,
    0x30,0x54,0x05,0x07,0x43,0x05,0x08,0x44,0x05,0x0b,0x55,0x05,0x0c,0x5d,0x00,0x0d,0x5d,0x00,0x0e,0x48,0x05,0x0f,0x49,0x05,
    0x10,0x41,0x05,0x12,0x56,0x05,0x13,0x5d,0x00,0x14,0x5d,0x00,0x17,0x42,0x05,0x19,0x57,0x05,0x1a,0x5d,0x00,0x1b,0x5d,0x00,
    0x1e,0x58,0x05,0x1f,0x59,0x05,0x20,0x5a,0x05,0x25,0x5b,0x05,0x26,0x5c,0x05,0x27,0x51,0x05,0x2e,0x52,0x05,0x2f,0x53,0x05,
    0x30,0x54,0x05,0x07,0x43,0x05,0x08,0x44,0x05,0x0e,0x48,0x05,0x0f,0x49,0x05,0x10,0x41,0x05,0x17,0x42,0x05,0x19,0x5d,0x05,
    0x1a,0x5e,0x05,0x1b,0x5f,0x05,0x20,0x50,0x05,0x27,0x51,0x05,0x2e,0x52,0x05,0x2f,0x53,0x05,0x30,0x54,0x05,0x07,0x43,0x05,
    0x08,0x44,0x05,0x0b,0x45,0x05,0x0c,0x46,0x05,0x0d,0x47,0x05,0x0e,0x48,0x05,0x0f,0x49,0x05,0x12,0x4a,0x05,0x13,0x4b,0x05,
    0x14,0x4c,0x05,0x19,0x4d,0x05,0x1a,0x4e,0x05,0x1b,0x4f,0x05,0x20,0x50,0x05,0x27,0x51,0x05,0x2e,0x52,0x05,0x2f,0x53,0x05,
    0x30,0x54,0x05,0x07,0x43,0x05,0x08,0x44,0x05,0x0b,0x45,0x05,0x0c,0x46,0x05,0x0d,0x47,0x05,0x0e,0x48,0x05,0x0f,0x49,0x05,
    0x12,0x4a,0x05,0x13,0x4b,0x05,0x14,0x4c,0x05,0x19,0x4d,0x05,0x1a,0x4e,0x05,0x1b,0x4f,0x05,0x20,0x50,0x05,0x0b,0x45,0x05,
    0x0c,0x46,0x05,0x0d,0x47,0x05,0x12,0x4a,0x05,0x13,0x4b,0x05,0x14,0x4c,0x05,0x19,0x4d,0x05,0x1a,0x4e,0x05,0x1b,0x4f,0x05,
    0x0b,0x60,0x05,0x0c,0x61,0x05,0x0a,0xd1,0x03,0x0b,0x62,0x05,0x0f,0x63,0x05,0x10,0x64,0x05,0x12,0x65,0x05,0x13,0x66,0x05,
    0x14,0x67,0x05,0x15,0x68,0x05,0x16,0x5d,0x00,0x17,0x69,0x05,0x18,0x5d,0x00,0x06,0x6a,0x05,0x07,0x6b,0x05,0x01,0x6c,0x05,
    0x02,0x6d,0x05,0x03,0x6e,0x05,0x04,0x6f,0x05,0x05,0x5d,0x00,0x06,0x5d,0x00,0x07,0x5d,0x00,0x08,0x70,0x05,0x09,0x71,0x05,
    0x0a,0x72,0x05,0x0b,0x73,0x05,0x0c,0x74,0x05,0x0d,0x5d,0x00,0x0e,0x5d,0x00,0x0f,0x75,0x05,0x10,0x76,0x05,0x11,0x77,0x05,
    0x13,0x78,0x05,0x14,0x5d,0x00,0x17,0x79,0x05,0x18,0x7a,0x05,0x19,0x7b,0x05,0x1a,0x7c,0x05,0x1b,0x7d,0x05,0x20,0x7e,0x05,
    0x21,0x7f,0x05,0x22,0x80,0x05,0x27,0x81,0x05,0x10,0x82,0x05,0x11,0x83,0x05,0x18,0x84,0x05,0x10,0x76,0x05,0x11,0x77,0x05,
    0x17,0x79,0x05,0x18,0x7a,0x05,0x19,0x85,0x05,0x1a,0x86,0x05,0x20,0x87,0x05,0x04,0x88,0x05,0x10,0x82,0x05,0x11,0x83,0x05,
    0x18,0x84,0x05,0x05,0x89,0x05,0x07,0x8a,0x05,0x08,0x8b,0x05,0x09,0x8c,0x05,0x0a,0x8d,0x05,0x0b,0x8e,0x05,0x0c,0x8f,0x05,
    0x0d,0x90,0x05,0x0e,0x91,0x05,0x05,0x89,0x05,0x0a,0x8d,0x05,0x0b,0x8e,0x05,0x05,0x89,0x05,0x06,0x92,0x05,0x0a,0x8d,0x05,
    0x0b,0x8e,0x05,0x1e,0x93,0x05,0x1f,0x94,0x05,0x20,0x95,0x05,0x25,0x96,0x05,0x26,0x97,0x05,0x27,0x98,0x05,0x2c,0x99,0x05,
    0x2d,0x9a,0x05,0x11,0x9b,0x05,0x12,0x9c,0x05,0x18,0x9d,0x05,0x19,0x9e,0x05,0x1e,0x93,0x05,0x1f,0x94,0x05,0x20,0x95,0x05,
    0x25,0x96,0x05,0x26,0x97,0x05,0x27,0x98,0x05,0x2c,0x9f,0x05,0x2d,0xa0,0x05,0x00,0xa1,0x05,0x01,0xa2,0x05,0x07,0xa3,0x05,
    0x08,0xa4,0x05,0x0e,0x5d,0x00,0x0f,0xa5,0x05,0x10,0xa6,0x05,0x11,0x9b,0x05,0x12,0x9c,0x05,0x16,0xa7,0x05,0x18,0x9d,0x05,
    0x19,0x9e,0x05,0x1e,0x93,0x05,0x1f,0x94,0x05,0x20,0x95,0x05,0x25,0x96,0x05,0x26,0x97,0x05,0x27,0x98,0x05,0x2c,0x9f,0x05,
    0x2d,0xa0,0x05,0x00,0xa8,0x05,0x01,0xa9,0x05,0x02,0xaa,0x05,0x07,0xab,0x05,0x08,0xac,0x05,0x09,0xad,0x05,0x0e,0xae,0x05,
    0x0f,0xaf,0x05,0x11,0x9b,0x05,0x12,0x9c,0x05,0x18,0x9d,0x05,0x19,0x9e,0x05,0x1e,0x93,0x05,0x1f,0x94,0x05,0x20,0x95,0x05,
    0x25,0x96,0x05,0x26,0x97,0x05,0x27,0x98,0x05,0x2c,0x9f,0x05,0x2d,0xa0,0x05,0x03,0xb0,0x05,0x04,0xb1,0x05,0x0b,0xb2,0x05,
    0x0b,0xb2,0x05,0x0d,0xb3,0x05,0x1e,0x93,0x05,0x1f,0x94,0x05,0x20,0x95,0x05,0x25,0x96,0x05,0x26,0x97,0x05,0x27,0x98,0x05,
    0x2c,0x9f,0x05,0x2d,0xa0,0x05,0x03,0xb4,0x05,0x04,0xb5,0x05,0x08,0xb6,0x05,0x09,0xb7,0x05,0x0d,0xb8,0x05,0x0e,0xb9,0x05,
    0x12,0xba,0x05,0x13,0xbb,0x05,0x17,0xbc,0x05,0x18,0x5d,0x00,0x0b,0xbd,0x05,0x07,0xbe,0x05,0x0a,0xbf,0x05,0x0b,0xc0,0x05,
    0x00,0x5d,0x00,0x01,0x5d,0x00,0x02,0xc1,0x05,0x06,0x5d,0x00,0x07,0xc2,0x05,0x08,0xc3,0x05,0x0c,0xc4,0x05,0x0d,0xc5,0x05,
    0x12,0x34,0x02,0x13,0xc6,0x05,0x00,0x5d,0x00,0x01,0x5d,0x00,0x02,0xc1,0x05,0x06,0x5d,0x00,0x07,0xc2,0x05,0x08,0xc3,0x05,
    0x09,0xc7,0x05,0x0a,0xc8,0x05,0x0b,0xc9,0x05,0x0c,0xc4,0x05,0x0d,0xc5,0x05,0x12,0x34,0x02,0x13,0xc6,0x05,0x00,0x5d,0x00,
    0x01,0x5d,0x00,0x02,0xc1,0x05,0x06,0x5d,0x00,0x07,0xca,0x05,0x08,0xc3,0x05,0x09,0xc7,0x05,0x0a,0xc8,0x05,0x0b,0xc9,0x05,
    0x0c,0xc4,0x05,0x0d,0xc5,0x05,0x12,0x34,0x02,0x13,0xc6,0x05,0x17,0xcb,0x05,0x00,0x5d,0x00,0x01,0x5d,0x00,0x02,0xc1,0x05,
    0x06,0x5d,0x00,0x07,0xca,0x05,0x08,0xc3,0x05,0x09,0xc7,0x05,0x0a,0xc8,0x05,0x0b,0xc9,0x05,0x0c,0xc4,0x05,0x0d,0xc5,0x05,
    0x0e,0xcc,0x05,0x10,0xcd,0x05,0x12,0x34,0x02,0x13,0xc6,0x05,0x14,0xce,0x05,0x15,0xcf,0x05,0x16,0xd0,0x05,0x17,0xcb,0x05,
    0x1a,0xd1,0x05,0x1b,0xd2,0x05,0x1c,0xd3,0x05,0x08,0xd4,0x05,0x09,0xd5,0x05,0x0a,0xd6,0x05,0x0b,0xd7,0x05,0x10,0xd8,0x05,
    0x11,0xd9,0x05,0x0e,0xda,0x05,0x0f,0xdb,0x05,0x15,0xdc,0x05,0x16,0xdd,0x05,0x17,0xde,0x05,0x1c,0xdf,0x05,0x1d,0xe0,0x05,
    0x1e,0xe1,0x05,0x1f,0xe2,0x05,0x24,0xe3,0x05,0x25,0xe4,0x05,0x26,0xe5,0x05,0x11,0xe6,0x05,0x12,0xe7,0x05,0x13,0xe8,0x05,
    0x14,0xe9,0x05,0x18,0xea,0x05,0x19,0xeb,0x05,0x1a,0xec,0x05,0x1b,0xed,0x05,0x1f,0xee,0x05,0x20,0xef,0x05,0x21,0xf0,0x05,
    0x22,0xf1,0x05,0x09,0xf2,0x05,0x0b,0xf3,0x05,0x0a,0xf4,0x05,0x0b,0xf5,0x05,0x0f,0xf6,0x05,0x10,0xf7,0x05,0x11,0xf8,0x05,
    0x12,0xf9,0x05,0x14,0xfa,0x05,0x15,0xfb,0x05,0x16,0xfc,0x05,0x0a,0xf4,0x05,0x0b,0xf5,0x05,0x0f,0xf6,0x05,0x10,0xf7,0x05,
    0x11,0xf8,0x05,0x12,0xf9,0x05,0x14,0xfa,0x05,0x15,0xfb,0x05,0x16,0xfc,0x05,0x17,0xfd,0x05,0x18,0xfe,0x05,0x17,0xfd,0x05,
    0x18,0xfe,0x05,0x06,0xff,0x05,0x07,0x00,0x06,0x0c,0x01,0x06,0x0d,0x02,0x06,0x12,0x03,0x06,0x13,0x04,0x06,0x18,0x05,0x06,
    0x19,0x06,0x06,0x1f,0x07,0x06,0x06,0xff,0x05,0x07,0x00,0x06,0x0c,0x01,0x06,0x0d,0x02,0x06,0x12,0x03,0x06,0x13,0x04,0x06,
    0x14,0x08,0x06,0x16,0x09,0x06,0x18,0x05,0x06,0x19,0x06,0x06,0x1a,0x0a,0x06,0x1b,0x0b,0x06,0x1c,0x0c,0x06,0x1f,0x07,0x06,
    0x06,0xff,0x05,0x07,0x00,0x06,0x0c,0x01,0x06,0x0d,0x02,0x06,0x12,0x03,0x06,0x13,0x04,0x06,0x14,0x08,0x06,0x16,0x09,0x06,
    0x18,0x05,0x06,0x19,0x06,0x06,0x1a,0x0d,0x06,0x1b,0x0e,0x06,0x1c,0x0f,0x06,0x1f,0x07,0x06,0x0e,0x10,0x06,0x0f,0x11,0x06,
    0x10,0x12,0x06,0x03,0x13,0x06,0x04,0x14,0x06,0x05,0x15,0x06,0x06,0x5d,0x00,0x0a,0x16,0x06,0x0b,0x17,0x06,0x0c,0x18,0x06,
    0x0d,0x19,0x06,0x0e,0x1a,0x06,0x0f,0x1b,0x06,0x10,0x1c,0x06,0x11,0x1d,0x06,0x12,0x1e,0x06,0x13,0x1f,0x06,0x14,0x20,0x06,
    0x15,0x21,0x06,0x16,0x22,0x06,0x1c,0x23,0x06,0x1d,0x24,0x06,0x23,0x5d,0x00,0x24,0x25,0x06,0x03,0x26,0x06,0x04,0x27,0x06,
    0x05,0x28,0x06,0x06,0x5d,0x00,0x0a,0x29,0x06,0x0b,0x2a,0x06,0x0c,0x2b,0x06,0x0d,0x2c,0x06,0x0e,0x2d,0x06,0x0f,0x2e,0x06,
    0x10,0x1c,0x06,0x11,0x1d,0x06,0x13,0x2f,0x06,0x14,0x30,0x06,0x15,0x31,0x06,0x16,0x32,0x06,0x1c,0x33,0x06,0x1d,0x34,0x06,
    0x23,0x5d,0x00,0x24,0x25,0x06,0x10,0x1c,0x06,0x11,0x1d,0x06,0x03,0x13,0x06,0x04,0x14,0x06,0x05,0x15,0x06,0x06,0x5d,0x00,
    0x0a,0x16,0x06,0x0b,0x17,0x06,0x0c,0x18,0x06,0x0d,0x19,0x06,0x0e,0x2d,0x06,0x0f,0x2e,0x06,0x12,0x1e,0x06,0x13,0x1f,0x06,
    0x14,0x20,0x06,0x15,0x31,0x06,0x16,0x32,0x06,0x1c,0x33,0x06,0x1d,0x34,0x06,0x23,0x5d,0x00,0x24,0x25,0x06,0x03,0x13,0x06,
    0x04,0x14,0x06,0x05,0x15,0x06,0x06,0x5d,0x00,0x0a,0x16,0x06,0x0b,0x17,0x06,0x0c,0x18,0x06,0x0d,0x19,0x06,0x0e,0x2d,0x06,
    0x0f,0x2e,0x06,0x10,0x1c,0x06,0x11,0x1d,0x06,0x12,0x1e,0x06,0x13,0x1f,0x06,0x14,0x20,0x06,0x15,0x31,0x06,0x16,0x32,0x06,
    0x1c,0x33,0x06,0x1d,0x34,0x06,0x23,0x5d,0x00,0x24,0x25,0x06,0x05,0x35,0x06,0x06,0x36,0x06,0x08,0x37,0x06,0x09,0x38,0x06,
    0x0a,0x39,0x06,0x0b,0x3a,0x06,0x0d,0x3b,0x06,0x0e,0x3c,0x06,0x0f,0x5d,0x00,0x10,0x3d,0x06,0x12,0x3e,0x06,0x13,0x5d,0x00,
    0x14,0x21,0x01,0x0c,0x3f,0x06,0x0d,0x40,0x06,0x06,0x41,0x06,0x07,0x42,0x06,0x08,0x43,0x06,0x00,0x44,0x06,0x01,0x45,0x06,
    0x07,0x46,0x06,0x08,0x47,0x06,0x0a,0x48,0x06,0x0e,0x49,0x06,0x0f,0x4a,0x06,0x10,0x4b,0x06,0x11,0x4c,0x06,0x15,0x5d,0x00,
    0x16,0x4d,0x06,0x1c,0x5d,0x00,0x1d,0x4e,0x06,0x00,0x4f,0x06,0x01,0x50,0x06,0x07,0x51,0x06,0x08,0x52,0x06,0x0a,0x48,0x06,
    0x0e,0x49,0x06,0x0f,0x4a,0x06,0x10,0x53,0x06,0x11,0x54,0x06,0x15,0x5d,0x00,0x16,0x4d,0x06,0x1c,0x5d,0x00,0x1d,0x4e,0x06,
    0x0a,0x48,0x06,0x0f,0x55,0x06,0x10,0x56,0x06,0x11,0x57,0x06,0x16,0x58,0x06,0x17,0x59,0x06,0x18,0x5a,0x06,0x19,0x5b,0x06,
    0x0a,0x48,0x06,0x10,0x4b,0x06,0x11,0x4c,0x06,0x0a,0x48,0x06,0x10,0x53,0x06,0x11,0x54,0x06,0x0a,0x48,0x06,0x01,0x5c,0x06,
    0x02,0x5d,0x06,0x05,0x5e,0x06,0x06,0x5f,0x06,0x08,0x60,0x06,0x09,0x61,0x06,0x0c,0x62,0x06,0x0d,0x63,0x06,0x10,0x64,0x06,
    0x11,0x65,0x06,0x17,0x66,0x06,0x18,0x67,0x06,0x01,0x5c,0x06,0x02,0x5d,0x06,0x05,0x5e,0x06,0x06,0x5f,0x06,0x08,0x60,0x06,
    0x09,0x61,0x06,0x0c,0x62,0x06,0x0d,0x63,0x06,0x0f,0x68,0x06,0x15,0x69,0x06,0x16,0x6a,0x06,0x1c,0x5d,0x00,0x1d,0x6b,0x06,
    0x1e,0x6c,0x06,0x23,0x6d,0x06,0x24,0x6e,0x06,0x25,0x6f,0x06,0x01,0x5c,0x06,0x02,0x5d,0x06,0x05,0x5e,0x06,0x06,0x5f,0x06,
    0x08,0x60,0x06,0x09,0x61,0x06,0x0c,0x62,0x06,0x0d,0x63,0x06,0x13,0x70,0x06,0x1a,0x71,0x06,0x1b,0x72,0x06,0x1e,0x73,0x06,
    0x1f,0x74,0x06,0x20,0x5d,0x00,0x21,0x75,0x06,0x22,0x5d,0x00,0x25,0x76,0x06,0x26,0x77,0x06,0x27,0x78,0x06,0x28,0x79,0x06,
    0x2c,0x7a,0x06,0x2d,0x7b,0x06,0x01,0x5c,0x06,0x02,0x5d,0x06,0x05,0x5e,0x06,0x06,0x5f,0x06,0x08,0x60,0x06,0x09,0x61,0x06,
    0x0c,0x62,0x06,0x0d,0x63,0x06,0x0f,0x68,0x06,0x13,0x70,0x06,0x15,0x69,0x06,0x16,0x7c,0x06,0x17,0x7d,0x06,0x19,0x7e,0x06,
    0x1a,0x71,0x06,0x1b,0x72,0x06,0x1c,0x5d,0x00,0x1d,0x7f,0x06,0x1e,0x80,0x06,0x1f,0x81,0x06,0x20,0x82,0x06,0x21,0x75,0x06,
    0x22,0x5d,0x00,0x24,0x83,0x06,0x25,0x84,0x06,0x26,0x85,0x06,0x27,0x86,0x06,0x28,0x79,0x06,0x0a,0x87,0x06,0x10,0x88,0x06,
    0x11,0x89,0x06,0x01,0x5c,0x06,0x02,0x5d,0x06,0x05,0x5e,0x06,0x06,0x5f,0x06,0x08,0x60,0x06,0x09,0x61,0x06,0x0c,0x62,0x06,
    0x0d,0x63,0x06,0x13,0x70,0x06,0x15,0x69,0x06,0x16,0x7c,0x06,0x17,0x7d,0x06,0x19,0x7e,0x06,0x1a,0x71,0x06,0x1b,0x72,0x06,
    0x1c,0x5d,0x00,0x1d,0x7f,0x06,0x1e,0x8a,0x06,0x1f,0x8b,0x06,0x20,0x8c,0x06,0x21,0x75,0x06,0x22,0x5d,0x00,0x24,0x83,0x06,
    0x25,0x84,0x06,0x26,0x5d,0x00,0x27,0x86,0x06,0x28,0x79,0x06,0x01,0x5c,0x06,0x02,0x5d,0x06,0x05,0x5e,0x06,0x06,0x5f,0x06,
    0x08,0x60,0x06,0x09,0x61,0x06,0x0c,0x62,0x06,0x0d,0x63,0x06,0x05,0x8d,0x06,0x06,0x8e,0x06,0x07,0x8f,0x06,0x05,0x8d,0x06,
    0x06,0x8e,0x06,0x07,0x90,0x06,0x03,0x91,0x06,0x04,0x5d,0x00,0x05,0x92,0x06,0x08,0x93,0x06,0x09,0x94,0x06,0x0a,0x95,0x06,
    0x0b,0x96,0x06,0x0f,0x5d,0x00,0x10,0x97,0x06,0x05,0x92,0x06,0x0a,0x95,0x06,0x0b,0x96,0x06,0x0f,0x5d,0x00,0x10,0x97,0x06,
    0x03,0x91,0x06,0x04,0x5d,0x00,0x05,0x92,0x06,0x08,0x93,0x06,0x09,0x94,0x06,0x0a,0x95,0x06,0x0b,0x98,0x06,0x05,0x8d,0x06,
    0x06,0x8e,0x06,0x14,0x99,0x06,0x15,0x9a,0x06,0x16,0x9b,0x06,0x1a,0x9c,0x06,0x1b,0x9d,0x06,0x1c,0x9e,0x06,0x1d,0x5d,0x00,
    0x20,0x9f,0x06,0x21,0xa0,0x06,0x22,0x5d,0x00,0x23,0x5d,0x00,0x0f,0xa1,0x06,0x14,0xa2,0x06,0x15,0xa3,0x06,0x16,0xa4,0x06,
    0x1a,0xa5,0x06,0x1b,0xa6,0x06,0x1c,0xa7,0x06,0x1d,0x5d,0x00,0x21,0x5d,0x00,0x22,0x5d,0x00,0x23,0x5d,0x00,0x0e,0xa8,0x06,
    0x15,0xa9,0x06,0x09,0xaa,0x06,0x0b,0xab,0x06,0x0f,0xac,0x06,0x10,0xad,0x06,0x11,0xae,0x06,0x12,0xaf,0x06,0x17,0xb0,0x06,
    0x18,0xb1,0x06,0x1e,0xb2,0x06,0x25,0xb3,0x06,0x01,0xb4,0x06,0x02,0xb5,0x06,0x08,0xb6,0x06,0x09,0xb7,0x06,0x0a,0xb8,0x06,
    0x0b,0xb9,0x06,0x0f,0xac,0x06,0x10,0xad,0x06,0x11,0xae,0x06,0x12,0xaf,0x06,0x17,0xb0,0x06,0x18,0xb1,0x06,0x1e,0xba,0x06,
    0x25,0xbb,0x06,0x26,0xbc,0x06,0x27,0xbd,0x06,0x01,0xb4,0x06,0x02,0xb5,0x06,0x08,0xbe,0x06,0x09,0xbf,0x06,0x0a,0xb8,0x06,
    0x0b,0xb9,0x06,0x10,0xc0,0x06,0x1e,0xba,0x06,0x25,0xbb,0x06,0x26,0xbc,0x06,0x27,0xbd,0x06,0x2c,0xc1,0x06,0x2d,0xc2,0x06,
    0x23,0x5d,0x00,0x24,0xc3,0x06,0x25,0xc4,0x06,0x2b,0xc5,0x06,0x2c,0xc6,0x06,0x2d,0xc7,0x06,0x23,0xc8,0x06,0x24,0xc9,0x06,
    0x0f,0xca,0x06,0x10,0xcb,0x06,0x12,0xcc,0x06,0x13,0xcd,0x06,0x14,0xce,0x06,0x15,0xcf,0x06,0x16,0x5d,0x00,0x17,0xd0,0x06,
    0x18,0xd1,0x06,0x13,0xd2,0x06,0x17,0xd3,0x06,0x18,0xd4,0x06,0x0b,0xd5,0x06,0x0c,0xd6,0x06,0x0d,0xd7,0x06,0x0b,0xd5,0x06,
    0x0c,0xd6,0x06,0x0d,0xd7,0x06,0x0f,0xca,0x06,0x10,0xcb,0x06,0x12,0xcc,0x06,0x13,0xcd,0x06,0x14,0xce,0x06,0x15,0xcf,0x06,
    0x16,0x5d,0x00,0x17,0xd0,0x06,0x18,0xd1,0x06,0x0b,0xd5,0x06,0x0c,0xd6,0x06,0x0d,0xd7,0x06,0x13,0xd2,0x06,0x17,0xd3,0x06,
    0x18,0xd4,0x06,0x10,0xd8,0x06,0x11,0xd9,0x06,0x14,0xda,0x06,0x15,0xdb,0x06,0x16,0xdc,0x06,0x17,0xdd,0x06,0x19,0xde,0x06,
    0x1a,0xdf,0x06,0x1b,0xe0,0x06,0x1c,0xe1,0x06,0x1d,0xe2,0x06,0x1e,0xe3,0x06,0x1f,0xe4,0x06,0x20,0xe5,0x06,0x21,0xe6,0x06,
    0x22,0xe7,0x06,0x23,0xe8,0x06,0x10,0xe9,0x06,0x14,0xda,0x06,0x15,0xdb,0x06,0x0f,0xea,0x06,0x10,0xe9,0x06,0x14,0xda,0x06,
    0x15,0xdb,0x06,0x10,0xeb,0x06,0x11,0xec,0x06,0x12,0xed,0x06,0x16,0xee,0x06,0x17,0xef,0x06,0x00,0xf0,0x06,0x01,0xf1,0x06,
    0x05,0xf2,0x06,0x06,0xf3,0x06,0x0a,0xf4,0x06,0x10,0xeb,0x06,0x11,0xec,0x06,0x12,0xed,0x06,0x16,0xee,0x06,0x17,0xef,0x06,
    0x0b,0xf5,0x06,0x0c,0xf6,0x06,0x10,0xf7,0x06,0x11,0xf8,0x06,0x19,0xf9,0x06,0x1a,0xfa,0x06,0x1b,0xfb,0x06,0x1c,0xfc,0x06,
    0x1f,0x5d,0x00,0x20,0xfd,0x06,0x22,0xfe,0x06,0x14,0xff,0x06,0x15,0x00,0x07,0x1b,0x01,0x07,0x00,0x02,0x07,0x01,0x03,0x07,
    0x04,0x04,0x07,0x05,0x05,0x07,0x06,0x06,0x07,0x07,0x07,0x07,0x0a,0x08,0x07,0x0b,0x09,0x07,0x0c,0x0a,0x07,0x14,0xff,0x06,
    0x15,0x00,0x07,0x19,0xf9,0x06,0x1a,0xfa,0x06,0x1b,0x0b,0x07,0x1c,0xfc,0x06,0x1f,0x5d,0x00,0x20,0xfd,0x06,0x22,0xfe,0x06,
    0x00,0x02,0x07,0x01,0x03,0x07,0x04,0x04,0x07,0x05,0x05,0x07,0x06,0x06,0x07,0x07,0x07,0x07,0x0a,0x08,0x07,0x0b,0x09,0x07,
    0x0c,0x0a,0x07,0x14,0xff,0x06,0x15,0x00,0x07,0x0c,0x0c,0x07,0x0f,0x0d,0x07,0x10,0x0e,0x07,0x11,0x0f,0x07,0x12,0x10,0x07,
    0x13,0x11,0x07,0x14,0x12,0x07,0x15,0x13,0x07,0x16,0x14,0x07,0x17,0x15,0x07,0x18,0x16,0x07,0x19,0x17,0x07,0x1b,0x18,0x07,
    0x1c,0x19,0x07,0x0c,0x0c,0x07,0x0f,0x0d,0x07,0x10,0x0e,0x07,0x11,0x0f,0x07,0x12,0x10,0x07,0x13,0x1a,0x07,0x14,0x1b,0x07,
    0x15,0x13,0x07,0x16,0x14,0x07,0x17,0x15,0x07,0x18,0x16,0x07,0x19,0x17,0x07,0x1a,0x1c,0x07,0x1b,0x18,0x07,0x1c,0x19,0x07,
    0x0c,0x0c,0x07,0x0f,0x0d,0x07,0x10,0x0e,0x07,0x11,0x0f,0x07,0x12,0x10,0x07,0x13,0x1d,0x07,0x15,0x13,0x07,0x16,0x14,0x07,
    0x17,0x15,0x07,0x18,0x16,0x07,0x19,0x17,0x07,0x1b,0x18,0x07,0x1c,0x19,0x07,0x0e,0x1e,0x07,0x00,0x1f,0x07,0x01,0x20,0x07,
    0x06,0x21,0x07,0x07,0x22,0x07,0x08,0x23,0x07,0x0c,0x24,0x07,0x0d,0x25,0x07,0x0e,0x26,0x07,0x12,0x5d,0x00,0x13,0x27,0x07,
    0x06,0x28,0x07,0x07,0x29,0x07,0x08,0x2a,0x07,0x0c,0x2b,0x07,0x0d,0x2c,0x07,0x0e,0x2d,0x07,0x12,0x2e,0x07,0x13,0x2f,0x07,
    0x0d,0x30,0x07,0x06,0x31,0x07,0x08,0x32,0x07,0x06,0x31,0x07,0x08,0x32,0x07,0x0d,0x30,0x07,0x1d,0x33,0x07,0x1e,0x34,0x07,
    0x1f,0x35,0x07,0x24,0x5d,0x00,0x25,0x36,0x07,0x26,0x37,0x07,0x2b,0x5d,0x00,0x2c,0x5d,0x00,0x00,0x38,0x07,0x01,0x39,0x07,
    0x04,0x3a,0x07,0x05,0x3b,0x07,0x07,0x3c,0x07,0x08,0x3d,0x07,0x09,0x3e,0x07,0x0a,0x3f,0x07,0x0e,0x40,0x07,0x0f,0x41,0x07,
    0x10,0x42,0x07,0x15,0x43,0x07,0x16,0x44,0x07,0x17,0x45,0x07,0x1c,0x46,0x07,0x1d,0x47,0x07,0x1e,0x48,0x07,0x24,0x49,0x07,
    0x25,0x4a,0x07,0x2b,0x5d,0x00,0x2c,0x5d,0x00,0x07,0x4b,0x07,0x08,0x4c,0x07,0x09,0x4d,0x07,0x0c,0x4e,0x07,0x0d,0x4f,0x07,
    0x0e,0x40,0x07,0x0f,0x41,0x07,0x10,0x42,0x07,0x14,0x50,0x07,0x15,0x43,0x07,0x16,0x44,0x07,0x17,0x45,0x07,0x1b,0x51,0x07,
    0x1c,0x52,0x07,0x1d,0x47,0x07,0x1e,0x48,0x07,0x24,0x49,0x07,0x25,0x4a,0x07,0x2b,0x5d,0x00,0x2c,0x5d,0x00,0x0f,0x53,0x07,
    0x16,0x54,0x07,0x0a,0x55,0x07,0x0b,0x56,0x07,0x0c,0x57,0x07,0x0d,0x58,0x07,0x0f,0x59,0x07,0x10,0x5a,0x07,0x11,0x5b,0x07,
    0x12,0x5c,0x07,0x14,0x5d,0x07,0x15,0x5e,0x07,0x16,0x5f,0x07,0x17,0x60,0x07,0x01,0x5d,0x00,0x02,0x5d,0x00,0x06,0x61,0x07,
    0x07,0x62,0x07,0x0a,0x55,0x07,0x0b,0x56,0x07,0x0c,0x57,0x07,0x0d,0x58,0x07,0x0f,0x59,0x07,0x10,0x5a,0x07,0x11,0x5b,0x07,
    0x12,0x5c,0x07,0x14,0x5d,0x07,0x15,0x5e,0x07,0x16,0x5f,0x07,0x17,0x60,0x07,0x14,0x5d,0x07,0x15,0x63,0x07,0x16,0x64,0x07,
    0x17,0x65,0x07,0x02,0x66,0x07,0x07,0x67,0x07,0x08,0x68,0x07,0x09,0x69,0x07,0x0a,0x6a,0x07,0x0b,0x6b,0x07,0x0e,0x6c,0x07,
    0x0f,0x6d,0x07,0x10,0x6e,0x07,0x11,0x6f,0x07,0x12,0x70,0x07,0x15,0x71,0x07,0x16,0x72,0x07,0x17,0x73,0x07,0x18,0x74,0x07,
    0x19,0x75,0x07,0x1a,0x76,0x07,0x1c,0x77,0x07,0x1e,0x78,0x07,0x1f,0x79,0x07,0x20,0x7a,0x07,0x23,0x7b,0x07,0x02,0x66,0x07,
    0x07,0x67,0x07,0x08,0x7c,0x07,0x09,0x7d,0x07,0x0a,0x7e,0x07,0x0b,0x6b,0x07,0x0e,0x6c,0x07,0x0f,0x7f,0x07,0x10,0x6e,0x07,
    0x11,0x6f,0x07,0x12,0x70,0x07,0x15,0x71,0x07,0x16,0x72,0x07,0x17,0x73,0x07,0x18,0x74,0x07,0x19,0x75,0x07,0x1a,0x80,0x07,
    0x1c,0x77,0x07,0x1e,0x78,0x07,0x1f,0x79,0x07,0x20,0x7a,0x07,0x23,0x7b,0x07,0x08,0x81,0x07,0x0a,0x82,0x07,0x10,0x83,0x07,
    0x11,0x84,0x07,0x08,0x85,0x07,0x09,0x86,0x07,0x0a,0x87,0x07,0x0b,0x88,0x07,0x0c,0x89,0x07,0x0d,0x8a,0x07,0x0e,0x8b,0x07,
    0x0f,0x8c,0x07,0x10,0x8d,0x07,0x06,0x8e,0x07,0x07,0x8f,0x07,0x08,0x85,0x07,0x09,0x86,0x07,0x0a,0x87,0x07,0x0b,0x88,0x07,
    0x0c,0x90,0x07,0x0d,0x91,0x07,0x0e,0x8b,0x07,0x0f,0x8c,0x07,0x10,0x8d,0x07,0x11,0x92,0x07,0x12,0x93,0x07,0x08,0x85,0x07,
    0x09,0x86,0x07,0x0a,0x87,0x07,0x0b,0x88,0x07,0x0c,0x94,0x07,0x0d,0x8a,0x07,0x0e,0x8b,0x07,0x0f,0x8c,0x07,0x10,0x8d,0x07,
    0x0c,0x89,0x07,0x0c,0x90,0x07,0x0c,0x94,0x07,0x01,0x95,0x07,0x02,0x96,0x07,0x03,0x97,0x07,0x04,0x98,0x07,0x20,0x99,0x07,
    0x21,0x9a,0x07,0x0e,0x9b,0x07,0x0f,0x9c,0x07,0x10,0x9d,0x07,0x13,0x9e,0x07,0x14,0x9f,0x07,0x15,0xa0,0x07,0x07,0xa1,0x07,
    0x0a,0xa2,0x07,0x0d,0xa3,0x07,0x10,0xa4,0x07,0x1a,0xa5,0x07,0x1b,0xa6,0x07,0x09,0xa7,0x07,0x0a,0xa8,0x07,0x0f,0xa9,0x07,
    0x10,0xaa,0x07,0x15,0xab,0x07,0x16,0xac,0x07,0x17,0xad,0x07,0x03,0xae,0x07,0x04,0x5d,0x00,0x05,0x5d,0x00,0x09,0xaf,0x07,
    0x0a,0xb0,0x07,0x0b,0xb1,0x07,0x0e,0xb2,0x07,0x0f,0xb3,0x07,0x10,0xb4,0x07,0x11,0xb5,0x07,0x15,0xab,0x07,0x16,0xac,0x07,
    0x17,0xb6,0x07,0x1c,0xb7,0x07,0x1d,0xb8,0x07,0x03,0xae,0x07,0x04,0x5d,0x00,0x05,0x5d,0x00,0x09,0xaf,0x07,0x0a,0xb9,0x07,
    0x0b,0xb1,0x07,0x0e,0xb2,0x07,0x0f,0xb3,0x07,0x10,0xaa,0x07,0x11,0xba,0x07,0x15,0xab,0x07,0x16,0xbb,0x07,0x17,0xbc,0x07,
    0x1c,0xbd,0x07,0x1d,0xbe,0x07,0x16,0xac,0x07,0x17,0xad,0x07,0x0e,0xb2,0x07,0x0f,0xb3,0x07,0x16,0xac,0x07,0x17,0xad,0x07,
    0x03,0xbf,0x07,0x04,0xc0,0x07,0x07,0xc1,0x07,0x08,0xc2,0x07,0x09,0xc3,0x07,0x0e,0x5d,0x00,0x13,0xc4,0x07,0x03,0xbf,0x07,
    0x04,0xc0,0x07,0x05,0xc5,0x07,0x06,0xc6,0x07,0x07,0xc7,0x07,0x08,0xc8,0x07,0x09,0xc3,0x07,0x0e,0x5d,0x00,0x13,0xc4,0x07,
    0x01,0xc9,0x07,0x03,0xbf,0x07,0x04,0xca,0x07,0x07,0xc1,0x07,0x08,0xcb,0x07,0x09,0xcc,0x07,0x0e,0x5d,0x00,0x13,0xc4,0x07,
    0x03,0xcd,0x07,0x04,0xce,0x07,0x05,0xcf,0x07,0x07,0xd0,0x07,0x08,0xd1,0x07,0x09,0xd2,0x07,0x0a,0xd3,0x07,0x0b,0xd4,0x07,
    0x0c,0xd5,0x07,0x0d,0xd6,0x07,0x0e,0xd7,0x07,0x0f,0xd8,0x07,0x11,0xd9,0x07,0x12,0xda,0x07,0x13,0xdb,0x07,0x19,0xdc,0x07,
    0x03,0xcd,0x07,0x04,0xce,0x07,0x05,0xcf,0x07,0x07,0xd0,0x07,0x08,0xd1,0x07,0x09,0xdd,0x07,0x0a,0xde,0x07,0x0b,0xd4,0x07,
    0x0c,0xd5,0x07,0x0d,0xd6,0x07,0x0e,0xd7,0x07,0x0f,0xdf,0x07,0x10,0xe0,0x07,0x11,0xe1,0x07,0x12,0xda,0x07,0x13,0xdb,0x07,
    0x15,0xe2,0x07,0x16,0xe3,0x07,0x17,0xe4,0x07,0x18,0xe5,0x07,0x19,0xdc,0x07,0x1c,0x5d,0x00,0x1d,0x5d,0x00,0x1e,0xe6,0x07,
    0x1f,0xe7,0x07,0x24,0x5d,0x00,0x26,0xe8,0x07,0x27,0xe9,0x07,0x2d,0xea,0x07,0x03,0xcd,0x07,0x04,0xce,0x07,0x05,0xcf,0x07,
    0x09,0xdd,0x07,0x0a,0xde,0x07,0x0b,0xd4,0x07,0x0c,0xd5,0x07,0x0d,0xd6,0x07,0x0f,0xeb,0x07,0x10,0xe0,0x07,0x11,0xe1,0x07,
    0x12,0xda,0x07,0x13,0xdb,0x07,0x15,0xe2,0x07,0x16,0xe3,0x07,0x17,0xe4,0x07,0x18,0xe5,0x07,0x19,0xdc,0x07,0x1c,0x5d,0x00,
    0x1d,0x5d,0x00,0x1e,0xe6,0x07,0x1f,0xe7,0x07,0x24,0x5d,0x00,0x00,0xec,0x07,0x01,0xed,0x07,0x02,0xee,0x07,0x03,0x5d,0x00,
    0x04,0x5d,0x00,0x06,0xef,0x07,0x07,0xf0,0x07,0x08,0xf1,0x07,0x09,0xf2,0x07,0x0a,0x5d,0x00,0x0c,0xf3,0x07,0x0d,0xf4,0x07,
    0x0e,0xf5,0x07,0x12,0xf6,0x07,0x0e,0xf7,0x07,0x13,0xf8,0x07,0x14,0xf9,0x07,0x15,0xfa,0x07,0x1a,0xfb,0x07,0x1b,0xfc,0x07,
    0x0e,0xfd,0x07,0x0f,0xfe,0x07,0x0e,0xff,0x07,0x1f,0x00,0x08,0x20,0x01,0x08,0x26,0x02,0x08,0x27,0x03,0x08,0x04,0x04,0x08,
    0x05,0x05,0x08,0x07,0x06,0x08,0x08,0x07,0x08,0x0a,0x08,0x08,0x0b,0x09,0x08,0x0c,0x0a,0x08,0x0f,0x0b,0x08,0x11,0x0c,0x08,
    0x12,0x0d,0x08,0x13,0x0e,0x08,0x18,0x0f,0x08,0x1a,0x10,0x08,0x1e,0x11,0x08,0x1f,0x12,0x08,0x20,0x13,0x08,0x25,0x14,0x08,
    0x26,0x15,0x08,0x27,0x16,0x08,0x01,0x17,0x08,0x02,0x18,0x08,0x04,0x04,0x08,0x05,0x05,0x08,0x09,0x19,0x08,0x0a,0x08,0x08,
    0x0b,0x09,0x08,0x0c,0x0a,0x08,0x10,0x1a,0x08,0x11,0x0c,0x08,0x12,0x0d,0x08,0x13,0x0e,0x08,0x18,0x0f,0x08,0x1a,0x10,0x08,
    0x03,0x1b,0x08,0x04,0x04,0x08,0x05,0x05,0x08,0x0a,0x08,0x08,0x0b,0x09,0x08,0x0c,0x0a,0x08,0x11,0x0c,0x08,0x12,0x0d,0x08,
    0x13,0x0e,0x08,0x18,0x0f,0x08,0x1a,0x10,0x08,0x04,0x04,0x08,0x05,0x05,0x08,0x0a,0x08,0x08,0x0b,0x09,0x08,0x0c,0x0a,0x08,
    0x11,0x0c,0x08,0x12,0x0d,0x08,0x13,0x0e,0x08,0x18,0x0f,0x08,0x1a,0x10,0x08,0x0e,0xff,0x07,0x07,0x06,0x08,0x08,0x07,0x08,
    0x0f,0x0b,0x08,0x01,0x17,0x08,0x02,0x18,0x08,0x09,0x19,0x08,0x10,0x1a,0x08,0x0b,0x1c,0x08,0x0c,0x1d,0x08,0x10,0x1e,0x08,
    0x11,0x1f,0x08,0x07,0x20,0x08,0x0b,0x21,0x08,0x0c,0x22,0x08,0x10,0x23,0x08,0x11,0x1f,0x08,0x01,0x24,0x08,0x02,0x25,0x08,
    0x03,0x26,0x08,0x06,0x27,0x08,0x07,0x28,0x08,0x08,0x29,0x08,0x01,0x24,0x08,0x02,0x25,0x08,0x03,0x26,0x08,0x06,0x27,0x08,
    0x07,0x28,0x08,0x08,0x29,0x08,0x0b,0x1c,0x08,0x0c,0x1d,0x08,0x10,0x1e,0x08,0x11,0x1f,0x08,0x0f,0x2a,0x08,0x10,0x2b,0x08,
    0x11,0x2c,0x08,0x16,0x2d,0x08,0x17,0x2e,0x08,0x18,0x2f,0x08,0x19,0x30,0x08,0x1d,0x31,0x08,0x1e,0x32,0x08,0x1f,0x33,0x08,
    0x23,0x34,0x08,0x24,0x35,0x08,0x25,0x36,0x08,0x2a,0x37,0x08,0x2b,0x38,0x08,0x2c,0x39,0x08,0x0f,0x2a,0x08,0x10,0x2b,0x08,
    0x11,0x2c,0x08,0x12,0x3a,0x08,0x16,0x2d,0x08,0x17,0x3b,0x08,0x18,0x3c,0x08,0x19,0x30,0x08,0x1d,0x31,0x08,0x1e,0x3d,0x08,
    0x1f,0x3e,0x08,0x23,0x34,0x08,0x24,0x3f,0x08,0x25,0x36,0x08,0x2a,0x37,0x08,0x2b,0x38,0x08,0x2c,0x39,0x08,0x0f,0x2a,0x08,
    0x10,0x2b,0x08,0x11,0x2c,0x08,0x12,0x3a,0x08,0x16,0x40,0x08,0x17,0x41,0x08,0x18,0x42,0x08,0x19,0x30,0x08,0x1d,0x31,0x08,
    0x1e,0x43,0x08,0x1f,0x44,0x08,0x23,0x34,0x08,0x24,0x3f,0x08,0x25,0x36,0x08,0x2a,0x37,0x08,0x2b,0x38,0x08,0x2c,0x39,0x08,
    0x23,0x34,0x08,0x24,0x35,0x08,0x25,0x36,0x08,0x2a,0x37,0x08,0x2b,0x38,0x08,0x2c,0x39,0x08,0x0f,0x45,0x08,0x10,0x46,0x08,
    0x11,0x47,0x08,0x14,0x5d,0x00,0x15,0x48,0x08,0x16,0x49,0x08,0x0f,0x4a,0x08,0x10,0x4b,0x08,0x11,0x4c,0x08,0x14,0x5d,0x00,
    0x15,0x48,0x08,0x16,0x49,0x08,0x0b,0x4d,0x08,0x0c,0x4e,0x08,0x0d,0x4f,0x08,0x0f,0x4a,0x08,0x10,0x4b,0x08,0x11,0x50,0x08,
    0x12,0x51,0x08,0x14,0x5d,0x00,0x15,0x48,0x08,0x16,0x49,0x08,0x02,0x52,0x08,0x04,0x53,0x08,0x05,0x54,0x08,0x08,0x55,0x08,
    0x09,0x56,0x08,0x0a,0x57,0x08,0x0b,0x58,0x08,0x0c,0x59,0x08,0x0e,0x5a,0x08,0x0f,0x5b,0x08,0x11,0x5c,0x08,0x12,0x5d,0x08,
    0x15,0x5d,0x00,0x16,0x5e,0x08,0x19,0x5f,0x08,0x1c,0x60,0x08,0x1d,0x61,0x08,0x1f,0x62,0x08,0x20,0x63,0x08,0x23,0x64,0x08,
    0x24,0x65,0x08,0x25,0x66,0x08,0x26,0x67,0x08,0x27,0x68,0x08,0x2b,0x5d,0x00,0x2c,0x69,0x08,0x2d,0x6a,0x08,0x2e,0x6b,0x08,
    0x1f,0x62,0x08,0x26,0x67,0x08,0x02,0x52,0x08,0x04,0x53,0x08,0x05,0x54,0x08,0x08,0x55,0x08,0x09,0x56,0x08,0x0a,0x57,0x08,
    0x0b,0x58,0x08,0x0c,0x59,0x08,0x0e,0x5a,0x08,0x0f,0x5b,0x08,0x11,0x5c,0x08,0x12,0x5d,0x08,0x15,0x5d,0x00,0x16,0x5e,0x08,
    0x19,0x5f,0x08,0x1c,0x60,0x08,0x1d,0x61,0x08,0x1f,0x6c,0x08,0x20,0x63,0x08,0x23,0x64,0x08,0x24,0x65,0x08,0x25,0x66,0x08,
    0x27,0x68,0x08,0x2b,0x5d,0x00,0x2c,0x69,0x08,0x2d,0x6a,0x08,0x2e,0x6b,0x08,0x1f,0x6d,0x08,0x26,0x67,0x08,0x0f,0x6e,0x08,
    0x10,0x6f,0x08,0x11,0x70,0x08,0x16,0x71,0x08,0x17,0x72,0x08,0x18,0x73,0x08,0x19,0x74,0x08,0x1e,0x75,0x08,0x1f,0x76,0x08,
    0x20,0x77,0x08,0x25,0x78,0x08,0x26,0x79,0x08,0x0f,0x6e,0x08,0x10,0x7a,0x08,0x11,0x70,0x08,0x16,0x7b,0x08,0x17,0x72,0x08,
    0x18,0x7c,0x08,0x19,0x7d,0x08,0x1e,0x7e,0x08,0x1f,0x7f,0x08,0x20,0x77,0x08,0x25,0x80,0x08,0x26,0x81,0x08,0x16,0x82,0x08,
    0x17,0x83,0x08,0x18,0x84,0x08,0x19,0x7d,0x08,0x1d,0x85,0x08,0x1e,0x86,0x08,0x1f,0x87,0x08,0x12,0x88,0x08,0x13,0x89,0x08,
    0x18,0x8a,0x08,0x19,0x8b,0x08,0x1a,0x8c,0x08,0x1e,0x8d,0x08,0x0e,0x8e,0x08,0x12,0x8f,0x08,0x13,0x90,0x08,0x14,0x91,0x08,
    0x15,0x92,0x08,0x18,0x93,0x08,0x19,0x94,0x08,0x1a,0x95,0x08,0x1e,0x5d,0x00,0x1f,0x5d,0x00,0x0e,0x8e,0x08,0x12,0x96,0x08,
    0x13,0x97,0x08,0x14,0x98,0x08,0x15,0x92,0x08,0x18,0x99,0x08,0x19,0x9a,0x08,0x1a,0x9b,0x08,0x1e,0x5d,0x00,0x1f,0x5d,0x00,
    0x0e,0x8e,0x08,0x15,0x92,0x08,0x10,0x9c,0x08,0x11,0x9d,0x08,0x12,0x9e,0x08,0x14,0x9f,0x08,0x15,0xa0,0x08,0x17,0xa1,0x08,
    0x18,0xa2,0x08,0x1d,0xa3,0x08,0x00,0xa4,0x08,0x01,0xa5,0x08,0x04,0xa6,0x08,0x05,0xa7,0x08,0x06,0xa8,0x08,0x0a,0xa9,0x08,
    0x0d,0xaa,0x08,0x0e,0xab,0x08,0x10,0x9c,0x08,0x11,0x9d,0x08,0x12,0x9e,0x08,0x14,0x9f,0x08,0x15,0xa0,0x08,0x17,0xa1,0x08,
    0x18,0xa2,0x08,0x19,0xac,0x08,0x1c,0xad,0x08,0x1d,0xa3,0x08,0x1e,0xae,0x08,0x1f,0xaf,0x08,0x20,0xb0,0x08,0x21,0xb1,0x08,
    0x23,0xb2,0x08,0x19,0xac,0x08,0x1c,0xad,0x08,0x1e,0xae,0x08,0x1f,0xaf,0x08,0x20,0xb0,0x08,0x21,0xb1,0x08,0x23,0xb2,0x08,
    0x00,0xa4,0x08,0x01,0xa5,0x08,0x04,0xa6,0x08,0x05,0xa7,0x08,0x06,0xa8,0x08,0x0a,0xa9,0x08,0x0d,0xaa,0x08,0x0e,0xab,0x08,
    0x10,0x9c,0x08,0x14,0x9f,0x08,0x15,0xa0,0x08,0x19,0xac,0x08,0x1c,0xad,0x08,0x1e,0xae,0x08,0x1f,0xaf,0x08,0x20,0xb0,0x08,
    0x21,0xb1,0x08,0x23,0xb2,0x08,0x1f,0xb3,0x08,0x22,0xb4,0x08,0x1f,0xb5,0x08,0x20,0xb6,0x08,0x21,0xb7,0x08,0x22,0xb8,0x08,
    0x03,0xb9,0x08,0x04,0xba,0x08,0x0a,0xbb,0x08,0x0b,0xbc,0x08,0x0f,0xbd,0x08,0x11,0xbe,0x08,0x12,0xbf,0x08,0x17,0xc0,0x08,
    0x1a,0xc1,0x08,0x1b,0xc2,0x08,0x1d,0xc3,0x08,0x1e,0xc4,0x08,0x21,0xc5,0x08,0x22,0xc6,0x08,0x03,0xc7,0x08,0x04,0xc8,0x08,
    0x0a,0xc9,0x08,0x0b,0xca,0x08,0x0f,0xbd,0x08,0x11,0xcb,0x08,0x12,0xcc,0x08,0x17,0xc0,0x08,0x1a,0xc1,0x08,0x1b,0xc2,0x08,
    0x1d,0xc3,0x08,0x1e,0xc4,0x08,0x20,0xcd,0x08,0x21,0xc5,0x08,0x22,0xc6,0x08,0x28,0xce,0x08,0x0f,0xbd,0x08,0x17,0xc0,0x08,
    0x1d,0xc3,0x08,0x1e,0xc4,0x08,0x2e,0xcf,0x08,0x2f,0xd0,0x08,0x30,0xd1,0x08,0x03,0xb9,0x08,0x04,0xba,0x08,0x0a,0xbb,0x08,
    0x0b,0xbc,0x08,0x11,0xbe,0x08,0x12,0xbf,0x08,0x1a,0xc1,0x08,0x1b,0xc2,0x08,0x21,0xc5,0x08,0x22,0xc6,0x08,0x03,0xc7,0x08,
    0x04,0xc8,0x08,0x0a,0xc9,0x08,0x0b,0xca,0x08,0x11,0xcb,0x08,0x12,0xcc,0x08,0x1a,0xc1,0x08,0x1b,0xc2,0x08,0x20,0xcd,0x08,
    0x21,0xc5,0x08,0x22,0xc6,0x08,0x28,0xce,0x08,0x2e,0xcf,0x08,0x0f,0xd2,0x08,0x0f,0xd3,0x08,0x16,0xd4,0x08,0x0a,0xd5,0x08,
    0x0b,0xd6,0x08,0x0f,0xd7,0x08,0x10,0xd8,0x08,0x11,0xd9,0x08,0x0a,0xd5,0x08,0x0b,0xd6,0x08,0x0f,0xd7,0x08,0x10,0xd8,0x08,
    0x11,0xd9,0x08,0x12,0xda,0x08,0x13,0xdb,0x08,0x14,0xdc,0x08,0x18,0xdd,0x08,0x19,0xde,0x08,0x0a,0xdf,0x08,0x0b,0xd6,0x08,
    0x10,0xe0,0x08,0x11,0xe1,0x08,0x12,0xda,0x08,0x13,0xdb,0x08,0x14,0xdc,0x08,0x16,0xe2,0x08,0x17,0xe3,0x08,0x18,0xdd,0x08,
    0x19,0xde,0x08,0x0a,0xdf,0x08,0x0b,0xd6,0x08,0x10,0xe0,0x08,0x11,0xe1,0x08,0x16,0xe2,0x08,0x17,0xe3,0x08,0x07,0xe4,0x08,
    0x09,0xe5,0x08,0x0d,0xe6,0x08,0x0f,0xe7,0x08,0x07,0xe8,0x08,0x0b,0xe9,0x08,0x0c,0xea,0x08,0x0d,0xeb,0x08,0x0e,0xec,0x08,
    0x0f,0xed,0x08,0x10,0xee,0x08,0x11,0xef,0x08,0x12,0xf0,0x08,0x13,0xf1,0x08,0x14,0xf2,0x08,0x15,0xf3,0x08,0x16,0xf4,0x08,
    0x1a,0xf5,0x08,0x1c,0x5d,0x00,0x07,0xe8,0x08,0x0e,0xec,0x08,0x0f,0xed,0x08,0x10,0xee,0x08,0x11,0xef,0x08,0x13,0xf6,0x08,
    0x15,0xf3,0x08,0x16,0xf4,0x08,0x19,0xf7,0x08,0x1a,0xf8,0x08,0x1b,0xf9,0x08,0x1c,0x5d,0x00,0x21,0xfa,0x08,0x07,0xe8,0x08,
    0x0e,0xec,0x08,0x0f,0xed,0x08,0x10,0xee,0x08,0x11,0xef,0x08,0x13,0xfb,0x08,0x15,0xf3,0x08,0x16,0xf4,0x08,0x19,0xfc,0x08,
    0x1a,0xfd,0x08,0x1c,0x5d,0x00,0x20,0xfe,0x08,0x21,0x77,0x04,0x17,0xff,0x08,0x18,0x00,0x09,0x05,0x01,0x09,0x0a,0x02,0x09,
    0x05,0x03,0x09,0x0a,0x04,0x09,0x07,0x05,0x09,0x08,0x06,0x09,0x0c,0x07,0x09,0x0d,0x08,0x09,0x07,0x09,0x09,0x08,0x0a,0x09,
    0x0d,0x0b,0x09,0x05,0x01,0x09,0x07,0x05,0x09,0x08,0x06,0x09,0x0a,0x02,0x09,0x0c,0x07,0x09,0x0d,0x08,0x09,0x05,0x03,0x09,
    0x07,0x09,0x09,0x08,0x0a,0x09,0x0a,0x04,0x09,0x0d,0x0b,0x09,0x10,0x0c,0x09,0x11,0x0d,0x09,0x04,0x5d,0x00,0x05,0x5d,0x00,
    0x0b,0x5d,0x00,0x0c,0x0e,0x09,0x0d,0x5d,0x00,0x12,0x0f,0x09,0x13,0x10,0x09,0x14,0x11,0x09,0x19,0x12,0x09,0x1a,0x13,0x09,
    0x1b,0x14,0x09,0x20,0x15,0x09,0x21,0x16,0x09,0x22,0x17,0x09,0x28,0x18,0x09,0x29,0x19,0x09,0x2e,0x1a,0x09,0x2f,0x1b,0x09,
    0x30,0x1c,0x09,0x16,0x1d,0x09,0x18,0x1e,0x09,0x19,0x1f,0x09,0x1d,0x20,0x09,0x1e,0x21,0x09,0x1f,0x22,0x09,0x20,0x23,0x09,
    0x24,0x24,0x09,0x25,0x25,0x09,0x26,0x26,0x09,0x27,0x27,0x09,0x2c,0xce,0x03,0x2d,0x5d,0x00,0x2e,0x5d,0x00,0x17,0x28,0x09,
    0x18,0x29,0x09,0x1d,0x2a,0x09,0x1e,0x2b,0x09,0x1f,0x2c,0x09,0x06,0x2d,0x09,0x07,0x2e,0x09,0x08,0x2f,0x09,0x0b,0x30,0x09,
    0x0c,0x31,0x09,0x0d,0x32,0x09,0x0e,0x5d,0x00,0x10,0x33,0x09,0x11,0x34,0x09,0x12,0x35,0x09,0x16,0x5d,0x00,0x06,0x36,0x09,
    0x07,0x37,0x09,0x08,0x38,0x09,0x0c,0x39,0x09,0x0d,0x3a,0x09,0x10,0x3b,0x09,0x11,0x3c,0x09,0x12,0x3d,0x09,0x15,0x3e,0x09,
    0x16,0x3f,0x09,0x06,0x40,0x09,0x0b,0x41,0x09,0x0c,0x42,0x09,0x0d,0x43,0x09,0x10,0x3b,0x09,0x11,0x3c,0x09,0x12,0x3d,0x09,
    0x15,0x3e,0x09,0x16,0x3f,0x09,0x10,0x3b,0x09,0x11,0x3c,0x09,0x12,0x3d,0x09,0x15,0x3e,0x09,0x16,0x3f,0x09,0x0a,0x44,0x09,
    0x0b,0x78,0x02,0x0c,0x45,0x09,0x0f,0x46,0x09,0x10,0x47,0x09,0x11,0x78,0x02,0x12,0x48,0x09,0x14,0x49,0x09,0x17,0x4a,0x09,
    0x18,0x4b,0x09,0x1a,0x4c,0x09,0x1b,0x4d,0x09,0x1c,0x4e,0x09,0x1d,0x4f,0x09,0x1e,0x78,0x02,0x20,0x50,0x09,0x21,0x51,0x09,
    0x22,0x52,0x09,0x23,0x53,0x09,0x24,0x78,0x02,0x25,0x78,0x02,0x27,0x54,0x09,0x28,0x78,0x02,0x29,0x55,0x09,0x2c,0x56,0x09,
    0x08,0x57,0x09,0x0a,0x44,0x09,0x0b,0x4f,0x09,0x0c,0x45,0x09,0x0f,0x46,0x09,0x10,0x47,0x09,0x11,0x4f,0x09,0x12,0x48,0x09,
    0x14,0x49,0x09,0x15,0xaf,0x01,0x17,0x4a,0x09,0x18,0x4b,0x09,0x1a,0x4c,0x09,0x1b,0x4d,0x09,0x1c,0x4e,0x09,0x1d,0x4f,0x09,
    0x1e,0x78,0x02,0x20,0x50,0x09,0x21,0x4f,0x09,0x22,0x52,0x09,0x23,0x53,0x09,0x24,0x78,0x02,0x25,0x78,0x02,0x27,0x53,0x09,
    0x28,0x4b,0x09,0x29,0x55,0x09,0x2a,0x58,0x09,0x2c,0x56,0x09,0x0a,0x44,0x09,0x0b,0x59,0x09,0x10,0x47,0x09,0x11,0x78,0x02,
    0x14,0x49,0x09,0x17,0x5a,0x09,0x1a,0x5b,0x09,0x1c,0x5c,0x09,0x1d,0x4f,0x09,0x21,0x51,0x09,0x22,0x5d,0x09,0x24,0x5e,0x09,
    0x25,0x5f,0x09,0x28,0x60,0x09,0x29,0x61,0x09,0x0f,0x62,0x09,0x10,0x63,0x09,0x11,0x64,0x09,0x12,0x65,0x09,0x13,0x66,0x09,
    0x16,0x67,0x09,0x17,0x68,0x09,0x18,0x69,0x09,0x19,0x6a,0x09,0x1a,0x6b,0x09,0x1d,0x6c,0x09,0x1e,0x6d,0x09,0x1f,0x6e,0x09,
    0x20,0x6f,0x09,0x21,0x70,0x09,0x00,0x71,0x09,0x01,0x72,0x09,0x05,0x73,0x09,0x07,0x74,0x09,0x0d,0x75,0x09,0x0e,0x76,0x09,
    0x14,0x77,0x09,0x05,0x78,0x09,0x0a,0x79,0x09,0x0b,0x7a,0x09,0x0c,0x7b,0x09,0x0f,0x7c,0x09,0x10,0x7d,0x09,0x05,0x78,0x09,
    0x0a,0x5d,0x00,0x0b,0x7a,0x09,0x0c,0x7b,0x09,0x0f,0x60,0x08,0x10,0x7e,0x09,0x14,0x7f,0x09,0x15,0x80,0x09,0x00,0x81,0x09,
    0x01,0x82,0x09,0x05,0x78,0x09,0x0a,0x83,0x09,0x0b,0x84,0x09,0x0f,0x5d,0x00,0x10,0x85,0x09,0x05,0x78,0x09,0x0a,0x83,0x09,
    0x0b,0x84,0x09,0x0f,0x5d,0x00,0x10,0x85,0x09,0x08,0x86,0x09,0x00,0x87,0x09,0x05,0x78,0x09,0x0a,0x83,0x09,0x0b,0x84,0x09,
    0x0f,0x5d,0x00,0x10,0x85,0x09,0x00,0x88,0x09,0x01,0x89,0x09,0x02,0x8a,0x09,0x03,0x8b,0x09,0x06,0x8c,0x09,0x07,0x8d,0x09,
    0x0a,0x8e,0x09,0x0b,0x8f,0x09,0x0c,0x90,0x09,0x10,0x91,0x09,0x11,0x92,0x09,0x14,0x93,0x09,0x1a,0x94,0x09,0x1b,0x95,0x09,
    0x1c,0x96,0x09,0x20,0x97,0x09,0x21,0x98,0x09,0x22,0x99,0x09,0x23,0x9a,0x09,0x00,0x9b,0x09,0x01,0x9c,0x09,0x02,0x9d,0x09,
    0x06,0x9e,0x09,0x07,0x9f,0x09,0x0a,0x8e,0x09,0x0b,0x8f,0x09,0x0c,0x5d,0x00,0x10,0x91,0x09,0x11,0x92,0x09,0x14,0x93,0x09,
    0x16,0xa0,0x09,0x17,0xa1,0x09,0x1a,0x94,0x09,0x1b,0x95,0x09,0x1c,0x96,0x09,0x1d,0xa2,0x09,0x20,0x97,0x09,0x21,0x98,0x09,
    0x22,0x99,0x09,0x23,0x9a,0x09,0x00,0x88,0x09,0x01,0x89,0x09,0x02,0x8a,0x09,0x03,0x8b,0x09,0x06,0x8c,0x09,0x07,0x8d,0x09,
    0x0c,0x90,0x09,0x00,0x9b,0x09,0x01,0x9c,0x09,0x02,0x9d,0x09,0x06,0x9e,0x09,0x07,0x9f,0x09,0x0c,0x5d,0x00,0x1a,0x94,0x09,
    0x1b,0x95,0x09,0x1c,0x96,0x09,0x20,0x97,0x09,0x21,0x98,0x09,0x22,0x99,0x09,0x23,0x9a,0x09,0x0a,0xa3,0x09,0x0b,0xa4,0x09,
    0x10,0xa5,0x09,0x11,0xa6,0x09,0x12,0xa7,0x09,0x13,0xa8,0x09,0x17,0xa9,0x09,0x18,0xaa,0x09,0x19,0xab,0x09,0x1a,0xac,0x09,
    0x1b,0xad,0x09,0x20,0xd1,0x03,0x21,0xae,0x09,0x22,0xaf,0x09,0x29,0x5d,0x00,0x0a,0xb0,0x09,0x0b,0xb1,0x09,0x10,0xb2,0x09,
    0x11,0xb3,0x09,0x12,0xb4,0x09,0x13,0xb5,0x09,0x17,0xb6,0x09,0x18,0xaa,0x09,0x19,0xb7,0x09,0x1a,0x5d,0x00,0x1b,0x5d,0x00,
    0x20,0x5d,0x00,0x21,0x5d,0x00,0x22,0x5d,0x00,0x29,0x5d,0x00,0x03,0xb8,0x09,0x09,0xb9,0x09,0x0a,0xba,0x09,0x10,0xbb,0x09,
    0x11,0xbc,0x09,0x12,0xbd,0x09,0x13,0xb5,0x09,0x17,0xbe,0x09,0x18,0xbf,0x09,0x19,0x5d,0x00,0x1a,0x5d,0x00,0x1b,0x5d,0x00,
    0x20,0x5d,0x00,0x21,0x5d,0x00,0x22,0x5d,0x00,0x29,0x5d,0x00,0x0a,0xc0,0x09,0x11,0xc1,0x09,0x12,0xbd,0x09,0x13,0xb5,0x09,
    0x18,0xc2,0x09,0x19,0xc3,0x09,0x1a,0x5d,0x00,0x1b,0x5d,0x00,0x1f,0xc4,0x09,0x20,0xc5,0x09,0x21,0x5d,0x00,0x22,0x5d,0x00,
    0x26,0xc6,0x09,0x27,0xc7,0x09,0x29,0x5d,0x00,0x2d,0xc8,0x09,0x2e,0xc9,0x09,0x09,0xca,0x09,0x0a,0xcb,0x09,0x0b,0xcc,0x09,
    0x06,0x5d,0x00,0x07,0x5d,0x00,0x08,0xcd,0x09,0x0c,0x5d,0x00,0x0d,0xce,0x09,0x0e,0xcf,0x09,0x0f,0xd0,0x09,0x12,0x5d,0x00,
    0x13,0x5d,0x00,0x14,0xd1,0x09,0x16,0xd2,0x09,0x17,0xd3,0x09,0x16,0xd2,0x09,0x17,0xd3,0x09,0x06,0x5d,0x00,0x07,0x5d,0x00,
    0x08,0xcd,0x09,0x0c,0x5d,0x00,0x0d,0xce,0x09,0x0e,0xcf,0x09,0x0f,0xd4,0x09,0x10,0xd5,0x09,0x11,0xd6,0x09,0x12,0x5d,0x00,
    0x13,0x5d,0x00,0x14,0xd1,0x09,0x15,0xd7,0x09,0x16,0xd8,0x09,0x17,0x5d,0x00,0x1b,0xd9,0x09,0x1c,0xda,0x09,0x06,0x5d,0x00,
    0x07,0x5d,0x00,0x08,0xcd,0x09,0x09,0xdb,0x09,0x0a,0xdc,0x09,0x0c,0x5d,0x00,0x0d,0xce,0x09,0x0e,0xcf,0x09,0x0f,0xd0,0x09,
    0x12,0x5d,0x00,0x13,0x5d,0x00,0x14,0xd1,0x09,0x06,0x5d,0x00,0x07,0x5d,0x00,0x08,0xcd,0x09,0x09,0xdb,0x09,0x0a,0xdc,0x09,
    0x0c,0x5d,0x00,0x0d,0xce,0x09,0x0e,0xcf,0x09,0x0f,0xd0,0x09,0x12,0x5d,0x00,0x13,0x5d,0x00,0x14,0xd1,0x09,0x16,0xd2,0x09,
    0x17,0xd3,0x09,0x1a,0xdd,0x09,0x1b,0xde,0x09,0x20,0xdf,0x09,0x21,0xe0,0x09,0x15,0x5d,0x00,0x16,0xe1,0x09,0x17,0xe2,0x09,
    0x18,0xe3,0x09,0x19,0xe4,0x09,0x1c,0x5d,0x00,0x1d,0xe5,0x09,0x1e,0xe6,0x09,0x1f,0xe7,0x09,0x20,0xe8,0x09,0x00,0xe9,0x09,
    0x01,0xea,0x09,0x07,0xeb,0x09,0x08,0xec,0x09,0x0e,0xed,0x09,0x0f,0xee,0x09,0x15,0xef,0x09,0x16,0xf0,0x09,0x1c,0xf1,0x09,
    0x1d,0xf2,0x09,0x1e,0xf3,0x09,0x15,0x5d,0x00,0x16,0xf4,0x09,0x1c,0xf5,0x09,0x1d,0xf6,0x09,0x23,0xf7,0x09,0x24,0xf8,0x09,
    0x09,0xf9,0x09,0x10,0xfa,0x09,0x12,0xfb,0x09,0x07,0xfc,0x09,0x08,0xfd,0x09,0x09,0xfe,0x09,0x0e,0xff,0x09,0x0f,0x00,0x0a,
    0x16,0x01,0x0a,0x1a,0x02,0x0a,0x01,0x03,0x0a,0x02,0x04,0x0a,0x07,0xfc,0x09,0x08,0xfd,0x09,0x09,0xfe,0x09,0x0e,0xff,0x09,
    0x0f,0x00,0x0a,0x16,0x01,0x0a,0x17,0x05,0x0a,0x1a,0x02,0x0a,0x1d,0x06,0x0a,0x1f,0x07,0x0a,0x20,0x08,0x0a,0x01,0x03,0x0a,
    0x02,0x04,0x0a,0x09,0xfe,0x09,0x0e,0xff,0x09,0x0f,0x00,0x0a,0x17,0x05,0x0a,0x1d,0x06,0x0a,0x1f,0x07,0x0a,0x20,0x08,0x0a,
    0x01,0x09,0x0a,0x02,0x0a,0x0a,0x09,0xfe,0x09,0x0e,0xff,0x09,0x0f,0x0b,0x0a,0x17,0x0c,0x0a,0x1d,0x0d,0x0a,0x1f,0x0e,0x0a,
    0x20,0x0f,0x0a,0x09,0xfe,0x09,0x0e,0xff,0x09,0x0f,0x0b,0x0a,0x0e,0x10,0x0a,0x0f,0x11,0x0a,0x10,0x12,0x0a,0x11,0x13,0x0a,
    0x15,0x5d,0x00,0x16,0x14,0x0a,0x17,0x15,0x0a,0x18,0x15,0x0a,0x03,0x16,0x0a,0x0c,0x17,0x0a,0x10,0x18,0x0a,0x11,0x19,0x0a,
    0x14,0x1a,0x0a,0x17,0x1b,0x0a,0x18,0x1c,0x0a,0x1d,0x1d,0x0a,0x20,0x1e,0x0a,0x24,0x1f,0x0a,0x27,0x20,0x0a,0x28,0x21,0x0a,
    0x29,0x22,0x0a,0x03,0x16,0x0a,0x04,0x23,0x0a,0x05,0x24,0x0a,0x0c,0x17,0x0a,0x0d,0x25,0x0a,0x11,0x26,0x0a,0x12,0x27,0x0a,
    0x14,0x1a,0x0a,0x18,0x28,0x0a,0x19,0x29,0x0a,0x1d,0x1d,0x0a,0x20,0x1e,0x0a,0x24,0x1f,0x0a,0x27,0x20,0x0a,0x28,0x2a,0x0a,
    0x29,0x2b,0x0a,0x2b,0x2c,0x0a,0x2c,0x2d,0x0a,0x04,0x23,0x0a,0x05,0x24,0x0a,0x06,0x2e,0x0a,0x0d,0x25,0x0a,0x20,0x1e,0x0a,
    0x22,0x2f,0x0a,0x27,0x20,0x0a,0x28,0x2a,0x0a,0x29,0x2b,0x0a,0x2b,0x2c,0x0a,0x2c,0x2d,0x0a,0x08,0x30,0x0a,0x09,0x31,0x0a,
    0x0a,0x32,0x0a,0x0e,0x10,0x0a,0x0f,0x11,0x0a,0x10,0x12,0x0a,0x11,0x13,0x0a,0x15,0x5d,0x00,0x16,0x14,0x0a,0x17,0x15,0x0a,
    0x18,0x15,0x0a,0x21,0x33,0x0a,0x22,0x34,0x0a,0x08,0x35,0x0a,0x09,0x36,0x0a,0x0e,0x37,0x0a,0x0f,0x38,0x0a,0x10,0x39,0x0a,
    0x11,0x3a,0x0a,0x15,0x3b,0x0a,0x16,0x3c,0x0a,0x17,0x3d,0x0a,0x18,0x3e,0x0a,0x1c,0x3f,0x0a,0x1d,0x40,0x0a,0x1e,0x41,0x0a,
    0x1f,0x42,0x0a,0x20,0x43,0x0a,0x23,0x44,0x0a,0x24,0x45,0x0a,0x25,0x46,0x0a,0x26,0x47,0x0a,0x27,0x48,0x0a,0x04,0x49,0x0a,
    0x08,0x35,0x0a,0x09,0x4a,0x0a,0x0a,0x4b,0x0a,0x0b,0x4c,0x0a,0x0c,0x4d,0x0a,0x0d,0x4e,0x0a,0x0e,0x37,0x0a,0x0f,0x38,0x0a,
    0x10,0x4f,0x0a,0x11,0x3a,0x0a,0x14,0x50,0x0a,0x15,0x3b,0x0a,0x16,0x3c,0x0a,0x17,0x3d,0x0a,0x18,0x3e,0x0a,0x1c,0x3f,0x0a,
    0x1d,0x40,0x0a,0x1e,0x41,0x0a,0x1f,0x42,0x0a,0x20,0x43,0x0a,0x23,0x44,0x0a,0x24,0x45,0x0a,0x25,0x46,0x0a,0x26,0x47,0x0a,
    0x27,0x48,0x0a,0x08,0x35,0x0a,0x09,0x36,0x0a,0x0e,0x37,0x0a,0x0f,0x38,0x0a,0x10,0x39,0x0a,0x11,0x3a,0x0a,0x15,0x3b,0x0a,
    0x16,0x3c,0x0a,0x17,0x3d,0x0a,0x18,0x3e,0x0a,0x1c,0x3f,0x0a,0x1d,0x51,0x0a,0x1e,0x52,0x0a,0x1f,0x42,0x0a,0x20,0x43,0x0a,
    0x23,0x53,0x0a,0x24,0x54,0x0a,0x25,0x55,0x0a,0x26,0x47,0x0a,0x27,0x48,0x0a,0x16,0x56,0x0a,0x17,0x57,0x0a,0x1e,0x58,0x0a,
    0x00,0x59,0x0a,0x01,0x5a,0x0a,0x02,0x5b,0x0a,0x03,0x5c,0x0a,0x07,0x5d,0x0a,0x08,0x5e,0x0a,0x09,0x5f,0x0a,0x0a,0x60,0x0a,
    0x0e,0x61,0x0a,0x0f,0x62,0x0a,0x10,0x63,0x0a,0x11,0x64,0x0a,0x15,0x65,0x0a,0x16,0x66,0x0a,0x17,0x67,0x0a,0x18,0x68,0x0a,
    0x00,0x59,0x0a,0x01,0x5a,0x0a,0x02,0x5b,0x0a,0x03,0x5c,0x0a,0x07,0x69,0x0a,0x08,0x5e,0x0a,0x09,0x5f,0x0a,0x0a,0x60,0x0a,
    0x0e,0x6a,0x0a,0x0f,0x6b,0x0a,0x10,0x63,0x0a,0x11,0x64,0x0a,0x15,0x65,0x0a,0x16,0x66,0x0a,0x17,0x67,0x0a,0x18,0x68,0x0a,
    0x09,0x6c,0x0a,0x10,0x6d,0x0a,0x00,0x60,0x08,0x01,0x6e,0x0a,0x02,0x6f,0x0a,0x03,0x70,0x0a,0x04,0x71,0x0a,0x05,0x77,0x04,
    0x06,0x72,0x0a,0x07,0x73,0x0a,0x08,0x74,0x0a,0x09,0x75,0x0a,0x0a,0x76,0x0a,0x0b,0x77,0x0a,0x0c,0x78,0x0a,0x0d,0x79,0x0a,
    0x0e,0x7a,0x0a,0x0f,0x78,0x02,0x10,0x7b,0x0a,0x11,0x7c,0x0a,0x17,0x7d,0x0a,0x1d,0x7e,0x0a,0x06,0x7f,0x0a,0x07,0x80,0x0a,
    0x0b,0x81,0x0a,0x0c,0x82,0x0a,0x11,0x83,0x0a,0x02,0x84,0x0a,0x03,0x85,0x0a,0x08,0x86,0x0a,0x09,0x87,0x0a,0x00,0x60,0x08,
    0x01,0x6e,0x0a,0x02,0x6f,0x0a,0x03,0x70,0x0a,0x04,0x71,0x0a,0x05,0x77,0x04,0x06,0x72,0x0a,0x07,0x73,0x0a,0x08,0x74,0x0a,
    0x09,0x75,0x0a,0x0a,0x76,0x0a,0x0b,0x77,0x0a,0x0c,0x78,0x0a,0x0d,0x79,0x0a,0x0e,0x7a,0x0a,0x0f,0x78,0x02,0x10,0x7b,0x0a,
    0x11,0x7c,0x0a,0x01,0x88,0x0a,0x04,0x89,0x0a,0x05,0x5d,0x00,0x07,0x8a,0x0a,0x09,0x8b,0x0a,0x0a,0x8c,0x0a,0x0b,0x8d,0x0a,
    0x0d,0x8e,0x0a,0x0e,0x8f,0x0a,0x0f,0x90,0x0a,0x10,0x91,0x0a,0x11,0x92,0x0a,0x12,0x93,0x0a,0x14,0x94,0x0a,0x15,0x95,0x0a,
    0x18,0x5d,0x00,0x1a,0x96,0x0a,0x1b,0x97,0x0a,0x1c,0x98,0x0a,0x20,0x99,0x0a,0x21,0x5d,0x00,0x0d,0x9a,0x0a,0x0e,0x9b,0x0a,
    0x0f,0x9c,0x0a,0x0a,0x9d,0x0a,0x0e,0x9e,0x0a,0x0f,0x9f,0x0a,0x10,0xa0,0x0a,0x11,0xa1,0x0a,0x12,0xa2,0x0a,0x15,0xa3,0x0a,
    0x16,0xa4,0x0a,0x17,0xa5,0x0a,0x18,0xa6,0x0a,0x19,0xa7,0x0a,0x1c,0xa8,0x0a,0x1d,0xa9,0x0a,0x1e,0xaa,0x0a,0x1f,0xab,0x0a,
    0x0e,0x9e,0x0a,0x0f,0x9f,0x0a,0x15,0xa3,0x0a,0x16,0xa4,0x0a,0x17,0xac,0x0a,0x18,0xad,0x0a,0x1c,0xa8,0x0a,0x1d,0xae,0x0a,
    0x1e,0xaf,0x0a,0x1f,0xb0,0x0a,0x25,0xb1,0x0a,0x26,0xb2,0x0a,0x17,0xb3,0x0a,0x18,0xad,0x0a,0x1d,0xb4,0x0a,0x1e,0xb5,0x0a,
    0x1f,0xb0,0x0a,0x25,0xb6,0x0a,0x26,0xb7,0x0a,0x17,0xb3,0x0a,0x18,0xb8,0x0a,0x1d,0xb9,0x0a,0x1e,0xb5,0x0a,0x1f,0xb0,0x0a,
    0x25,0xb1,0x0a,0x26,0xb2,0x0a,0x0a,0x9d,0x0a,0x0e,0x9e,0x0a,0x0f,0x9f,0x0a,0x10,0xa0,0x0a,0x11,0xa1,0x0a,0x15,0xa3,0x0a,
    0x16,0xa4,0x0a,0x17,0xa5,0x0a,0x18,0xba,0x0a,0x1c,0xa8,0x0a,0x1d,0xa9,0x0a,0x1e,0xaa,0x0a,0x1f,0xab,0x0a,0x0a,0xbb,0x0a,
    0x0b,0xbc,0x0a,0x10,0xbd,0x0a,0x0a,0xbe,0x0a,0x0b,0xbf,0x0a,0x0f,0xc0,0x0a,0x08,0xc1,0x0a,0x0d,0xc2,0x0a,0x0e,0x5d,0x00,
    0x06,0xc3,0x0a,0x07,0xc4,0x0a,0x0b,0xc5,0x0a,0x0c,0xc6,0x0a,0x12,0xc7,0x0a,0x13,0xc8,0x0a,0x19,0xc9,0x0a,0x00,0xca,0x0a,
    0x06,0xcb,0x0a,0x07,0xcc,0x0a,0x0a,0xcd,0x0a,0x0b,0xce,0x0a,0x0c,0x74,0x00,0x0d,0xcf,0x0a,0x10,0xd0,0x0a,0x11,0xd1,0x0a,
    0x12,0xd2,0x0a,0x13,0xd3,0x0a,0x15,0xd4,0x0a,0x16,0xd5,0x0a,0x17,0xd6,0x0a,0x18,0xd7,0x0a,0x19,0xd8,0x0a,0x1d,0x5d,0x00,
    0x12,0xd2,0x0a,0x13,0xd3,0x0a,0x18,0xd7,0x0a,0x19,0xd8,0x0a,0x06,0xd9,0x0a,0x07,0xda,0x0a,0x0c,0xdb,0x0a,0x0d,0xdc,0x0a,
    0x04,0xdd,0x0a,0x0a,0xde,0x0a,0x11,0xdf,0x0a,0x12,0xe0,0x0a,0x14,0xe1,0x0a,0x17,0xe2,0x0a,0x19,0xe3,0x0a,0x1c,0xe4,0x0a,
    0x1d,0xe5,0x0a,0x1f,0x5d,0x00,0x20,0xe6,0x0a,0x21,0xe7,0x0a,0x22,0xe8,0x0a,0x07,0xe9,0x0a,0x08,0xea,0x0a,0x04,0xeb,0x0a,
    0x06,0xec,0x0a,0x0b,0xed,0x0a,0x13,0xee,0x0a,0x14,0xef,0x0a,0x1b,0xf0,0x0a,0x22,0xf1,0x0a,0x23,0xf2,0x0a,0x28,0xf3,0x0a,
    0x2a,0xf4,0x0a,0x2b,0xf5,0x0a,0x2c,0xf6,0x0a,0x2e,0xf7,0x0a,0x2f,0xf8,0x0a,0x03,0xf9,0x0a,0x06,0xfa,0x0a,0x0b,0xfb,0x0a,
    0x0d,0xfc,0x0a,0x14,0xfd,0x0a,0x1b,0xfe,0x0a,0x22,0xf1,0x0a,0x23,0xff,0x0a,0x2a,0x00,0x0b,0x2b,0x01,0x0b,0x2c,0x02,0x0b,
    0x2e,0x03,0x0b,0x2f,0x04,0x0b,0x2b,0xf5,0x0a,0x2b,0x01,0x0b,0x2c,0x02,0x0b,0x02,0x05,0x0b,0x08,0x06,0x0b,0x0a,0x07,0x0b,
    0x0b,0x08,0x0b,0x0c,0x09,0x0b,0x0d,0x0a,0x0b,0x10,0x0b,0x0b,0x11,0x0c,0x0b,0x12,0x0d,0x0b,0x16,0x0e,0x0b,0x1b,0x0f,0x0b,
    0x1c,0x10,0x0b,0x1f,0x11,0x0b,0x21,0x5d,0x00,0x22,0x12,0x0b,0x23,0x5d,0x00,0x0e,0x13,0x0b,0x14,0x14,0x0b,0x0e,0x15,0x0b,
    0x14,0x16,0x0b,0x01,0x5d,0x00,0x02,0x17,0x0b,0x03,0x18,0x0b,0x04,0x5d,0x00,0x05,0x5d,0x00,0x06,0x19,0x0b,0x07,0x1a,0x0b,
    0x08,0x1b,0x0b,0x09,0x1c,0x0b,0x0a,0x1d,0x0b,0x0b,0x1e,0x0b,0x11,0x1f,0x0b,0x12,0x93,0x00,0x16,0x20,0x0b,0x17,0x21,0x0b,
    0x18,0x22,0x0b,0x19,0x23,0x0b,0x1d,0x1e,0x0b,0x1e,0x24,0x0b,0x20,0x25,0x0b,0x21,0x26,0x0b,0x22,0x27,0x0b,0x0e,0x28,0x0b,
    0x14,0x29,0x0b,0x06,0x5d,0x00,0x07,0x2a,0x0b,0x0c,0x2b,0x0b,0x0d,0x2c,0x0b,0x12,0x2d,0x0b,0x06,0x5d,0x00,0x07,0x2a,0x0b,
    0x0c,0x5d,0x00,0x0d,0x2e,0x0b,0x12,0x2f,0x0b,0x13,0x30,0x0b,0x18,0x31,0x0b,0x19,0x32,0x0b,0x06,0x5d,0x00,0x07,0x2a,0x0b,
    0x09,0x33,0x0b,0x0a,0x34,0x0b,0x0c,0x5d,0x00,0x0d,0x2e,0x0b,0x0e,0x35,0x0b,0x0f,0x36,0x0b,0x10,0x37,0x0b,0x12,0x2f,0x0b,
    0x13,0x30,0x0b,0x15,0x38,0x0b,0x16,0x39,0x0b,0x17,0x3a,0x0b,0x18,0x31,0x0b,0x19,0x32,0x0b,0x1b,0x3b,0x0b,0x1c,0x3c,0x0b,
    0x1d,0x5d,0x00,0x06,0x5d,0x00,0x07,0x2a,0x0b,0x09,0x33,0x0b,0x0a,0x34,0x0b,0x0c,0x2b,0x0b,0x0d,0x2c,0x0b,0x0e,0x35,0x0b,
    0x0f,0x36,0x0b,0x10,0x37,0x0b,0x12,0x2d,0x0b,0x15,0x38,0x0b,0x16,0x39,0x0b,0x17,0x3a,0x0b,0x1b,0x3b,0x0b,0x1c,0x3c,0x0b,
    0x1d,0x5d,0x00,0x09,0x33,0x0b,0x0a,0x34,0x0b,0x0e,0x35,0x0b,0x0f,0x36,0x0b,0x10,0x37,0x0b,0x15,0x38,0x0b,0x16,0x39,0x0b,
    0x17,0x3a,0x0b,0x1b,0x3b,0x0b,0x1c,0x3c,0x0b,0x1d,0x5d,0x00,0x08,0x3d,0x0b,0x10,0x3e,0x0b,0x11,0x3f,0x0b,0x16,0x40,0x0b,
    0x17,0x41,0x0b,0x1b,0x3b,0x0b,0x1c,0x3c,0x0b,0x1d,0x5d,0x00,0x06,0x5d,0x00,0x07,0x2a,0x0b,0x0c,0x5d,0x00,0x0d,0x2e,0x0b,
    0x10,0x3e,0x0b,0x11,0x3f,0x0b,0x12,0x2f,0x0b,0x13,0x30,0x0b,0x16,0x40,0x0b,0x17,0x41,0x0b,0x18,0x31,0x0b,0x19,0x32,0x0b,
    0x1b,0x3b,0x0b,0x1c,0x3c,0x0b,0x1d,0x5d,0x00,0x07,0x42,0x0b,0x08,0x43,0x0b,0x09,0x44,0x0b,0x0a,0x45,0x0b,0x0b,0x46,0x0b,
    0x0c,0x5d,0x00,0x0e,0xf1,0x00,0x0f,0x47,0x0b,0x10,0x48,0x0b,0x11,0x49,0x0b,0x12,0x4a,0x0b,0x13,0x4b,0x0b,0x15,0x5d,0x00,
    0x16,0x4c,0x0b,0x17,0x4d,0x0b,0x18,0x4e,0x0b,0x19,0x4f,0x0b,0x1a,0x50,0x0b,0x1b,0x5d,0x00,0x1c,0x5d,0x00,0x1d,0x51,0x0b,
    0x1f,0x52,0x0b,0x20,0x53,0x0b,0x21,0x54,0x0b,0x22,0x5d,0x00,0x23,0x5d,0x00,0x29,0x5d,0x00,0x2a,0x5d,0x00,0x07,0x55,0x0b,
    0x08,0x56,0x0b,0x09,0x57,0x0b,0x0a,0x45,0x0b,0x0b,0x46,0x0b,0x0c,0x5d,0x00,0x0e,0x5d,0x00,0x0f,0x58,0x0b,0x10,0x48,0x0b,
    0x11,0x49,0x0b,0x12,0x4a,0x0b,0x13,0x4b,0x0b,0x15,0x5d,0x00,0x16,0x59,0x0b,0x17,0x5a,0x0b,0x18,0x5b,0x0b,0x19,0x4f,0x0b,
    0x1a,0x50,0x0b,0x1b,0x5d,0x00,0x1c,0x5d,0x00,0x1d,0x51,0x0b,0x1f,0x52,0x0b,0x20,0x5c,0x0b,0x21,0x54,0x0b,0x22,0x5d,0x00,
    0x23,0x5d,0x00,0x29,0x5d,0x00,0x2a,0x5d,0x00,0x07,0x55,0x0b,0x08,0x56,0x0b,0x09,0x57,0x0b,0x0a,0x45,0x0b,0x0b,0x46,0x0b,
    0x0c,0x5d,0x00,0x0e,0x5d,0x00,0x0f,0x58,0x0b,0x10,0x48,0x0b,0x11,0x49,0x0b,0x12,0x4a,0x0b,0x13,0x4b,0x0b,0x18,0x5d,0x0b,
    0x19,0x5e,0x0b,0x1a,0x5f,0x0b,0x07,0x55,0x0b,0x08,0x56,0x0b,0x09,0x57,0x0b,0x0a,0x45,0x0b,0x0b,0x46,0x0b,0x0c,0x5d,0x00,
    0x0e,0x5d,0x00,0x0f,0x58,0x0b,0x10,0x48,0x0b,0x11,0x49,0x0b,0x12,0x4a,0x0b,0x13,0x4b,0x0b,0x18,0x5d,0x0b,0x19,0x5e,0x0b,
    0x1a,0x5f,0x0b,0x09,0x60,0x0b,0x0a,0x45,0x0b,0x0b,0x46,0x0b,0x0c,0x5d,0x00,0x11,0x49,0x0b,0x12,0x4a,0x0b,0x13,0x4b,0x0b,
    0x18,0x5d,0x0b,0x19,0x5e,0x0b,0x1a,0x5f,0x0b,0x07,0x55,0x0b,0x08,0x56,0x0b,0x09,0x61,0x0b,0x0e,0x5d,0x00,0x0f,0x58,0x0b,
    0x10,0x48,0x0b,0x0e,0x62,0x0b,0x0f,0x63,0x0b,0x14,0x64,0x0b,0x19,0x65,0x0b,0x1a,0x66,0x0b,0x1b,0x67,0x0b,0x1d,0x68,0x0b,
    0x20,0x69,0x0b,0x22,0x6a,0x0b,0x23,0x6b,0x0b,0x0e,0x6c,0x0b,0x0f,0x6d,0x0b,0x1c,0x6e,0x0b,0x1d,0x6f,0x0b,0x23,0x70,0x0b,
    0x08,0x71,0x0b,0x09,0x72,0x0b,0x0e,0x73,0x0b,0x0f,0x74,0x0b,0x08,0x75,0x0b,0x09,0x76,0x0b,0x0e,0x77,0x0b,0x0f,0x78,0x0b,
    0x01,0x79,0x0b,0x04,0x7a,0x0b,0x08,0x75,0x0b,0x09,0x76,0x0b,0x0e,0x77,0x0b,0x0f,0x78,0x0b,0x00,0x5d,0x00,0x01,0x7b,0x0b,
    0x04,0x7c,0x0b,0x05,0x7d,0x0b,0x06,0x7e,0x0b,0x07,0x7f,0x0b,0x08,0x75,0x0b,0x09,0x76,0x0b,0x0a,0x80,0x0b,0x0b,0x81,0x0b,
    0x0c,0x82,0x0b,0x0d,0x83,0x0b,0x0e,0x77,0x0b,0x0f,0x78,0x0b,0x10,0x84,0x0b,0x11,0x85,0x0b,0x12,0x86,0x0b,0x13,0x87,0x0b,
    0x16,0x88,0x0b,0x17,0x89,0x0b,0x00,0x5d,0x00,0x01,0x8a,0x0b,0x04,0x8b,0x0b,0x05,0x7d,0x0b,0x06,0x7e,0x0b,0x07,0x7f,0x0b,
    0x08,0x75,0x0b,0x09,0x76,0x0b,0x0a,0x80,0x0b,0x0b,0x81,0x0b,0x0c,0x82,0x0b,0x0d,0x83,0x0b,0x0e,0x77,0x0b,0x0f,0x78,0x0b,
    0x10,0x84,0x0b,0x11,0x85,0x0b,0x12,0x86,0x0b,0x13,0x87,0x0b,0x16,0x88,0x0b,0x17,0x89,0x0b,0x01,0x79,0x0b,0x04,0x7a,0x0b,
    0x00,0x8c,0x0b,0x01,0x8d,0x0b,0x02,0x8e,0x0b,0x03,0x8f,0x0b,0x06,0x90,0x0b,0x07,0x91,0x0b,0x08,0x92,0x0b,0x09,0x93,0x0b,
    0x0c,0x94,0x0b,0x0d,0x95,0x0b,0x12,0x5d,0x00,0x13,0x96,0x0b,0x0c,0x97,0x0b,0x12,0x98,0x0b,0x0c,0x99,0x0b,0x12,0x9a,0x0b,
    0x13,0x9b,0x0b,0x0c,0x9c,0x0b,0x0d,0x9d,0x0b,0x02,0x9e,0x0b,0x03,0x9f,0x0b,0x04,0x5d,0x00,0x07,0xcf,0x04,0x08,0xa0,0x0b,
    0x09,0xa1,0x0b,0x0a,0xa2,0x0b,0x0b,0xa3,0x0b,0x0c,0x5d,0x00,0x0e,0xa4,0x0b,0x0f,0xa5,0x0b,0x11,0xa6,0x0b,0x12,0xa7,0x0b,
    0x13,0x5d,0x00,0x15,0xa8,0x0b,0x16,0xa9,0x0b,0x19,0xaa,0x0b,0x02,0x9e,0x0b,0x03,0x9f,0x0b,0x04,0x5d,0x00,0x07,0xcf,0x04,
    0x08,0xa0,0x0b,0x09,0xa1,0x0b,0x0a,0xa2,0x0b,0x0b,0xa3,0x0b,0x0c,0x5d,0x00,0x0e,0xa4,0x0b,0x0f,0xa5,0x0b,0x11,0xa6,0x0b,
    0x12,0xa7,0x0b,0x13,0x5d,0x00,0x15,0xa8,0x0b,0x16,0xa9,0x0b,0x19,0xaa,0x0b,0x1e,0xab,0x0b,0x1f,0xac,0x0b,0x23,0xad,0x0b,
    0x24,0xae,0x0b,0x25,0xaf,0x0b,0x28,0xb0,0x0b,0x29,0xb1,0x0b,0x2a,0xb2,0x0b,0x2b,0xb3,0x0b,0x2f,0xb4,0x0b,0x30,0x5d,0x00,
    0x02,0x9e,0x0b,0x03,0x9f,0x0b,0x04,0x5d,0x00,0x07,0xcf,0x04,0x08,0xa0,0x0b,0x09,0xa1,0x0b,0x0a,0xa2,0x0b,0x0b,0xa3,0x0b,
    0x0c,0x5d,0x00,0x0e,0xa4,0x0b,0x0f,0xa5,0x0b,0x11,0xa6,0x0b,0x12,0xa7,0x0b,0x13,0x5d,0x00,0x15,0xa8,0x0b,0x16,0xa9,0x0b,
    0x17,0xb5,0x0b,0x18,0xb6,0x0b,0x19,0xaa,0x0b,0x1e,0xab,0x0b,0x1f,0xac,0x0b,0x23,0xad,0x0b,0x24,0xae,0x0b,0x25,0xaf,0x0b,
    0x28,0xb0,0x0b,0x29,0xb1,0x0b,0x2a,0xb2,0x0b,0x2b,0xb3,0x0b,0x2f,0xb4,0x0b,0x30,0x5d,0x00,0x02,0x9e,0x0b,0x03,0x9f,0x0b,
    0x04,0x5d,0x00,0x07,0xcf,0x04,0x08,0xa0,0x0b,0x09,0xa1,0x0b,0x0a,0xa2,0x0b,0x0b,0xa3,0x0b,0x0c,0x5d,0x00,0x0e,0xa4,0x0b,
    0x0f,0xa5,0x0b,0x11,0xa6,0x0b,0x12,0xa7,0x0b,0x13,0x5d,0x00,0x15,0xa8,0x0b,0x16,0xa9,0x0b,0x17,0xb5,0x0b,0x18,0xb6,0x0b,
    0x19,0xaa,0x0b,0x1e,0xab,0x0b,0x1f,0xac,0x0b,0x28,0xb0,0x0b,0x29,0xb1,0x0b,0x2f,0xb4,0x0b,0x30,0x5d,0x00,0x0a,0xb7,0x0b,
    0x0b,0xb8,0x0b,0x0c,0xb9,0x0b,0x0d,0xba,0x0b,0x11,0xbb,0x0b,0x12,0xbc,0x0b,0x13,0xbd,0x0b,0x14,0xbe,0x0b,0x18,0xbf,0x0b,
    0x19,0xc0,0x0b,0x1a,0xc1,0x0b,0x20,0xc2,0x0b,0x0a,0xc3,0x0b,0x0b,0xc4,0x0b,0x0c,0xc5,0x0b,0x0d,0x77,0x04,0x11,0xc6,0x0b,
    0x12,0xc7,0x0b,0x13,0xc8,0x0b,0x14,0xc9,0x0b,0x18,0xca,0x0b,0x19,0xcb,0x0b,0x1a,0xcc,0x0b,0x1b,0xcd,0x0b,0x1e,0xce,0x0b,
    0x1f,0xcf,0x0b,0x20,0xd0,0x0b,0x21,0xd1,0x0b,0x22,0xd2,0x0b,0x25,0xd3,0x0b,0x26,0xd4,0x0b,0x27,0xd5,0x0b,0x28,0xd6,0x0b,
    0x2c,0xd7,0x0b,0x2d,0x5d,0x00,0x0a,0xc3,0x0b,0x0b,0xc4,0x0b,0x0c,0xc5,0x0b,0x0d,0x77,0x04,0x11,0xc6,0x0b,0x12,0xc7,0x0b,
    0x13,0xc8,0x0b,0x14,0xc9,0x0b,0x18,0xca,0x0b,0x19,0xcb,0x0b,0x1a,0xcc,0x0b,0x1b,0xcd,0x0b,0x1f,0xcf,0x0b,0x20,0xd0,0x0b,
    0x21,0xd1,0x0b,0x22,0xd2,0x0b,0x27,0xd5,0x0b,0x28,0xd6,0x0b,0x13,0xd8,0x0b,0x0d,0xd9,0x0b,0x0f,0xda,0x0b,0x15,0xdb,0x0b,
    0x16,0xdc,0x0b,0x1a,0xdd,0x0b,0x1b,0xde,0x0b,0x1c,0xdf,0x0b,0x0d,0xd9,0x0b,0x15,0xdb,0x0b,0x16,0xe0,0x0b,0x1a,0xe1,0x0b,
    0x1b,0xe2,0x0b,0x1c,0xe3,0x0b,0x1d,0x5d,0x00,0x21,0xe4,0x0b,0x22,0x5d,0x00,0x23,0x5d,0x00,0x15,0xdb,0x0b,0x16,0xdc,0x0b,
    0x1a,0xdd,0x0b,0x1b,0xde,0x0b,0x1c,0xdf,0x0b,0x03,0xe5,0x0b,0x04,0xe6,0x0b,0x0b,0xe7,0x0b,0x0c,0xe8,0x0b,0x12,0xe9,0x0b,
    0x13,0xea,0x0b,0x14,0x5d,0x00,0x19,0xeb,0x0b,0x1a,0xec,0x0b,0x1b,0xed,0x0b,0x20,0xee,0x0b,0x21,0xef,0x0b,0x22,0xf0,0x0b,
    0x27,0xf1,0x0b,0x28,0xf2,0x0b,0x29,0xf3,0x0b,0x2e,0xf4,0x0b,0x2f,0xf5,0x0b,0x30,0xf6,0x0b,0x03,0xe5,0x0b,0x04,0xe6,0x0b,
    0x0b,0xe7,0x0b,0x0c,0xe8,0x0b,0x12,0xe9,0x0b,0x13,0xea,0x0b,0x14,0x5d,0x00,0x19,0xeb,0x0b,0x1a,0xec,0x0b,0x1b,0xf7,0x0b,
    0x20,0xee,0x0b,0x21,0xf8,0x0b,0x22,0xf9,0x0b,0x27,0xf1,0x0b,0x28,0xfa,0x0b,0x29,0xfb,0x0b,0x2e,0xf4,0x0b,0x2f,0xf5,0x0b,
    0x30,0xf6,0x0b,0x10,0xfc,0x0b,0x16,0xfd,0x0b,0x00,0xfe,0x0b,0x01,0xff,0x0b,0x02,0x00,0x0c,0x03,0x01,0x0c,0x04,0x5d,0x00,
    0x07,0x02,0x0c,0x08,0x03,0x0c,0x09,0x04,0x0c,0x0a,0x05,0x0c,0x0e,0x06,0x0c,0x0f,0x07,0x0c,0x10,0x08,0x0c,0x11,0x09,0x0c,
    0x00,0xfe,0x0b,0x01,0xff,0x0b,0x02,0x00,0x0c,0x03,0x01,0x0c,0x04,0x5d,0x00,0x07,0x02,0x0c,0x08,0x0a,0x0c,0x09,0x0b,0x0c,
    0x0a,0x05,0x0c,0x0e,0x0c,0x0c,0x0f,0x0d,0x0c,0x10,0x0e,0x0c,0x11,0x09,0x0c,0x00,0xfe,0x0b,0x01,0xff,0x0b,0x02,0x00,0x0c,
    0x03,0x01,0x0c,0x04,0x5d,0x00,0x07,0x02,0x0c,0x08,0x0f,0x0c,0x09,0x10,0x0c,0x0a,0x05,0x0c,0x0e,0x11,0x0c,0x0f,0x12,0x0c,
    0x10,0x13,0x0c,0x11,0x09,0x0c,0x09,0x14,0x0c,0x09,0x15,0x0c,0x01,0x16,0x0c,0x02,0x17,0x0c,0x03,0x18,0x0c,0x06,0x19,0x0c,
    0x07,0x1a,0x0c,0x0b,0x1b,0x0c,0x0c,0x1c,0x0c,0x0f,0x1d,0x0c,0x13,0x1e,0x0c,0x14,0x5d,0x00,0x01,0x16,0x0c,0x02,0x17,0x0c,
    0x03,0x18,0x0c,0x06,0x19,0x0c,0x07,0x1a,0x0c,0x09,0x1f,0x0c,0x0b,0x1b,0x0c,0x0c,0x1c,0x0c,0x0e,0x20,0x0c,0x0f,0x1d,0x0c,
    0x11,0x21,0x0c,0x13,0x22,0x0c,0x14,0x5d,0x00,0x15,0x5d,0x00,0x16,0x74,0x00,0x17,0x23,0x0c,0x18,0x24,0x0c,0x01,0x16,0x0c,
    0x06,0x19,0x0c,0x07,0x1a,0x0c,0x0b,0x1b,0x0c,0x0c,0x1c,0x0c,0x0e,0x20,0x0c,0x11,0x21,0x0c,0x13,0x22,0x0c,0x15,0x5d,0x00,
    0x16,0x74,0x00,0x17,0x23,0x0c,0x18,0x24,0x0c,0x07,0x25,0x0c,0x0b,0x26,0x0c,0x0c,0x27,0x0c,0x0b,0x1b,0x0c,0x0c,0x1c,0x0c,
    0x01,0x16,0x0c,0x06,0x19,0x0c,0x0f,0x1d,0x0c,0x13,0x1e,0x0c,0x14,0x5d,0x00,0x02,0x17,0x0c,0x03,0x18,0x0c,0x07,0x1a,0x0c,
    0x09,0x1f,0x0c,0x0e,0x20,0x0c,0x0f,0x1d,0x0c,0x11,0x21,0x0c,0x13,0x22,0x0c,0x14,0x5d,0x00,0x15,0x5d,0x00,0x16,0x74,0x00,
    0x17,0x23,0x0c,0x18,0x24,0x0c,0x01,0x16,0x0c,0x06,0x19,0x0c,0x07,0x1a,0x0c,0x0e,0x20,0x0c,0x11,0x21,0x0c,0x13,0x22,0x0c,
    0x15,0x5d,0x00,0x16,0x74,0x00,0x17,0x23,0x0c,0x18,0x24,0x0c,0x11,0x28,0x0c,0x15,0x29,0x0c,0x16,0x2a,0x0c,0x11,0x28,0x0c,
    0x15,0x2b,0x0c,0x16,0x2c,0x0c,0x03,0x2d,0x0c,0x04,0x2e,0x0c,0x05,0x2f,0x0c,0x06,0x30,0x0c,0x08,0x31,0x0c,0x09,0x32,0x0c,
    0x0a,0x74,0x00,0x0b,0x33,0x0c,0x11,0x28,0x0c,0x12,0x34,0x0c,0x15,0x2b,0x0c,0x16,0x2c,0x0c,0x11,0x28,0x0c,0x12,0x34,0x0c,
    0x15,0x2b,0x0c,0x16,0x2c,0x0c,0x03,0x2d,0x0c,0x04,0x2e,0x0c,0x05,0x2f,0x0c,0x06,0x30,0x0c,0x08,0x31,0x0c,0x09,0x32,0x0c,
    0x0a,0x74,0x00,0x0b,0x33,0x0c,0x00,0x5d,0x00,0x01,0x35,0x0c,0x02,0x36,0x0c,0x03,0x37,0x0c,0x06,0x38,0x0c,0x07,0x39,0x0c,
    0x08,0x3a,0x0c,0x09,0x3b,0x0c,0x0a,0x3c,0x0c,0x0c,0x3d,0x0c,0x0d,0x3e,0x0c,0x1a,0x3f,0x0c,0x00,0x40,0x0c,0x01,0x77,0x04,
    0x02,0x36,0x0c,0x03,0x37,0x0c,0x06,0x41,0x0c,0x07,0x42,0x0c,0x08,0x3a,0x0c,0x09,0x3b,0x0c,0x0a,0x3c,0x0c,0x0c,0x43,0x0c,
    0x0d,0x3e,0x0c,0x1a,0x3f,0x0c,0x14,0x44,0x0c,0x15,0x45,0x0c,0x1a,0x46,0x0c,0x1b,0x47,0x0c,0x01,0x48,0x0c,0x02,0x49,0x0c,
    0x03,0x4a,0x0c,0x04,0x4b,0x0c,0x06,0x4c,0x0c,0x07,0x4d,0x0c,0x08,0x4e,0x0c,0x09,0x4f,0x0c,0x0a,0x50,0x0c,0x0d,0x51,0x0c,
    0x0e,0x52,0x0c,0x0f,0x53,0x0c,0x12,0x54,0x0c,0x13,0x55,0x0c,0x14,0x56,0x0c,0x15,0x57,0x0c,0x16,0x58,0x0c,0x1a,0x59,0x0c,
    0x1b,0x5a,0x0c,0x1e,0x5b,0x0c,0x1f,0x5c,0x0c,0x20,0x5d,0x00,0x21,0x5d,0x0c,0x01,0x48,0x0c,0x02,0x49,0x0c,0x03,0x4a,0x0c,
    0x04,0x5e,0x0c,0x05,0x5f,0x0c,0x06,0x4c,0x0c,0x07,0x4d,0x0c,0x08,0x4e,0x0c,0x09,0x4f,0x0c,0x0a,0x60,0x0c,0x0b,0x61,0x0c,
    0x0d,0x51,0x0c,0x0e,0x52,0x0c,0x0f,0x53,0x0c,0x12,0x54,0x0c,0x13,0x55,0x0c,0x14,0x62,0x0c,0x15,0x57,0x0c,0x16,0x58,0x0c,
    0x1a,0x59,0x0c,0x1b,0x5a,0x0c,0x1e,0x5b,0x0c,0x1f,0x5c,0x0c,0x20,0x5d,0x00,0x21,0x5d,0x0c,0x14,0x63,0x0c,0x01,0x64,0x0c,
    0x01,0x5d,0x00,0x02,0x5d,0x00,0x06,0x65,0x0c,0x07,0x66,0x0c,0x08,0x67,0x0c,0x09,0x68,0x0c,0x0a,0x69,0x0c,0x0c,0x6a,0x0c,
    0x0d,0x6b,0x0c,0x0e,0x6c,0x0c,0x0f,0x6d,0x0c,0x10,0x5d,0x00,0x12,0x6e,0x0c,0x13,0x6f,0x0c,0x14,0x70,0x0c,0x18,0x71,0x0c,
    0x19,0x72,0x0c,0x1a,0x73,0x0c,0x13,0x74,0x0c,0x19,0x75,0x0c,0x03,0x76,0x0c,0x04,0x77,0x0c,0x05,0x5d,0x00,0x09,0x78,0x0c,
    0x0b,0x79,0x0c,0x11,0x7a,0x0c,0x13,0x74,0x0c,0x17,0x7b,0x0c,0x19,0x75,0x0c,0x1c,0x7c,0x0c,0x1d,0x5d,0x00,0x12,0x7d,0x0c,
    0x13,0x7e,0x0c,0x14,0x7f,0x0c,0x0e,0x80,0x0c,0x13,0x81,0x0c,0x14,0x82,0x0c,0x15,0x83,0x0c,0x16,0x84,0x0c,0x18,0x85,0x0c,
    0x19,0x86,0x0c,0x1a,0x87,0x0c,0x1b,0x88,0x0c,0x1c,0x89,0x0c,0x1d,0x8a,0x0c,0x1e,0x8b,0x0c,0x1f,0x8c,0x0c,0x20,0x8d,0x0c,
    0x21,0x8e,0x0c,0x22,0x8f,0x0c,0x23,0x90,0x0c,0x08,0x91,0x0c,0x0e,0x80,0x0c,0x13,0x81,0x0c,0x14,0x82,0x0c,0x15,0x83,0x0c,
    0x16,0x84,0x0c,0x18,0x85,0x0c,0x19,0x86,0x0c,0x1a,0x87,0x0c,0x1b,0x88,0x0c,0x1c,0x89,0x0c,0x1d,0x8a,0x0c,0x1e,0x8b,0x0c,
    0x1f,0x8c,0x0c,0x20,0x8d,0x0c,0x21,0x8e,0x0c,0x22,0x8f,0x0c,0x23,0x90,0x0c,0x08,0x91,0x0c,0x0a,0x92,0x0c,0x0f,0x93,0x0c,
    0x12,0x94,0x0c,0x13,0x95,0x0c,0x14,0x96,0x0c,0x15,0x97,0x0c,0x17,0x98,0x0c,0x0a,0x35,0x0a,0x0f,0x99,0x0c,0x10,0x9a,0x0c,
    0x12,0x9b,0x0c,0x13,0x95,0x0c,0x14,0x96,0x0c,0x15,0x97,0x0c,0x17,0x98,0x0c,0x10,0x9c,0x0c,0x11,0x9d,0x0c,0x12,0x9e,0x0c,
    0x0f,0x9f,0x0c,0x11,0xa0,0x0c,0x12,0xa1,0x0c,0x13,0xa2,0x0c,0x14,0xa3,0x0c,0x15,0xa4,0x0c,0x16,0xa5,0x0c,0x17,0xa6,0x0c,
    0x18,0xa7,0x0c,0x19,0xa8,0x0c,0x0c,0xa9,0x0c,0x0f,0x9f,0x0c,0x11,0xaa,0x0c,0x12,0xa1,0x0c,0x13,0xa2,0x0c,0x14,0xab,0x0c,
    0x15,0xa4,0x0c,0x16,0xa5,0x0c,0x17,0xac,0x0c,0x18,0xad,0x0c,0x19,0xa8,0x0c,0x1a,0xae,0x0c,0x1b,0xaf,0x0c,0x1d,0xb0,0x0c,
    0x1e,0xb1,0x0c,0x1f,0xb2,0x0c,0x23,0xb3,0x0c,0x1a,0xae,0x0c,0x1b,0xaf,0x0c,0x0f,0xb4,0x0c,0x10,0xb5,0x0c,0x12,0xb6,0x0c,
    0x14,0x5d,0x00,0x15,0xb7,0x0c,0x17,0xb8,0x0c,0x18,0xb9,0x0c,0x0f,0xba,0x0c,0x10,0xbb,0x0c,0x14,0xbc,0x0c,0x15,0xb7,0x0c,
    0x17,0xbd,0x0c,0x18,0xb9,0x0c,0x0a,0xbe,0x0c,0x0b,0xbf,0x0c,0x0c,0x9b,0x0a,0x00,0x5d,0x00,0x01,0xc0,0x0c,0x02,0xc1,0x0c,
    0x03,0xc2,0x0c,0x04,0xc3,0x0c,0x06,0xc4,0x0c,0x07,0xc5,0x0c,0x08,0xc6,0x0c,0x09,0xc7,0x0c,0x0a,0xc8,0x0c,0x0b,0x5d,0x00,
    0x0c,0x74,0x00,0x0d,0xc9,0x0c,0x0e,0xca,0x0c,0x0f,0xcb,0x0c,0x10,0xcc,0x0c,0x11,0x5d,0x00,0x12,0x5d,0x00,0x13,0xcd,0x0c,
    0x14,0xce,0x0c,0x15,0xcf,0x0c,0x16,0xd0,0x0c,0x17,0x5d,0x00,0x18,0x5d,0x00,0x19,0xd1,0x0c,0x1a,0xd2,0x0c,0x1d,0x5d,0x00,
    0x00,0x5d,0x00,0x01,0xc0,0x0c,0x02,0xc1,0x0c,0x03,0xc2,0x0c,0x04,0xc3,0x0c,0x06,0xc4,0x0c,0x07,0xc5,0x0c,0x08,0xd3,0x0c,
    0x09,0xc7,0x0c,0x0a,0xc8,0x0c,0x0b,0x5d,0x00,0x0c,0x74,0x00,0x0d,0xc9,0x0c,0x0e,0xd4,0x0c,0x0f,0xcb,0x0c,0x10,0xcc,0x0c,
    0x11,0x5d,0x00,0x12,0x5d,0x00,0x13,0xcd,0x0c,0x14,0xce,0x0c,0x15,0xcf,0x0c,0x16,0xd0,0x0c,0x17,0x5d,0x00,0x18,0x5d,0x00,
    0x19,0xd1,0x0c,0x1a,0xd2,0x0c,0x1d,0x5d,0x00,0x0a,0xd5,0x0c,0x0b,0x5d,0x00,0x10,0xd6,0x0c,0x11,0x5d,0x00,0x16,0xd7,0x0c,
    0x17,0x5d,0x00,0x1d,0x5d,0x00,0x00,0x5d,0x00,0x01,0xd8,0x0c,0x04,0x5d,0x00,0x05,0x5d,0x00,0x06,0x5d,0x00,0x07,0xd9,0x0c,
    0x08,0xda,0x0c,0x0b,0x5d,0x00,0x0c,0x5d,0x00,0x0d,0x5d,0x00,0x0e,0xdb,0x0c,0x0f,0xdc,0x0c,0x11,0xdd,0x0c,0x12,0xde,0x0c,
    0x13,0x77,0x04,0x14,0x5d,0x00,0x15,0xdf,0x0c,0x16,0xe0,0x0c,0x18,0xe1,0x0c,0x19,0xe2,0x0c,0x1a,0xe3,0x0c,0x1b,0x5d,0x00,
    0x1c,0xe4,0x0c,0x1f,0xe5,0x0c,0x20,0xe6,0x0c,0x21,0xe7,0x0c,0x26,0xe8,0x0c,0x0f,0xe9,0x0c,0x10,0xea,0x0c,0x15,0x5d,0x00,
    0x16,0xeb,0x0c,0x17,0xec,0x0c,0x1d,0xed,0x0c,0x1e,0xee,0x0c,0x09,0xef,0x0c,0x08,0xf0,0x0c,0x09,0xf1,0x0c,0x0a,0xf2,0x0c,
    0x0b,0xf3,0x0c,0x0c,0xf4,0x0c,0x0f,0xf5,0x0c,0x10,0xf6,0x0c,0x12,0xf7,0x0c,0x13,0xf8,0x0c,0x14,0xf9,0x0c,0x19,0xfa,0x0c,
    0x1a,0xfb,0x0c,0x08,0xfc,0x0c,0x09,0xfd,0x0c,0x0a,0xfe,0x0c,0x0b,0xff,0x0c,0x0c,0x00,0x0d,0x0f,0x01,0x0d,0x10,0x02,0x0d,
    0x12,0x03,0x0d,0x13,0x04,0x0d,0x14,0x05,0x0d,0x19,0x06,0x0d,0x1a,0x07,0x0d,0x09,0x08,0x0d,0x10,0x09,0x0d,0x10,0x0a,0x0d,
    0x10,0x0a,0x0d,0x05,0x0b,0x0d,0x06,0x0c,0x0d,0x07,0x0d,0x0d,0x08,0x0e,0x0d,0x0b,0x0f,0x0d,0x0c,0x10,0x0d,0x0d,0x11,0x0d,
    0x0e,0x12,0x0d,0x0f,0x13,0x0d,0x10,0x14,0x0d,0x12,0x15,0x0d,0x13,0x16,0x0d,0x14,0x17,0x0d,0x19,0x18,0x0d,0x1a,0x19,0x0d,
    0x24,0x1a,0x0d,0x02,0x1b,0x0d,0x03,0x1c,0x0d,0x04,0x1d,0x0d,0x05,0x1e,0x0d,0x06,0x0c,0x0d,0x07,0x0d,0x0d,0x08,0x0e,0x0d,
    0x09,0x5d,0x00,0x0a,0x1f,0x0d,0x0b,0x20,0x0d,0x0c,0x10,0x0d,0x0d,0x11,0x0d,0x0e,0x12,0x0d,0x0f,0x13,0x0d,0x10,0x21,0x0d,
    0x11,0x22,0x0d,0x12,0x15,0x0d,0x13,0x16,0x0d,0x14,0x23,0x0d,0x19,0x18,0x0d,0x1a,0x24,0x0d,0x1b,0x5d,0x00,0x21,0x25,0x0d,
    0x22,0x5d,0x00,0x24,0x1a,0x0d,0x02,0x5d,0x00,0x03,0x26,0x0d,0x04,0x27,0x0d,0x05,0x0b,0x0d,0x06,0x0c,0x0d,0x07,0x0d,0x0d,
    0x08,0x0e,0x0d,0x09,0x28,0x0d,0x0a,0x29,0x0d,0x0b,0x2a,0x0d,0x0c,0x10,0x0d,0x0d,0x11,0x0d,0x0e,0x12,0x0d,0x0f,0x13,0x0d,
    0x10,0x2b,0x0d,0x11,0x2c,0x0d,0x12,0x15,0x0d,0x13,0x16,0x0d,0x14,0x23,0x0d,0x19,0x18,0x0d,0x1a,0x2d,0x0d,0x1b,0x2e,0x0d,
    0x24,0x1a,0x0d,0x05,0x0b,0x0d,0x06,0x0c,0x0d,0x07,0x0d,0x0d,0x08,0x0e,0x0d,0x0b,0x0f,0x0d,0x0c,0x10,0x0d,0x0d,0x11,0x0d,
    0x0e,0x12,0x0d,0x0f,0x13,0x0d,0x10,0x14,0x0d,0x12,0x15,0x0d,0x13,0x16,0x0d,0x14,0x17,0x0d,0x19,0x18,0x0d,0x1a,0x19,0x0d,
    0x1e,0x2f,0x0d,0x24,0x1a,0x0d,0x25,0x30,0x0d,0x05,0x0b,0x0d,0x06,0x0c,0x0d,0x07,0x0d,0x0d,0x08,0x0e,0x0d,0x0b,0x0f,0x0d,
    0x0c,0x10,0x0d,0x0d,0x11,0x0d,0x0e,0x12,0x0d,0x0f,0x13,0x0d,0x10,0x14,0x0d,0x12,0x15,0x0d,0x13,0x16,0x0d,0x14,0x17,0x0d,
    0x19,0x18,0x0d,0x1a,0x19,0x0d,0x00,0x31,0x0d,0x01,0x32,0x0d,0x02,0x33,0x0d,0x03,0x34,0x0d,0x04,0x35,0x0d,0x07,0x36,0x0d,
    0x08,0x37,0x0d,0x09,0x38,0x0d,0x0a,0x39,0x0d,0x0b,0x3a,0x0d,0x0e,0x3b,0x0d,0x0f,0x3c,0x0d,0x10,0x3d,0x0d,0x11,0x3e,0x0d,
    0x12,0x3f,0x0d,0x16,0x40,0x0d,0x17,0x41,0x0d,0x18,0x42,0x0d,0x19,0x43,0x0d,0x1c,0x44,0x0d,0x1d,0x45,0x0d,0x23,0x46,0x0d,
    0x00,0x31,0x0d,0x01,0x47,0x0d,0x02,0x48,0x0d,0x03,0x34,0x0d,0x04,0x49,0x0d,0x05,0x4a,0x0d,0x07,0x36,0x0d,0x08,0x4b,0x0d,
    0x09,0x4c,0x0d,0x0a,0x39,0x0d,0x0b,0x4d,0x0d,0x0c,0x4e,0x0d,0x0d,0x4f,0x0d,0x0e,0x3b,0x0d,0x0f,0x50,0x0d,0x10,0x51,0x0d,
    0x11,0x3e,0x0d,0x12,0x3f,0x0d,0x14,0x52,0x0d,0x15,0x53,0x0d,0x16,0x54,0x0d,0x17,0x41,0x0d,0x18,0x42,0x0d,0x19,0x43,0x0d,
    0x1a,0x55,0x0d,0x1b,0x56,0x0d,0x1c,0x44,0x0d,0x1d,0x57,0x0d,0x1e,0x58,0x0d,0x22,0x59,0x0d,0x23,0x46,0x0d,0x00,0x31,0x0d,
    0x01,0x32,0x0d,0x02,0x33,0x0d,0x03,0x34,0x0d,0x04,0x35,0x0d,0x07,0x36,0x0d,0x08,0x4b,0x0d,0x09,0x4c,0x0d,0x0a,0x39,0x0d,
    0x0b,0x3a,0x0d,0x0e,0x3b,0x0d,0x0f,0x50,0x0d,0x10,0x51,0x0d,0x11,0x3e,0x0d,0x12,0x3f,0x0d,0x16,0x40,0x0d,0x17,0x41,0x0d,
    0x18,0x42,0x0d,0x19,0x43,0x0d,0x1c,0x44,0x0d,0x1d,0x45,0x0d,0x23,0x46,0x0d,0x00,0x5a,0x0d,0x01,0x5b,0x0d,0x02,0x5d,0x00,
    0x04,0x5c,0x0d,0x05,0x5d,0x0d,0x06,0x5e,0x0d,0x08,0x5f,0x0d,0x0d,0x60,0x0d,0x14,0x61,0x0d,0x1a,0x62,0x0d,0x1b,0x63,0x0d,
    0x21,0x64,0x0d,0x22,0x65,0x0d,0x28,0x66,0x0d,0x29,0x67,0x0d,0x2e,0x68,0x0d,0x2f,0x69,0x0d,0x30,0x5d,0x00,0x07,0x6a,0x0d,
    0x08,0x6b,0x0d,0x09,0x6c,0x0d,0x0e,0x6d,0x0d,0x0f,0x6e,0x0d,0x10,0x6f,0x0d,0x15,0x70,0x0d,0x16,0x71,0x0d,0x17,0x72,0x0d,
    0x1c,0x73,0x0d,0x1d,0x74,0x0d,0x00,0x5a,0x0d,0x01,0x5b,0x0d,0x02,0x5d,0x00,0x04,0x5c,0x0d,0x05,0x5d,0x0d,0x06,0x5e,0x0d,
    0x07,0x6a,0x0d,0x08,0x6b,0x0d,0x09,0x6c,0x0d,0x0d,0x60,0x0d,0x0e,0x6d,0x0d,0x0f,0x6e,0x0d,0x10,0x6f,0x0d,0x14,0x61,0x0d,
    0x15,0x70,0x0d,0x16,0x71,0x0d,0x17,0x72,0x0d,0x1a,0x62,0x0d,0x1b,0x63,0x0d,0x1c,0x73,0x0d,0x1d,0x74,0x0d,0x21,0x64,0x0d,
    0x22,0x65,0x0d,0x28,0x66,0x0d,0x29,0x67,0x0d,0x2e,0x68,0x0d,0x2f,0x69,0x0d,0x30,0x5d,0x00,0x00,0x5a,0x0d,0x01,0x5b,0x0d,
    0x02,0x5d,0x00,0x07,0x6a,0x0d,0x08,0x6b,0x0d,0x09,0x6c,0x0d,0x0e,0x6d,0x0d,0x0f,0x6e,0x0d,0x10,0x6f,0x0d,0x15,0x70,0x0d,
    0x16,0x71,0x0d,0x17,0x72,0x0d,0x1c,0x73,0x0d,0x1d,0x74,0x0d,0x21,0x75,0x0d,0x22,0x5d,0x00,0x28,0x76,0x0d,0x29,0x61,0x0d,
    0x2e,0x68,0x0d,0x2f,0x77,0x0d,0x30,0x77,0x0d,0x1c,0x78,0x0d,0x1d,0x79,0x0d,0x21,0x75,0x0d,0x22,0x5d,0x00,0x28,0x76,0x0d,
    0x29,0x61,0x0d,0x2e,0x68,0x0d,0x2f,0x77,0x0d,0x30,0x77,0x0d,0x16,0x7a,0x0d,0x00,0x5a,0x0d,0x01,0x5b,0x0d,0x02,0x5d,0x00,
    0x04,0x5c,0x0d,0x05,0x5d,0x0d,0x06,0x5e,0x0d,0x08,0x5f,0x0d,0x0d,0x60,0x0d,0x14,0x61,0x0d,0x16,0x7a,0x0d,0x1a,0x62,0x0d,
    0x1b,0x63,0x0d,0x06,0x7b,0x0d,0x07,0x7c,0x0d,0x0c,0x7d,0x0d,0x00,0x7e,0x0d,0x01,0x7f,0x0d,0x05,0x5d,0x00,0x06,0x80,0x0d,
    0x08,0x81,0x0d,0x0a,0x82,0x0d,0x0b,0x83,0x0d,0x00,0x84,0x0d,0x01,0x85,0x0d,0x05,0x86,0x0d,0x06,0x87,0x0d,0x0a,0x88,0x0d,
    0x0b,0x89,0x0d,0x08,0x81,0x0d,0x0e,0x8a,0x0d,0x00,0x5d,0x00,0x01,0x8b,0x0d,0x06,0x8c,0x0d,0x07,0x8d,0x0d,0x0c,0x8e,0x0d,
    0x0d,0x8f,0x0d,0x0e,0x8a,0x0d,0x12,0x90,0x0d,0x13,0x91,0x0d,0x18,0x92,0x0d,0x19,0x93,0x0d,0x00,0x5d,0x00,0x06,0x94,0x0d,
    0x07,0x95,0x0d,0x0c,0x96,0x0d,0x0d,0x8f,0x0d,0x0e,0x8a,0x0d,0x12,0x97,0x0d,0x13,0x5d,0x00,0x18,0x98,0x0d,0x19,0x99,0x0d,
    0x1e,0x9a,0x0d,0x1f,0x9b,0x0d,0x08,0x9c,0x0d,0x09,0x9d,0x0d,0x00,0x5d,0x00,0x01,0x8b,0x0d,0x06,0x8c,0x0d,0x07,0x8d,0x0d,
    0x0c,0x8e,0x0d,0x0d,0x8f,0x0d,0x12,0x90,0x0d,0x13,0x91,0x0d,0x18,0x92,0x0d,0x19,0x93,0x0d,0x00,0x5d,0x00,0x06,0x94,0x0d,
    0x07,0x95,0x0d,0x0c,0x96,0x0d,0x0d,0x8f,0x0d,0x12,0x97,0x0d,0x13,0x5d,0x00,0x18,0x98,0x0d,0x19,0x99,0x0d,0x1e,0x9a,0x0d,
    0x1f,0x9b,0x0d,0x05,0x9e,0x0d,0x06,0x9f,0x0d,0x07,0xa0,0x0d,0x08,0xa1,0x0d,0x09,0xa2,0x0d,0x0c,0xa3,0x0d,0x0d,0xa4,0x0d,
    0x0e,0x5d,0x00,0x0f,0xa5,0x0d,0x10,0xa6,0x0d,0x13,0xa7,0x0d,0x14,0xa8,0x0d,0x09,0xa9,0x0d,0x10,0xaa,0x0d,0x11,0xab,0x0d,
    0x18,0xac,0x0d,0x24,0xad,0x0d,0x2a,0x2c,0x05,0x2b,0xae,0x0d,0x2c,0xaf,0x0d,0x2d,0xb0,0x0d,0x05,0x9e,0x0d,0x06,0x9f,0x0d,
    0x07,0xa0,0x0d,0x08,0xa1,0x0d,0x09,0xb1,0x0d,0x0a,0xb2,0x0d,0x0c,0xa3,0x0d,0x0d,0xa4,0x0d,0x0e,0x5d,0x00,0x0f,0xa5,0x0d,
    0x10,0xaa,0x0d,0x11,0xab,0x0d,0x13,0xa7,0x0d,0x14,0xa8,0x0d,0x18,0xac,0x0d,0x1f,0xb3,0x0d,0x20,0xb4,0x0d,0x21,0xb5,0x0d,
    0x28,0x5d,0x00,0x09,0xa9,0x0d,0x0a,0xb2,0x0d,0x10,0xb6,0x0d,0x11,0xab,0x0d,0x18,0xac,0x0d,0x1f,0xb3,0x0d,0x20,0xb4,0x0d,
    0x21,0xb5,0x0d,0x24,0xad,0x0d,0x28,0x5d,0x00,0x2a,0x2c,0x05,0x2b,0xae,0x0d,0x2c,0xaf,0x0d,0x2d,0xb0,0x0d,0x0a,0xb2,0x0d,
    0x0a,0xb7,0x0d,0x0a,0xb8,0x0d,0x11,0xb9,0x0d,0x1e,0xba,0x0d,0x1f,0xbb,0x0d,0x20,0xbc,0x0d,0x24,0xbd,0x0d,0x25,0xbe,0x0d,
    0x26,0xbf,0x0d,0x27,0xc0,0x0d,0x28,0xc1,0x0d,0x2b,0xc2,0x0d,0x2c,0xc3,0x0d,0x2d,0xc4,0x0d,0x2e,0xc5,0x0d,0x2f,0xc6,0x0d,
    0x0a,0xb8,0x0d,0x11,0xb9,0x0d,0x0a,0xb8,0x0d,0x0e,0x5d,0x00,0x0f,0xc7,0x0d,0x11,0xb9,0x0d,0x15,0xc8,0x0d,0x16,0xc9,0x0d,
    0x17,0xca,0x0d,0x18,0xcb,0x0d,0x19,0xcc,0x0d,0x1a,0xcd,0x0d,0x1b,0xce,0x0d,0x1c,0x5d,0x00,0x1d,0xcf,0x0d,0x1e,0xba,0x0d,
    0x1f,0xbb,0x0d,0x20,0xbc,0x0d,0x21,0xd0,0x0d,0x22,0xd1,0x0d,0x24,0xbd,0x0d,0x25,0xbe,0x0d,0x26,0xbf,0x0d,0x27,0xc0,0x0d,
    0x28,0xc1,0x0d,0x2b,0xc2,0x0d,0x2c,0xc3,0x0d,0x2d,0xc4,0x0d,0x2e,0xc5,0x0d,0x2f,0xc6,0x0d,0x02,0xd2,0x0d,0x03,0xd3,0x0d,
    0x04,0xd4,0x0d,0x09,0xd5,0x0d,0x0a,0xd6,0x0d,0x0b,0xd7,0x0d,0x0e,0x5d,0x00,0x0f,0xc7,0x0d,0x10,0xd8,0x0d,0x11,0xd9,0x0d,
    0x12,0xda,0x0d,0x13,0x5d,0x00,0x15,0xc8,0x0d,0x16,0xc9,0x0d,0x17,0xca,0x0d,0x18,0xcb,0x0d,0x19,0xcc,0x0d,0x1a,0xcd,0x0d,
    0x1b,0xce,0x0d,0x1c,0x5d,0x00,0x1d,0xcf,0x0d,0x1e,0xba,0x0d,0x1f,0xbb,0x0d,0x20,0xbc,0x0d,0x21,0xd0,0x0d,0x22,0xd1,0x0d,
    0x24,0xbd,0x0d,0x25,0xbe,0x0d,0x26,0xbf,0x0d,0x27,0xc0,0x0d,0x28,0xc1,0x0d,0x2b,0xc2,0x0d,0x2c,0xc3,0x0d,0x2d,0xc4,0x0d,
    0x2e,0xc5,0x0d,0x2f,0xc6,0x0d,0x0b,0xdb,0x0d,0x0c,0xdc,0x0d,0x10,0xdd,0x0d,0x07,0xde,0x0d,0x0b,0xdf,0x0d,0x0c,0xdc,0x0d,
    0x10,0xdd,0x0d,0x01,0xe0,0x0d,0x02,0xe1,0x0d,0x04,0xe2,0x0d,0x05,0xe3,0x0d,0x06,0xe4,0x0d,0x07,0xe5,0x0d,0x08,0xe6,0x0d,
    0x09,0xe7,0x0d,0x0b,0xe8,0x0d,0x0c,0xe9,0x0d,0x0d,0xea,0x0d,0x0e,0xeb,0x0d,0x0f,0xec,0x0d,0x10,0xed,0x0d,0x11,0xee,0x0d,
    0x12,0xef,0x0d,0x13,0xf0,0x0d,0x15,0xf1,0x0d,0x16,0xf2,0x0d,0x07,0xde,0x0d,0x0b,0xf3,0x0d,0x0c,0xdc,0x0d,
};
static const pokemon_anim_frame_record_t POKEMON_ANIM_FRAMES[] = {
    {0,0},
    {0,8},
    {8,7},
    {15,5},
    {20,2},
    {22,3},
    {25,0},
    {25,3},
    {28,12},
    {40,6},
    {46,0},
    {46,3},
    {49,18},
    {67,16},
    {83,13},
    {96,2},
    {98,2},
    {100,2},
    {102,0},
    {102,5},
    {107,12},
    {119,1},
    {120,5},
    {125,0},
    {125,3},
    {128,17},
    {145,19},
    {164,19},
    {183,0},
    {183,15},
    {198,29},
    {227,4},
    {231,0},
    {231,10},
    {241,14},
    {255,4},
    {259,1},
    {260,3},
    {263,0},
    {263,17},
    {280,4},
    {284,5},
    {289,0},
    {289,24},
    {313,33},
    {346,26},
    {372,1},
    {373,0},
    {373,10},
    {383,10},
    {393,1},
    {394,0},
    {394,9},
    {403,11},
    {414,2},
    {416,2},
    {418,0},
    {418,32},
    {450,2},
    {452,0},
    {452,4},
    {456,3},
    {459,4},
    {463,4},
    {467,0},
    {467,9},
    {476,0},
    {476,23},
    {499,23},
    {522,11},
    {533,0},
    {533,9},
    {542,15},
    {557,1},
    {558,0},
    {558,18},
    {576,19},
    {595,19},
    {614,1},
    {615,0},
    {615,18},
    {633,14},
    {647,1},
    {648,0},
    {648,16},
    {664,16},
    {680,16},
    {696,3},
    {699,0},
    {699,10},
    {709,18},
    {727,2},
    {729,0},
    {729,3},
    {732,7},
    {739,7},
    {746,10},
    {756,7},
    {763,1},
    {764,0},
    {764,32},
    {796,2},
    {798,26},
    {824,2},
    {826,0},
    {826,9},
    {835,13},
    {848,13},
    {861,2},
    {863,2},
    {865,0},
    {865,12},
    {877,11},
    {888,11},
    {899,3},
    {902,3},
    {905,2},
    {907,0},
    {907,15},
    {922,18},
    {940,19},
    {959,3},
    {962,3},
    {965,0},
    {965,21},
    {986,22},
    {1008,22},
    {1030,3},
    {1033,0},
    {1033,11},
    {1044,11},
    {1055,1},
    {1056,1},
    {1057,1},
    {1058,0},
    {1058,7},
    {1065,15},
    {1080,2},
    {1082,15},
    {1097,0},
    {1097,14},
    {1111,14},
    {1125,4},
    {1129,1},
    {1130,0},
    {1130,7},
    {1137,8},
    {1145,5},
    {1150,2},
    {1152,0},
    {1152,15},
    {1167,28},
    {1195,22},
    {1217,27},
    {1244,6},
    {1250,8},
    {1258,0},
    {1258,11},
    {1269,6},
    {1275,1},
    {1276,0},
    {1276,23},
    {1299,3},
    {1302,3},
    {1305,3},
    {1308,9},
    {1317,23},
    {1340,0},
    {1340,29},
    {1369,29},
    {1398,2},
    {1400,0},
    {1400,9},
    {1409,13},
    {1422,2},
    {1424,5},
    {1429,1},
    {1430,0},
    {1430,11},
    {1441,15},
    {1456,2},
    {1458,0},
    {1458,15},
    {1473,15},
    {1488,3},
    {1491,5},
    {1496,0},
    {1496,16},
    {1512,21},
    {1533,28},
    {1561,29},
    {1590,2},
    {1592,0},
    {1592,5},
    {1597,10},
    {1607,6},
    {1613,6},
    {1619,0},
    {1619,11},
    {1630,12},
    {1642,6},
    {1648,0},
    {1648,16},
    {1664,2},
    {1666,15},
    {1681,0},
    {1681,35},
    {1716,12},
    {1728,12},
    {1740,3},
    {1743,0},
    {1743,13},
    {1756,13},
    {1769,2},
    {1771,1},
    {1772,0},
    {1772,4},
    {1776,4},
    {1780,4},
    {1784,6},
    {1790,3},
    {1793,0},
    {1793,14},
    {1807,24},
    {1831,2},
    {1833,0},
    {1833,7},
    {1840,14},
    {1854,3},
    {1857,0},
    {1857,20},
    {1877,22},
    {1899,11},
    {1910,3},
    {1913,6},
    {1919,0},
    {1919,5},
    {1924,8},
    {1932,0},
    {1932,33},
    {1965,2},
    {1967,0},
    {1967,9},
    {1976,9},
    {1985,2},
    {1987,1},
    {1988,0},
    {1988,8},
    {1996,15},
    {2011,21},
    {2032,21},
    {2053,21},
    {2074,21},
    {2095,21},
    {2116,0},
    {2116,2},
    {2118,9},
    {2127,9},
    {2136,4},
    {2140,0},
    {2140,24},
    {2164,6},
    {2170,6},
    {2176,6},
    {2182,0},
    {2182,4},
    {2186,9},
    {2195,0},
    {2195,2},
    {2197,20},
    {2217,24},
    {2241,14},
    {2255,18},
    {2273,14},
    {2287,9},
    {2296,0},
    {2296,2},
    {2298,11},
    {2309,2},
    {2311,0},
    {2311,28},
    {2339,3},
    {2342,7},
    {2349,4},
    {2353,0},
    {2353,9},
    {2362,3},
    {2365,4},
    {2369,0},
    {2369,8},
    {2377,12},
    {2389,20},
    {2409,20},
    {2429,3},
    {2432,2},
    {2434,8},
    {2442,0},
    {2442,6},
    {2448,4},
    {2452,1},
    {2453,3},
    {2456,0},
    {2456,10},
    {2466,13},
    {2479,14},
    {2493,22},
    {2515,6},
    {2521,0},
    {2521,12},
    {2533,12},
    {2545,2},
    {2547,0},
    {2547,9},
    {2556,11},
    {2567,2},
    {2569,0},
    {2569,9},
    {2578,14},
    {2592,14},
    {2606,3},
    {2609,0},
    {2609,21},
    {2630,20},
    {2650,2},
    {2652,19},
    {2671,21},
    {2692,0},
    {2692,13},
    {2705,2},
    {2707,3},
    {2710,0},
    {2710,13},
    {2723,13},
    {2736,8},
    {2744,3},
    {2747,3},
    {2750,1},
    {2751,0},
    {2751,12},
    {2763,17},
    {2780,22},
    {2802,28},
    {2830,3},
    {2833,27},
    {2860,8},
    {2868,0},
    {2868,3},
    {2871,3},
    {2874,9},
    {2883,5},
    {2888,7},
    {2895,2},
    {2897,0},
    {2897,11},
    {2908,11},
    {2919,2},
    {2921,0},
    {2921,10},
    {2931,16},
    {2947,13},
    {2960,6},
    {2966,2},
    {2968,0},
    {2968,9},
    {2977,3},
    {2980,3},
    {2983,12},
    {2995,6},
    {3001,0},
    {3001,17},
    {3018,3},
    {3021,4},
    {3025,0},
    {3025,5},
    {3030,10},
    {3040,4},
    {3044,0},
    {3044,7},
    {3051,3},
    {3054,18},
    {3072,9},
    {3081,2},
    {3083,0},
    {3083,14},
    {3097,15},
    {3112,13},
    {3125,1},
    {3126,0},
    {3126,10},
    {3136,8},
    {3144,1},
    {3145,2},
    {3147,3},
    {3150,0},
    {3150,8},
    {3158,21},
    {3179,20},
    {3199,2},
    {3201,0},
    {3201,12},
    {3213,16},
    {3229,2},
    {3231,0},
    {3231,2},
    {3233,22},
    {3255,22},
    {3277,4},
    {3281,0},
    {3281,9},
    {3290,13},
    {3303,9},
    {3312,1},
    {3313,1},
    {3314,1},
    {3315,0},
    {3315,2},
    {3317,2},
    {3319,2},
    {3321,1},
    {3322,2},
    {3324,2},
    {3326,1},
    {3327,6},
    {3333,0},
    {3333,7},
    {3340,15},
    {3355,15},
    {3370,2},
    {3372,4},
    {3376,0},
    {3376,7},
    {3383,9},
    {3392,8},
    {3400,0},
    {3400,16},
    {3416,26},
    {3442,3},
    {3445,23},
    {3468,0},
    {3468,14},
    {3482,6},
    {3488,2},
    {3490,0},
    {3490,5},
    {3495,19},
    {3514,14},
    {3528,11},
    {3539,10},
    {3549,1},
    {3550,3},
    {3553,4},
    {3557,0},
    {3557,0},
    {3557,4},
    {3561,5},
    {3566,6},
    {3572,10},
    {3582,0},
    {3582,16},
    {3598,17},
    {3615,17},
    {3632,6},
    {3638,0},
    {3638,6},
    {3644,6},
    {3650,10},
    {3660,0},
    {3660,28},
    {3688,2},
    {3690,27},
    {3717,2},
    {3719,0},
    {3719,12},
    {3731,12},
    {3743,7},
    {3750,0},
    {3750,6},
    {3756,10},
    {3766,10},
    {3776,2},
    {3778,0},
    {3778,8},
    {3786,23},
    {3809,7},
    {3816,18},
    {3834,2},
    {3836,4},
    {3840,0},
    {3840,14},
    {3854,16},
    {3870,7},
    {3877,10},
    {3887,12},
    {3899,1},
    {3900,1},
    {3901,2},
    {3903,0},
    {3903,5},
    {3908,10},
    {3918,11},
    {3929,6},
    {3935,4},
    {3939,0},
    {3939,15},
    {3954,13},
    {3967,13},
    {3980,2},
    {3982,0},
    {3982,2},
    {3984,2},
    {3986,4},
    {3990,3},
    {3993,6},
    {3999,5},
    {4004,2},
    {4006,0},
    {4006,19},
    {4025,14},
    {4039,5},
    {4044,0},
    {4044,11},
    {4055,3},
    {4058,0},
    {4058,7},
    {4065,9},
    {4074,5},
    {4079,0},
    {4079,25},
    {4104,28},
    {4132,15},
    {4147,0},
    {4147,15},
    {4162,7},
    {4169,0},
    {4169,6},
    {4175,8},
    {4183,7},
    {4190,5},
    {4195,1},
    {4196,6},
    {4202,0},
    {4202,19},
    {4221,21},
    {4242,7},
    {4249,6},
    {4255,7},
    {4262,0},
    {4262,15},
    {4277,15},
    {4292,16},
    {4308,17},
    {4325,3},
    {4328,0},
    {4328,12},
    {4340,2},
    {4342,17},
    {4359,12},
    {4371,18},
    {4389,0},
    {4389,10},
    {4399,11},
    {4410,6},
    {4416,3},
    {4419,0},
    {4419,7},
    {4426,13},
    {4439,9},
    {4448,9},
    {4457,3},
    {4460,0},
    {4460,8},
    {4468,13},
    {4481,18},
    {4499,11},
    {4510,13},
    {4523,0},
    {4523,20},
    {4543,26},
    {4569,20},
    {4589,0},
    {4589,3},
    {4592,16},
    {4608,16},
    {4624,2},
    {4626,0},
    {4626,20},
    {4646,5},
    {4651,4},
    {4655,18},
    {4673,0},
    {4673,21},
    {4694,3},
    {4697,0},
    {4697,15},
    {4712,12},
    {4724,7},
    {4731,7},
    {4738,12},
    {4750,1},
    {4751,0},
    {4751,3},
    {4754,3},
    {4757,3},
    {4760,4},
    {4764,0},
    {4764,3},
    {4767,17},
    {4784,4},
    {4788,0},
    {4788,4},
    {4792,13},
    {4805,2},
    {4807,0},
    {4807,14},
    {4821,13},
    {4834,1},
    {4835,2},
    {4837,0},
    {4837,16},
    {4853,2},
    {4855,2},
    {4857,0},
    {4857,22},
    {4879,1},
    {4880,1},
    {4881,0},
    {4881,0},
    {4881,0},
    {4881,5},
    {4886,8},
    {4894,19},
    {4913,16},
    {4929,11},
    {4940,1},
    {4941,7},
    {4948,15},
    {4963,0},
    {4963,28},
    {4991,28},
    {5019,15},
    {5034,15},
    {5049,10},
    {5059,6},
    {5065,0},
    {5065,10},
    {5075,5},
    {5080,4},
    {5084,0},
    {5084,4},
    {5088,6},
    {5094,20},
    {5114,20},
    {5134,2},
    {5136,0},
    {5136,12},
    {5148,2},
    {5150,3},
    {5153,2},
    {5155,0},
    {5155,17},
    {5172,28},
    {5200,30},
    {5230,25},
    {5255,0},
    {5255,12},
    {5267,23},
    {5290,18},
    {5308,1},
    {5309,0},
    {5309,7},
    {5316,10},
    {5326,5},
    {5331,0},
    {5331,19},
    {5350,19},
    {5369,2},
    {5371,0},
    {5371,13},
    {5384,13},
    {5397,13},
    {5410,1},
    {5411,1},
    {5412,0},
    {5412,10},
    {5422,17},
    {5439,12},
    {5451,3},
    {5454,2},
    {5456,5},
    {5461,13},
    {5474,10},
    {5484,0},
    {5484,3},
    {5487,3},
    {5490,12},
    {5502,4},
    {5506,8},
    {5514,0},
    {5514,12},
    {5526,12},
    {5538,4},
    {5542,0},
    {5542,23},
    {5565,25},
    {5590,1},
    {5591,1},
    {5592,0},
    {5592,18},
    {5610,2},
    {5612,11},
    {5623,3},
    {5626,0},
    {5626,17},
    {5643,18},
    {5661,1},
    {5662,0},
    {5662,7},
    {5669,8},
    {5677,3},
    {5680,0},
    {5680,10},
    {5690,17},
    {5707,2},
    {5709,0},
    {5709,7},
    {5716,6},
    {5722,3},
    {5725,0},
    {5725,27},
    {5752,27},
    {5779,7},
    {5786,0},
    {5786,27},
    {5813,7},
    {5820,1},
    {5821,0},
    {5821,12},
    {5833,12},
    {5845,2},
    {5847,1},
    {5848,1},
    {5849,0},
    {5849,16},
    {5865,25},
    {5890,23},
    {5913,18},
    {5931,15},
    {5946,0},
    {5946,22},
    {5968,31},
    {5999,22},
    {6021,0},
    {6021,18},
    {6039,11},
    {6050,28},
    {6078,21},
    {6099,9},
    {6108,1},
    {6109,12},
    {6121,0},
    {6121,3},
    {6124,7},
    {6131,6},
    {6137,1},
    {6138,0},
    {6138,1},
    {6139,11},
    {6150,12},
    {6162,2},
    {6164,10},
    {6174,11},
    {6185,0},
    {6185,12},
    {6197,9},
    {6206,19},
    {6225,14},
    {6239,1},
    {6240,0},
    {6240,1},
    {6241,15},
    {6256,2},
    {6258,28},
    {6286,36},
    {6322,0},
    {6322,3},
    {6325,4},
    {6329,19},
    {6348,2},
    {6350,1},
};
static const pokemon_anim_run_t POKEMON_ANIM_RUNS[] = {
    {10,1},
    {20,2},
    {28,1},
    {34,2},
    {54,4},
    {60,3},
    {65,0},
    {70,5},
    {6,0},
    {14,1},
    {34,2},
    {40,1},
    {10,1},
    {45,2},
    {53,3},
    {61,4},
    {71,0},
    {81,5},
    {91,0},
    {102,5},
    {4,0},
    {12,1},
    {36,2},
    {44,1},
    {54,4},
    {64,0},
    {74,4},
    {8,3},
    {16,2},
    {24,3},
    {32,2},
    {47,1},
    {55,3},
    {85,4},
    {8,0},
    {24,1},
    {33,2},
    {42,1},
    {51,2},
    {61,1},
    {10,3},
    {19,1},
    {24,2},
    {33,1},
    {39,2},
    {49,1},
    {64,3},
    {69,4},
    {4,0},
    {38,2},
    {47,0},
    {56,1},
    {65,0},
    {74,1},
    {83,0},
    {93,1},
    {6,1},
    {46,2},
    {54,3},
    {58,1},
    {8,0},
    {16,1},
    {28,2},
    {40,1},
    {48,2},
    {56,1},
    {12,1},
    {36,2},
    {48,1},
    {4,0},
    {28,2},
    {34,0},
    {40,1},
    {46,0},
    {52,1},
    {58,0},
    {65,1},
    {6,0},
    {24,1},
    {30,0},
    {36,3},
    {42,4},
    {48,3},
    {54,0},
    {60,3},
    {66,4},
    {73,3},
    {12,0},
    {36,1},
    {2,3},
    {3,1},
    {4,2},
    {6,1},
    {8,3},
    {9,1},
    {10,2},
    {12,1},
    {14,3},
    {15,1},
    {16,2},
    {18,1},
    {20,3},
    {21,1},
    {22,2},
    {24,1},
    {26,3},
    {27,1},
    {28,2},
    {30,1},
    {32,3},
    {33,1},
    {34,2},
    {36,1},
    {38,3},
    {39,1},
    {40,2},
    {42,1},
    {44,3},
    {45,1},
    {46,2},
    {49,1},
    {59,0},
    {69,3},
    {79,0},
    {90,3},
    {2,0},
    {8,3},
    {24,0},
    {27,1},
    {31,2},
    {34,1},
    {38,0},
    {41,1},
    {45,2},
    {48,1},
    {52,0},
    {55,1},
    {59,2},
    {63,1},
    {7,1},
    {14,2},
    {21,3},
    {51,2},
    {57,3},
    {63,2},
    {69,3},
    {96,2},
    {12,0},
    {44,1},
    {50,0},
    {56,2},
    {62,0},
    {69,2},
    {2,1},
    {4,2},
    {16,3},
    {31,0},
    {36,4},
    {41,0},
    {46,4},
    {51,0},
    {57,4},
    {24,2},
    {28,0},
    {32,1},
    {36,0},
    {41,1},
    {6,1},
    {15,2},
    {40,1},
    {65,0},
    {79,3},
    {83,4},
    {87,3},
    {91,4},
    {95,3},
    {99,4},
    {103,3},
    {108,4},
    {2,0},
    {10,1},
    {20,3},
    {26,2},
    {34,1},
    {44,3},
    {50,2},
    {58,1},
    {68,3},
    {75,2},
    {8,1},
    {13,0},
    {16,2},
    {19,3},
    {22,2},
    {25,3},
    {28,2},
    {31,3},
    {34,2},
    {37,3},
    {40,2},
    {43,3},
    {46,2},
    {49,3},
    {52,2},
    {56,3},
    {76,2},
    {4,0},
    {12,4},
    {20,5},
    {28,6},
    {36,5},
    {45,6},
    {53,4},
    {60,0},
    {67,1},
    {72,2},
    {77,3},
    {84,0},
    {91,1},
    {96,2},
    {101,3},
    {108,0},
    {115,1},
    {120,2},
    {126,3},
    {7,1},
    {14,2},
    {21,3},
    {28,2},
    {36,3},
    {62,2},
    {67,0},
    {72,4},
    {77,0},
    {83,4},
    {8,0},
    {14,1},
    {20,2},
    {48,3},
    {58,2},
    {66,1},
    {7,0},
    {14,3},
    {21,0},
    {29,3},
    {49,0},
    {57,1},
    {65,2},
    {70,0},
    {75,4},
    {80,0},
    {86,4},
    {6,0},
    {20,1},
    {32,0},
    {39,4},
    {47,2},
    {59,0},
    {66,4},
    {74,2},
    {4,1},
    {23,2},
    {28,3},
    {33,0},
    {38,3},
    {43,0},
    {48,3},
    {54,0},
    {20,3},
    {26,0},
    {38,1},
    {41,0},
    {47,2},
    {53,0},
    {65,1},
    {68,0},
    {75,2},
    {5,1},
    {15,2},
    {25,3},
    {35,4},
    {45,3},
    {55,1},
    {65,0},
    {75,5},
    {12,0},
    {34,2},
    {40,0},
    {46,1},
    {52,0},
    {58,1},
    {64,0},
    {71,1},
    {10,1},
    {40,6},
    {45,0},
    {52,5},
    {68,0},
    {74,2},
    {80,3},
    {86,0},
    {92,2},
    {99,3},
    {6,0},
    {18,1},
    {54,2},
    {66,1},
    {6,2},
    {12,1},
    {18,2},
    {23,0},
    {28,3},
    {33,0},
    {38,3},
    {43,0},
    {49,3},
    {4,0},
    {14,1},
    {24,2},
    {34,1},
    {10,0},
    {15,1},
    {20,2},
    {30,0},
    {35,1},
    {41,2},
    {45,0},
    {50,3},
    {54,0},
    {60,3},
    {7,0},
    {15,1},
    {24,2},
    {33,3},
    {43,4},
    {55,3},
    {65,2},
    {73,1},
    {14,1},
    {23,2},
    {32,3},
    {38,2},
    {58,4},
    {63,3},
    {68,4},
    {73,3},
    {79,4},
    {4,0},
    {24,1},
    {32,2},
    {40,0},
    {46,2},
    {52,0},
    {56,2},
    {7,1},
    {14,2},
    {21,1},
    {28,2},
    {35,1},
    {42,2},
    {49,1},
    {57,2},
    {64,3},
    {71,0},
    {8,0},
    {17,2},
    {26,3},
    {35,2},
    {53,3},
    {61,1},
    {69,3},
    {77,1},
    {85,3},
    {94,1},
    {10,1},
    {30,2},
    {37,1},
    {42,4},
    {64,0},
    {71,3},
    {78,0},
    {86,3},
    {4,0},
    {14,1},
    {28,2},
    {48,3},
    {58,2},
    {66,3},
    {73,4},
    {80,5},
    {86,0},
    {92,5},
    {7,1},
    {32,2},
    {37,3},
    {42,1},
    {47,0},
    {52,1},
    {59,0},
    {66,1},
    {10,0},
    {24,1},
    {56,2},
    {64,1},
    {8,1},
    {18,2},
    {26,1},
    {36,0},
    {44,1},
    {54,2},
    {62,1},
    {73,0},
    {93,4},
    {97,0},
    {101,4},
    {105,0},
    {109,4},
    {113,0},
    {118,4},
    {10,2},
    {20,0},
    {30,2},
    {36,0},
    {42,1},
    {48,0},
    {52,1},
    {56,0},
    {60,1},
    {64,0},
    {68,1},
    {73,0},
    {75,1},
    {77,0},
    {79,1},
    {82,0},
    {6,0},
    {12,1},
    {18,0},
    {24,1},
    {30,0},
    {36,1},
    {42,0},
    {48,1},
    {54,0},
    {60,1},
    {66,0},
    {73,1},
    {4,3},
    {12,2},
    {21,1},
    {29,2},
    {39,1},
    {8,1},
    {16,2},
    {28,3},
    {34,4},
    {39,3},
    {45,5},
    {55,3},
    {60,6},
    {65,3},
    {70,6},
    {75,3},
    {80,6},
    {85,3},
    {106,6},
    {112,2},
    {118,1},
    {24,1},
    {38,2},
    {52,3},
    {66,2},
    {81,3},
    {12,4},
    {44,1},
    {56,0},
    {66,2},
    {74,3},
    {84,2},
    {92,3},
    {98,2},
    {8,0},
    {36,1},
    {50,0},
    {64,2},
    {78,0},
    {93,2},
    {7,1},
    {22,2},
    {30,3},
    {35,4},
    {43,3},
    {49,4},
    {72,5},
    {82,6},
    {92,5},
    {102,6},
    {112,5},
    {123,6},
    {24,1},
    {32,0},
    {40,2},
    {48,0},
    {56,2},
    {64,0},
    {73,2},
    {8,1},
    {16,4},
    {24,1},
    {32,4},
    {40,1},
    {48,4},
    {56,1},
    {64,4},
    {72,1},
    {81,4},
    {86,2},
    {111,3},
    {8,0},
    {18,2},
    {36,0},
    {44,1},
    {52,2},
    {60,1},
    {68,2},
    {76,1},
    {85,2},
    {5,1},
    {30,2},
    {40,3},
    {50,4},
    {75,7},
    {12,0},
    {36,3},
    {44,0},
    {52,1},
    {60,0},
    {69,1},
    {7,1},
    {12,2},
    {22,3},
    {32,4},
    {42,3},
    {53,4},
    {69,2},
    {24,3},
    {36,0},
    {44,1},
    {52,2},
    {60,1},
    {69,2},
    {9,0},
    {19,1},
    {28,2},
    {37,0},
    {47,1},
    {56,2},
    {65,0},
    {75,1},
    {85,2},
    {8,1},
    {14,2},
    {20,3},
    {26,2},
    {32,3},
    {38,2},
    {44,3},
    {50,2},
    {57,3},
    {69,1},
    {10,3},
    {22,1},
    {34,2},
    {46,3},
    {58,1},
    {70,2},
    {90,3},
    {12,0},
    {34,2},
    {46,0},
    {58,1},
    {70,0},
    {83,1},
    {12,1},
    {52,2},
    {62,1},
    {4,0},
    {34,1},
    {39,2},
    {42,6},
    {47,3},
    {50,4},
    {55,2},
    {58,6},
    {63,3},
    {66,4},
    {71,2},
    {74,6},
    {79,3},
    {83,4},
    {91,7},
    {8,0},
    {16,3},
    {24,0},
    {33,3},
    {41,0},
    {49,1},
    {61,2},
    {69,1},
    {77,0},
    {85,1},
    {97,2},
    {106,1},
    {5,0},
    {10,1},
    {15,2},
    {20,0},
    {25,1},
    {31,2},
    {43,3},
    {10,1},
    {35,2},
    {45,3},
    {55,4},
    {65,5},
    {9,1},
    {14,2},
    {24,4},
    {40,5},
    {15,2},
    {38,1},
    {53,2},
    {77,1},
    {85,2},
    {8,0},
    {24,1},
    {31,2},
    {38,1},
    {45,2},
    {52,1},
    {59,2},
    {67,1},
    {12,1},
    {24,2},
    {41,3},
    {65,0},
    {74,4},
    {83,0},
    {93,4},
    {8,0},
    {20,1},
    {38,2},
    {50,1},
    {62,3},
    {7,1},
    {14,2},
    {21,1},
    {28,2},
    {46,0},
    {52,3},
    {58,0},
    {64,3},
    {10,0},
    {46,2},
    {51,0},
    {56,1},
    {63,2},
    {69,0},
    {74,1},
    {81,0},
    {93,2},
    {105,3},
    {117,2},
    {129,3},
    {141,2},
    {153,3},
    {165,2},
    {178,3},
    {5,1},
    {33,2},
    {43,1},
    {4,0},
    {12,1},
    {40,0},
    {52,1},
    {62,2},
    {72,3},
    {82,2},
    {93,3},
    {117,2},
    {127,0},
    {137,4},
    {8,1},
    {16,2},
    {24,3},
    {32,0},
    {40,1},
    {48,2},
    {56,3},
    {65,0},
    {8,1},
    {16,2},
    {24,3},
    {32,4},
    {40,5},
    {48,6},
    {56,7},
    {60,1},
    {64,2},
    {68,3},
    {6,1},
    {12,2},
    {26,3},
    {32,2},
    {12,1},
    {44,2},
    {68,1},
    {76,3},
    {84,1},
    {92,3},
    {101,1},
    {10,1},
    {20,2},
    {30,4},
    {39,1},
    {6,0},
    {38,2},
    {48,0},
    {58,1},
    {68,0},
    {79,1},
    {9,1},
    {18,2},
    {27,3},
    {36,4},
    {50,5},
    {4,0},
    {16,2},
    {24,1},
    {52,2},
    {12,1},
    {24,2},
    {36,3},
    {48,1},
    {7,0},
    {14,1},
    {21,0},
    {28,1},
    {35,0},
    {43,1},
    {9,1},
    {18,2},
    {27,1},
    {37,2},
    {46,3},
    {4,0},
    {22,1},
    {46,2},
    {64,1},
    {76,0},
    {88,1},
    {10,1},
    {20,2},
    {64,3},
    {74,2},
    {84,1},
    {6,1},
    {13,4},
    {63,2},
    {72,0},
    {81,3},
    {90,0},
    {99,3},
    {108,0},
    {118,3},
    {12,1},
    {24,2},
    {36,3},
    {48,1},
    {60,2},
    {73,3},
    {85,4},
    {97,5},
    {109,6},
    {8,1},
    {16,2},
    {24,3},
    {32,4},
    {37,0},
    {42,1},
    {47,2},
    {52,3},
    {57,4},
    {15,1},
    {30,2},
    {45,3},
    {60,1},
    {75,2},
    {91,3},
    {18,5},
    {30,0},
    {34,1},
    {37,2},
    {41,3},
    {44,4},
    {50,0},
    {54,1},
    {57,2},
    {61,3},
    {65,4},
    {11,1},
    {22,2},
    {33,1},
    {45,2},
    {56,0},
    {67,2},
    {82,0},
    {97,2},
    {8,0},
    {16,1},
    {22,0},
    {26,1},
    {32,0},
    {37,1},
    {5,1},
    {45,2},
    {8,0},
    {12,1},
    {16,2},
    {20,1},
    {25,2},
    {26,0},
    {29,1},
    {32,2},
    {35,1},
    {38,2},
    {41,1},
    {45,2},
    {46,0},
    {50,1},
    {54,2},
    {62,0},
    {70,3},
    {7,1},
    {14,0},
    {21,1},
    {27,2},
    {33,0},
    {39,2},
    {45,0},
    {51,2},
    {58,0},
    {4,0},
    {23,5},
    {31,1},
    {37,2},
    {40,6},
    {42,3},
    {82,4},
    {84,3},
    {86,6},
    {94,1},
    {7,1},
    {14,2},
    {21,1},
    {28,2},
    {35,1},
    {43,2},
    {50,3},
    {57,4},
    {64,3},
    {72,4},
    {4,0},
    {28,5},
    {40,1},
    {46,2},
    {56,3},
    {62,4},
    {67,1},
    {72,2},
    {77,3},
    {82,4},
    {90,1},
    {26,1},
    {32,2},
    {38,1},
    {44,2},
    {50,1},
    {57,2},
    {72,1},
    {78,3},
    {118,1},
    {128,2},
    {16,1},
    {22,2},
    {28,3},
    {34,0},
    {40,3},
    {20,1},
    {26,2},
    {31,3},
    {41,4},
    {56,5},
    {15,1},
    {25,2},
    {35,3},
    {45,4},
    {55,2},
    {65,3},
    {76,4},
    {5,1},
    {18,2},
    {58,1},
    {8,0},
    {42,1},
    {52,4},
    {62,2},
    {64,3},
    {66,2},
    {68,3},
    {70,2},
    {72,3},
    {74,2},
    {76,3},
    {78,2},
    {80,3},
    {82,2},
    {84,3},
    {86,2},
    {88,3},
    {90,2},
    {92,3},
    {94,2},
    {96,3},
    {98,2},
    {100,3},
    {102,2},
    {104,3},
    {106,2},
    {108,3},
    {110,2},
    {112,3},
    {114,2},
    {116,3},
    {118,2},
    {120,3},
    {122,2},
    {124,3},
    {127,2},
    {6,1},
    {12,4},
    {18,1},
    {28,2},
    {33,0},
    {38,3},
    {43,0},
    {49,3},
    {36,1},
    {60,0},
    {70,2},
    {30,1},
    {40,5},
    {52,2},
    {61,3},
    {70,4},
    {79,3},
    {94,4},
    {16,1},
    {40,2},
    {43,0},
    {46,3},
    {49,0},
    {52,3},
    {55,0},
    {59,3},
    {10,0},
    {20,1},
    {30,2},
    {40,0},
    {50,1},
    {61,2},
    {30,1},
    {46,0},
    {58,2},
    {70,0},
    {82,2},
    {94,0},
    {106,2},
    {118,0},
    {130,2},
    {143,0},
    {12,0},
    {24,1},
    {36,2},
    {48,0},
    {60,1},
    {72,2},
    {84,0},
    {96,1},
    {109,2},
    {24,1},
    {32,0},
    {44,1},
    {48,2},
    {52,3},
    {56,2},
    {6,0},
    {12,1},
    {18,0},
    {24,1},
    {30,0},
    {36,1},
    {42,0},
    {48,1},
    {54,0},
    {61,1},
    {68,2},
    {75,3},
    {8,1},
    {16,2},
    {24,8},
    {32,3},
    {40,4},
    {48,5},
    {56,7},
    {88,0},
    {94,6},
    {5,1},
    {23,2},
    {29,3},
    {33,4},
    {37,5},
    {41,4},
    {45,5},
    {49,4},
    {53,5},
    {57,4},
    {61,5},
    {65,4},
    {69,5},
    {73,4},
    {77,5},
    {81,4},
    {86,5},
    {16,0},
    {32,1},
    {48,2},
    {64,1},
    {80,0},
    {96,1},
    {112,2},
    {129,1},
    {10,1},
    {12,2},
    {14,1},
    {16,2},
    {18,1},
    {21,2},
    {23,3},
    {25,4},
    {27,3},
    {29,4},
    {31,3},
    {33,4},
    {35,3},
    {39,4},
    {16,1},
    {23,2},
    {30,3},
    {37,2},
    {44,3},
    {51,2},
    {59,3},
    {12,1},
    {20,2},
    {32,3},
    {44,4},
    {56,3},
    {69,4},
    {8,0},
    {18,3},
    {46,1},
    {58,0},
    {69,2},
    {80,3},
    {91,2},
    {102,3},
    {113,2},
    {125,3},
    {132,1},
    {12,0},
    {21,1},
    {28,2},
    {37,1},
    {44,2},
    {53,1},
    {61,2},
    {11,1},
    {22,2},
    {33,1},
    {45,2},
    {10,1},
    {17,2},
    {57,3},
    {66,2},
    {76,1},
    {8,5},
    {16,1},
    {24,2},
    {30,3},
    {36,2},
    {48,0},
    {60,6},
    {72,7},
    {84,8},
    {6,1},
    {12,2},
    {19,3},
    {26,4},
    {33,3},
    {41,4},
    {51,2},
    {4,0},
    {14,1},
    {24,2},
    {34,1},
    {44,2},
    {54,1},
    {65,2},
    {5,1},
    {43,2},
    {51,1},
    {77,0},
    {83,4},
    {89,0},
    {96,4},
    {10,1},
    {18,2},
    {26,3},
    {34,2},
    {42,3},
    {50,2},
    {59,3},
    {3,1},
    {6,0},
    {9,1},
    {12,0},
    {15,1},
    {19,0},
    {44,1},
    {50,2},
    {56,1},
    {8,1},
    {30,2},
    {38,1},
    {10,1},
    {50,2},
    {56,1},
    {6,0},
    {18,2},
    {34,1},
    {46,2},
    {45,1},
    {50,2},
    {55,1},
    {61,2},
    {86,1},
    {12,2},
    {24,0},
    {40,2},
    {48,0},
    {56,1},
    {64,0},
    {72,1},
    {80,0},
    {89,1},
    {10,1},
    {53,2},
    {63,1},
    {87,0},
    {96,3},
    {105,0},
    {115,3},
    {8,5},
    {18,1},
    {28,2},
    {38,3},
    {48,1},
    {58,2},
    {69,3},
    {81,5},
    {10,1},
    {20,2},
    {30,3},
    {40,2},
    {50,3},
    {60,2},
    {71,3},
    {10,1},
    {20,5},
    {30,2},
    {40,3},
    {50,4},
    {60,0},
    {70,1},
    {80,5},
    {90,1},
    {102,0},
    {114,1},
    {7,0},
    {14,1},
    {21,0},
    {29,1},
    {38,2},
    {47,3},
    {8,1},
    {16,2},
    {24,3},
    {32,2},
    {40,1},
    {48,2},
    {56,3},
    {65,2},
    {12,1},
    {24,2},
    {36,3},
    {48,4},
    {60,3},
    {73,4},
    {85,1},
    {97,0},
    {109,1},
    {121,0},
    {133,1},
    {145,0},
    {158,1},
    {8,3},
    {12,2},
    {14,3},
    {18,2},
    {21,3},
    {23,4},
    {25,3},
    {27,4},
    {29,3},
    {31,4},
    {34,3},
    {36,5},
    {37,3},
    {39,5},
    {40,3},
    {42,5},
    {43,3},
    {45,5},
    {46,3},
    {48,5},
    {50,3},
    {64,5},
    {68,3},
    {7,1},
    {14,2},
    {20,3},
    {26,2},
    {31,3},
    {36,2},
    {39,3},
    {42,2},
    {45,3},
    {48,2},
    {51,3},
    {55,2},
    {80,3},
    {100,2},
    {125,3},
    {146,2},
    {161,0},
    {176,4},
};
static const pokemon_anim_record_t POKEMON_ANIM_SPECIES[] = {
    {0,0,8,70,40,6,3,0,33,34},
    {6,8,4,40,48,4,2,3,41,44},
    {10,12,8,102,56,8,1,4,54,52},
    {18,20,7,74,40,5,3,4,34,36},
    {23,27,7,85,48,5,3,1,45,47},
    {28,34,6,61,56,4,0,0,56,56},
    {32,40,8,69,40,6,2,2,35,37},
    {38,48,8,93,48,4,2,1,46,47},
    {42,56,4,58,56,5,0,0,56,56},
    {47,60,6,56,40,4,7,10,27,29},
    {51,66,3,48,40,5,7,3,28,35},
    {56,69,8,65,56,3,1,3,53,52},
    {59,77,10,73,40,5,8,1,30,38},
    {64,87,2,36,40,2,8,1,24,38},
    {66,89,36,90,56,4,0,0,56,56},
    {70,125,14,63,40,4,0,2,40,35},
    {74,139,8,96,48,5,0,4,48,43},
    {79,147,6,69,56,4,4,0,50,55},
    {83,153,9,57,40,5,3,0,34,38},
    {88,162,5,41,48,4,0,4,48,44},
    {92,167,12,108,40,7,2,2,38,35},
    {99,179,10,75,56,5,0,0,55,53},
    {104,189,17,76,40,6,0,0,40,39},
    {110,206,19,126,56,7,0,1,56,55},
    {117,225,10,83,40,6,1,0,39,38},
    {123,235,6,66,56,5,2,2,54,54},
    {128,241,11,86,40,6,2,1,36,39},
    {134,252,8,74,48,5,0,1,48,47},
    {139,260,8,54,40,5,1,2,36,35},
    {144,268,9,75,48,5,1,2,46,45},
    {149,277,8,75,56,7,0,0,56,56},
    {156,285,8,71,40,4,3,3,35,36},
    {160,293,10,99,48,7,0,0,48,48},
    {167,303,4,66,56,4,0,0,56,56},
    {171,307,9,49,40,6,1,2,37,38},
    {177,316,4,34,48,4,0,2,47,45},
    {181,320,10,60,48,5,2,4,45,43},
    {186,330,8,73,56,6,2,0,54,56},
    {192,338,9,79,40,5,3,1,37,37},
    {197,347,7,56,48,4,2,1,46,47},
    {201,354,10,71,40,4,1,0,39,40},
    {205,364,10,94,56,5,0,0,56,55},
    {210,374,8,86,40,5,6,3,30,31},
    {215,382,10,92,48,6,2,2,45,44},
    {221,392,8,66,56,4,5,8,48,46},
    {225,400,4,64,40,4,0,7,40,32},
    {229,404,15,118,56,6,2,0,52,54},
    {235,419,16,82,40,3,1,0,39,40},
    {238,435,12,73,56,3,1,0,54,55},
    {241,447,5,39,40,5,2,11,37,28},
    {246,452,16,118,56,8,3,11,52,44},
    {254,468,5,81,40,5,0,1,40,39},
    {259,473,8,98,56,5,1,0,53,56},
    {264,481,6,93,40,3,2,0,37,40},
    {267,487,12,123,56,8,1,1,55,55},
    {275,499,7,73,40,4,0,0,40,40},
    {279,506,12,111,56,5,3,0,52,56},
    {284,518,9,85,40,4,0,0,40,40},
    {288,527,5,75,56,8,0,0,55,56},
    {296,532,6,69,40,5,4,1,35,38},
    {301,538,7,69,48,6,0,0,48,46},
    {307,545,6,69,56,4,1,6,55,48},
    {311,551,9,85,40,4,0,0,39,40},
    {315,560,10,69,48,5,0,1,48,47},
    {320,570,7,90,56,6,0,0,56,55},
    {326,577,6,83,40,4,0,0,40,40},
    {330,583,3,62,56,7,0,0,56,56},
    {337,586,15,91,56,8,0,0,56,56},
    {345,601,12,106,40,7,0,1,40,39},
    {352,613,7,43,48,4,1,3,47,45},
    {356,620,5,65,56,6,0,1,54,55},
    {362,625,4,40,40,6,1,1,39,39},
    {368,629,5,85,48,4,0,1,48,47},
    {372,634,8,67,40,4,0,3,40,33},
    {376,642,7,93,48,6,0,0,48,48},
    {382,649,5,62,48,5,0,2,48,46},
    {387,654,8,64,48,6,0,1,47,47},
    {393,662,16,178,56,5,0,0,56,56},
    {398,678,3,43,40,4,1,3,38,37},
    {402,681,11,137,56,5,0,3,56,52},
    {407,692,8,65,40,7,4,8,34,24},
    {414,700,10,68,48,9,0,1,48,47},
    {423,710,4,32,48,6,0,3,48,44},
    {429,714,7,101,40,4,0,0,38,40},
    {433,721,4,39,56,5,0,0,56,56},
    {438,725,6,79,48,4,0,0,48,48},
    {442,731,5,50,56,10,1,0,55,56},
    {452,736,4,52,40,5,0,1,40,39},
    {457,740,4,48,56,5,1,4,54,51},
    {462,744,6,43,40,4,1,2,38,37},
    {466,750,5,46,56,5,0,0,55,56},
    {471,755,6,88,56,4,5,5,46,48},
    {475,761,5,84,48,5,0,0,47,47},
    {480,766,9,118,48,7,0,0,48,48},
    {487,775,9,109,56,9,1,2,55,54},
    {496,784,9,57,48,6,0,0,48,48},
    {502,793,6,91,56,5,0,1,54,54},
    {507,799,11,65,40,8,0,1,40,39},
    {515,810,8,97,56,4,0,2,56,54},
    {519,818,6,37,40,3,8,8,25,25},
    {522,824,2,45,40,4,1,3,36,35},
    {526,826,17,70,56,4,1,2,54,52},
    {530,843,9,58,56,3,4,1,50,55},
    {533,852,10,94,40,7,0,0,40,40},
    {540,862,10,72,48,6,0,0,48,48},
    {546,872,11,90,56,6,0,1,56,54},
    {552,883,10,128,48,6,1,0,45,48},
    {558,893,5,40,56,5,0,0,56,55},
    {563,898,5,56,48,6,8,0,40,48},
    {569,903,7,76,56,6,6,0,50,56},
    {575,910,3,58,56,4,1,5,55,51},
    {579,913,36,127,56,5,0,0,54,56},
    {584,949,8,49,48,5,1,1,47,46},
    {589,957,3,70,48,3,2,2,44,45},
    {592,960,7,94,56,7,0,0,56,56},
    {599,967,8,59,40,5,2,4,32,35},
    {604,975,6,61,48,4,1,1,47,46},
    {608,981,10,143,48,4,1,1,46,46},
    {612,991,9,109,56,5,1,0,55,55},
    {617,1000,6,56,48,4,3,4,42,42},
    {621,1006,12,75,48,6,1,1,47,46},
    {627,1018,9,94,48,9,0,0,48,48},
    {636,1027,17,86,56,7,0,0,56,56},
    {643,1044,8,129,48,4,0,3,47,44},
    {647,1052,14,39,48,6,0,0,48,48},
    {653,1066,7,59,48,5,0,0,48,48},
    {658,1073,6,69,56,5,0,3,56,53},
    {663,1079,11,132,56,5,1,1,53,54},
    {668,1090,7,61,48,4,0,3,46,45},
    {672,1097,4,45,56,4,0,0,56,56},
    {676,1101,5,76,56,6,2,0,53,55},
    {682,1106,9,84,40,9,2,3,38,34},
    {691,1115,7,51,40,6,1,0,38,39},
    {697,1122,7,65,48,4,0,0,48,48},
    {701,1129,7,96,48,5,0,0,48,47},
    {706,1136,7,59,48,5,0,1,47,46},
    {711,1143,9,56,48,4,1,7,46,39},
    {715,1152,3,38,40,4,2,1,36,39},
    {719,1155,3,56,48,4,0,0,48,48},
    {723,1158,4,46,40,4,0,6,39,30},
    {727,1162,5,86,48,4,0,0,48,48},
    {731,1167,9,89,56,4,0,0,56,55},
    {735,1176,7,115,56,6,0,2,56,52},
    {741,1183,8,81,56,6,0,0,56,56},
    {747,1191,7,71,56,4,0,0,56,56},
    {751,1198,11,114,56,8,0,0,55,56},
    {759,1209,6,47,40,5,3,1,37,38},
    {764,1215,8,65,48,7,0,0,47,47},
    {771,1223,13,158,56,6,0,0,56,56},
    {777,1236,23,68,56,6,1,0,53,56},
    {783,1259,18,176,40,6,1,0,38,40},
};
